label,message,message_length,label_encoded,message_clean
ham,"Go until jurong point, crazy.. Available only in bugis n great world la e buffet... Cine there got amore wat...",111,0,"go until jurong point, crazy.. available only in bugis n great world la e buffet... cine there got amore wat..."
ham,Ok lar... Joking wif u oni...,29,0,ok lar... joking wif u oni...
spam,Free entry in 2 a wkly comp to win FA Cup final tkts 21st May 2005. Text FA to 87121 to receive entry question(std txt rate)T&C's apply 08452810075over18's,155,1,free entry in 2 a wkly comp to win fa cup final tkts 21st may 2005. text fa to 87121 to receive entry question(std txt rate)t&c's apply 08452810075over18's
ham,U dun say so early hor... U c already then say...,49,0,u dun say so early hor... u c already then say...
ham,"Nah I don't think he goes to usf, he lives around here though",61,0,"nah i don't think he goes to usf, he lives around here though"
spam,"FreeMsg Hey there darling it's been 3 week's now and no word back! I'd like some fun you up for it still? Tb ok! XxX std chgs to send, £1.50 to rcv",147,1,"freemsg hey there darling it's been 3 week's now and no word back! i'd like some fun you up for it still? tb ok! xxx std chgs to send, £1.50 to rcv"
ham,Even my brother is not like to speak with me. They treat me like aids patent.,77,0,even my brother is not like to speak with me. they treat me like aids patent.
ham,As per your request 'Melle Melle (Oru Minnaminunginte Nurungu Vettam)' has been set as your callertune for all Callers. Press *9 to copy your friends Callertune,160,0,as per your request 'melle melle (oru minnaminunginte nurungu vettam)' has been set as your callertune for all callers. press *9 to copy your friends callertune
spam,WINNER!! As a valued network customer you have been selected to receivea £900 prize reward! To claim call 09061701461. Claim code KL341. Valid 12 hours only.,157,1,winner!! as a valued network customer you have been selected to receivea £900 prize reward! to claim call 09061701461. claim code kl341. valid 12 hours only.
spam,Had your mobile 11 months or more? U R entitled to Update to the latest colour mobiles with camera for Free! Call The Mobile Update Co FREE on 08002986030,154,1,had your mobile 11 months or more? u r entitled to update to the latest colour mobiles with camera for free! call the mobile update co free on 08002986030
ham,"I'm gonna be home soon and i don't want to talk about this stuff anymore tonight, k? I've cried enough today.",109,0,"i'm gonna be home soon and i don't want to talk about this stuff anymore tonight, k? i've cried enough today."
spam,"SIX chances to win CASH! From 100 to 20,000 pounds txt> CSH11 and send to 87575. Cost 150p/day, 6days, 16+ TsandCs apply Reply HL 4 info",136,1,"six chances to win cash! from 100 to 20,000 pounds txt> csh11 and send to 87575. cost 150p/day, 6days, 16+ tsandcs apply reply hl 4 info"
spam,"URGENT! You have won a 1 week FREE membership in our £100,000 Prize Jackpot! Txt the word: CLAIM to No: 81010 T&C www.dbuk.net LCCLTD POBOX 4403LDNW1A7RW18",155,1,"urgent! you have won a 1 week free membership in our £100,000 prize jackpot! txt the word: claim to no: 81010 t&c www.dbuk.net lccltd pobox 4403ldnw1a7rw18"
ham,I've been searching for the right words to thank you for this breather. I promise i wont take your help for granted and will fulfil my promise. You have been wonderful and a blessing at all times.,196,0,i've been searching for the right words to thank you for this breather. i promise i wont take your help for granted and will fulfil my promise. you have been wonderful and a blessing at all times.
ham,I HAVE A DATE ON SUNDAY WITH WILL!!,35,0,i have a date on sunday with will!!
spam,"XXXMobileMovieClub: To use your credit, click the WAP link in the next txt message or click here>> http://wap. xxxmobilemovieclub.com?n=QJKGIGHJJGCBL",149,1,"xxxmobilemovieclub: to use your credit, click the wap link in the next txt message or click here>> http://wap. xxxmobilemovieclub.com?n=qjkgighjjgcbl"
ham,Oh k...i'm watching here:),26,0,oh k...i'm watching here:)
ham,Eh u remember how 2 spell his name... Yes i did. He v naughty make until i v wet.,81,0,eh u remember how 2 spell his name... yes i did. he v naughty make until i v wet.
ham,Fine if thats the way u feel. Thats the way its gota b,56,0,fine if thats the way u feel. thats the way its gota b
spam,"England v Macedonia - dont miss the goals/team news. Txt ur national team to 87077 eg ENGLAND to 87077 Try:WALES, SCOTLAND 4txt/ú1.20 POBOXox36504W45WQ 16+",155,1,"england v macedonia - dont miss the goals/team news. txt ur national team to 87077 eg england to 87077 try:wales, scotland 4txt/ú1.20 poboxox36504w45wq 16+"
ham,Is that seriously how you spell his name?,41,0,is that seriously how you spell his name?
ham,I‘m going to try for 2 months ha ha only joking,47,0,i‘m going to try for 2 months ha ha only joking
ham,So ü pay first lar... Then when is da stock comin...,52,0,so ü pay first lar... then when is da stock comin...
ham,Aft i finish my lunch then i go str down lor. Ard 3 smth lor. U finish ur lunch already?,88,0,aft i finish my lunch then i go str down lor. ard 3 smth lor. u finish ur lunch already?
ham,Ffffffffff. Alright no way I can meet up with you sooner?,57,0,ffffffffff. alright no way i can meet up with you sooner?
ham,Just forced myself to eat a slice. I'm really not hungry tho. This sucks. Mark is getting worried. He knows I'm sick when I turn down pizza. Lol,144,0,just forced myself to eat a slice. i'm really not hungry tho. this sucks. mark is getting worried. he knows i'm sick when i turn down pizza. lol
ham,Lol your always so convincing.,30,0,lol your always so convincing.
ham,Did you catch the bus ? Are you frying an egg ? Did you make a tea? Are you eating your mom's left over dinner ? Do you feel my Love ?,134,0,did you catch the bus ? are you frying an egg ? did you make a tea? are you eating your mom's left over dinner ? do you feel my love ?
ham,"I'm back &amp; we're packing the car now, I'll let you know if there's room",75,0,"i'm back &amp; we're packing the car now, i'll let you know if there's room"
ham,Ahhh. Work. I vaguely remember that! What does it feel like? Lol,64,0,ahhh. work. i vaguely remember that! what does it feel like? lol
ham,"Wait that's still not all that clear, were you not sure about me being sarcastic or that that's why x doesn't want to live with us",130,0,"wait that's still not all that clear, were you not sure about me being sarcastic or that that's why x doesn't want to live with us"
ham,Yeah he got in at 2 and was v apologetic. n had fallen out and she was actin like spoilt child and he got caught up in that. Till 2! But we won't go there! Not doing too badly cheers. You? ,189,0,yeah he got in at 2 and was v apologetic. n had fallen out and she was actin like spoilt child and he got caught up in that. till 2! but we won't go there! not doing too badly cheers. you? 
ham,K tell me anything about you.,29,0,k tell me anything about you.
ham,For fear of fainting with the of all that housework you just did? Quick have a cuppa,84,0,for fear of fainting with the of all that housework you just did? quick have a cuppa
spam,Thanks for your subscription to Ringtone UK your mobile will be charged £5/month Please confirm by replying YES or NO. If you reply NO you will not be charged,158,1,thanks for your subscription to ringtone uk your mobile will be charged £5/month please confirm by replying yes or no. if you reply no you will not be charged
ham,Yup... Ok i go home look at the timings then i msg ü again... Xuhui going to learn on 2nd may too but her lesson is at 8am,122,0,yup... ok i go home look at the timings then i msg ü again... xuhui going to learn on 2nd may too but her lesson is at 8am
ham,"Oops, I'll let you know when my roommate's done",47,0,"oops, i'll let you know when my roommate's done"
ham,I see the letter B on my car,28,0,i see the letter b on my car
ham,Anything lor... U decide...,27,0,anything lor... u decide...
ham,Hello! How's you and how did saturday go? I was just texting to see if you'd decided to do anything tomo. Not that i'm trying to invite myself or anything!,155,0,hello! how's you and how did saturday go? i was just texting to see if you'd decided to do anything tomo. not that i'm trying to invite myself or anything!
ham,Pls go ahead with watts. I just wanted to be sure. Do have a great weekend. Abiola,82,0,pls go ahead with watts. i just wanted to be sure. do have a great weekend. abiola
ham,"Did I forget to tell you ? I want you , I need you, I crave you ... But most of all ... I love you my sweet Arabian steed ... Mmmmmm ... Yummy",142,0,"did i forget to tell you ? i want you , i need you, i crave you ... but most of all ... i love you my sweet arabian steed ... mmmmmm ... yummy"
spam,07732584351 - Rodger Burns - MSG = We tried to call you re your reply to our sms for a free nokia mobile + free camcorder. Please call now 08000930705 for delivery tomorrow,172,1,07732584351 - rodger burns - msg = we tried to call you re your reply to our sms for a free nokia mobile + free camcorder. please call now 08000930705 for delivery tomorrow
ham,WHO ARE YOU SEEING?,19,0,who are you seeing?
ham,Great! I hope you like your man well endowed. I am  &lt;#&gt;  inches...,72,0,great! i hope you like your man well endowed. i am  &lt;#&gt;  inches...
ham,No calls..messages..missed calls,32,0,no calls..messages..missed calls
ham,Didn't you get hep b immunisation in nigeria.,45,0,didn't you get hep b immunisation in nigeria.
ham,"Fair enough, anything going on?",31,0,"fair enough, anything going on?"
ham,"Yeah hopefully, if tyler can't do it I could maybe ask around a bit",67,0,"yeah hopefully, if tyler can't do it i could maybe ask around a bit"
ham,U don't know how stubborn I am. I didn't even want to go to the hospital. I kept telling Mark I'm not a weak sucker. Hospitals are for weak suckers.,148,0,u don't know how stubborn i am. i didn't even want to go to the hospital. i kept telling mark i'm not a weak sucker. hospitals are for weak suckers.
ham,What you thinked about me. First time you saw me in class.,58,0,what you thinked about me. first time you saw me in class.
ham,"A gram usually runs like  &lt;#&gt; , a half eighth is smarter though and gets you almost a whole second gram for  &lt;#&gt;",124,0,"a gram usually runs like  &lt;#&gt; , a half eighth is smarter though and gets you almost a whole second gram for  &lt;#&gt;"
ham,K fyi x has a ride early tomorrow morning but he's crashing at our place tonight,80,0,k fyi x has a ride early tomorrow morning but he's crashing at our place tonight
ham,"Wow. I never realized that you were so embarassed by your accomodations. I thought you liked it, since i was doing the best i could and you always seemed so happy about ""the cave"". I'm sorry I didn't and don't have more to give. I'm sorry i offered. I'm sorry your room was so embarassing.",289,0,"wow. i never realized that you were so embarassed by your accomodations. i thought you liked it, since i was doing the best i could and you always seemed so happy about ""the cave"". i'm sorry i didn't and don't have more to give. i'm sorry i offered. i'm sorry your room was so embarassing."
spam,SMS. ac Sptv: The New Jersey Devils and the Detroit Red Wings play Ice Hockey. Correct or Incorrect? End? Reply END SPTV,120,1,sms. ac sptv: the new jersey devils and the detroit red wings play ice hockey. correct or incorrect? end? reply end sptv
ham,Do you know what Mallika Sherawat did yesterday? Find out now @  &lt;URL&gt;,76,0,do you know what mallika sherawat did yesterday? find out now @  &lt;url&gt;
spam,"Congrats! 1 year special cinema pass for 2 is yours. call 09061209465 now! C Suprman V, Matrix3, StarWars3, etc all 4 FREE! bx420-ip4-5we. 150pm. Dont miss out! ",161,1,"congrats! 1 year special cinema pass for 2 is yours. call 09061209465 now! c suprman v, matrix3, starwars3, etc all 4 free! bx420-ip4-5we. 150pm. dont miss out! "
ham,"Sorry, I'll call later in meeting.",34,0,"sorry, i'll call later in meeting."
ham,Tell where you reached,22,0,tell where you reached
ham,Yes..gauti and sehwag out of odi series.,40,0,yes..gauti and sehwag out of odi series.
ham,Your gonna have to pick up a $1 burger for yourself on your way home. I can't even move. Pain is killing me.,108,0,your gonna have to pick up a $1 burger for yourself on your way home. i can't even move. pain is killing me.
ham,Ha ha ha good joke. Girls are situation seekers.,48,0,ha ha ha good joke. girls are situation seekers.
ham,Its a part of checking IQ,25,0,its a part of checking iq
ham,"Sorry my roommates took forever, it ok if I come by now?",56,0,"sorry my roommates took forever, it ok if i come by now?"
ham,Ok lar i double check wif da hair dresser already he said wun cut v short. He said will cut until i look nice.,110,0,ok lar i double check wif da hair dresser already he said wun cut v short. he said will cut until i look nice.
spam,"As a valued customer, I am pleased to advise you that following recent review of your Mob No. you are awarded with a £1500 Bonus Prize, call 09066364589",152,1,"as a valued customer, i am pleased to advise you that following recent review of your mob no. you are awarded with a £1500 bonus prize, call 09066364589"
ham,"Today is ""song dedicated day.."" Which song will u dedicate for me? Send this to all ur valuable frnds but first rply me...",122,0,"today is ""song dedicated day.."" which song will u dedicate for me? send this to all ur valuable frnds but first rply me..."
spam,"Urgent UR awarded a complimentary trip to EuroDisinc Trav, Aco&Entry41 Or £1000. To claim txt DIS to 87121 18+6*£1.50(moreFrmMob. ShrAcomOrSglSuplt)10, LS1 3AJ",159,1,"urgent ur awarded a complimentary trip to eurodisinc trav, aco&entry41 or £1000. to claim txt dis to 87121 18+6*£1.50(morefrmmob. shracomorsglsuplt)10, ls1 3aj"
spam,"Did you hear about the new ""Divorce Barbie""? It comes with all of Ken's stuff!",78,1,"did you hear about the new ""divorce barbie""? it comes with all of ken's stuff!"
ham,I plane to give on this month end.,34,0,i plane to give on this month end.
ham,Wah lucky man... Then can save money... Hee...,46,0,wah lucky man... then can save money... hee...
ham,Finished class where are you.,29,0,finished class where are you.
ham,HI BABE IM AT HOME NOW WANNA DO SOMETHING? XX,45,0,hi babe im at home now wanna do something? xx
ham,K..k:)where are you?how did you performed?,42,0,k..k:)where are you?how did you performed?
ham,U can call me now...,20,0,u can call me now...
ham,I am waiting machan. Call me once you free.,43,0,i am waiting machan. call me once you free.
ham,Thats cool. i am a gentleman and will treat you with dignity and respect.,73,0,thats cool. i am a gentleman and will treat you with dignity and respect.
ham,I like you peoples very much:) but am very shy pa.,50,0,i like you peoples very much:) but am very shy pa.
ham,Does not operate after  &lt;#&gt;  or what,42,0,does not operate after  &lt;#&gt;  or what
ham,Its not the same here. Still looking for a job. How much do Ta's earn there.,76,0,its not the same here. still looking for a job. how much do ta's earn there.
ham,"Sorry, I'll call later",22,0,"sorry, i'll call later"
ham,K. Did you call me just now ah? ,32,0,k. did you call me just now ah? 
ham,Ok i am on the way to home hi hi,32,0,ok i am on the way to home hi hi
ham,You will be in the place of that man,36,0,you will be in the place of that man
ham,Yup next stop.,14,0,yup next stop.
ham,"I call you later, don't have network. If urgnt, sms me.",55,0,"i call you later, don't have network. if urgnt, sms me."
ham,For real when u getting on yo? I only need 2 more tickets and one more jacket and I'm done. I already used all my multis.,121,0,for real when u getting on yo? i only need 2 more tickets and one more jacket and i'm done. i already used all my multis.
ham,Yes I started to send requests to make it but pain came back so I'm back in bed. Double coins at the factory too. I gotta cash in all my nitros.,144,0,yes i started to send requests to make it but pain came back so i'm back in bed. double coins at the factory too. i gotta cash in all my nitros.
ham,I'm really not up to it still tonight babe,42,0,i'm really not up to it still tonight babe
ham,"Ela kano.,il download, come wen ur free..",41,0,"ela kano.,il download, come wen ur free.."
ham,Yeah do! Don‘t stand to close tho- you‘ll catch something!,58,0,yeah do! don‘t stand to close tho- you‘ll catch something!
ham,Sorry to be a pain. Is it ok if we meet another night? I spent late afternoon in casualty and that means i haven't done any of y stuff42moro and that includes all my time sheets and that. Sorry. ,195,0,sorry to be a pain. is it ok if we meet another night? i spent late afternoon in casualty and that means i haven't done any of y stuff42moro and that includes all my time sheets and that. sorry. 
ham,Smile in Pleasure Smile in Pain Smile when trouble pours like Rain Smile when sum1 Hurts U Smile becoz SOMEONE still Loves to see u Smiling!!,141,0,smile in pleasure smile in pain smile when trouble pours like rain smile when sum1 hurts u smile becoz someone still loves to see u smiling!!
spam,Please call our customer service representative on 0800 169 6031 between 10am-9pm as you have WON a guaranteed £1000 cash or £5000 prize!,137,1,please call our customer service representative on 0800 169 6031 between 10am-9pm as you have won a guaranteed £1000 cash or £5000 prize!
ham,Havent planning to buy later. I check already lido only got 530 show in e afternoon. U finish work already?,107,0,havent planning to buy later. i check already lido only got 530 show in e afternoon. u finish work already?
spam,"Your free ringtone is waiting to be collected. Simply text the password ""MIX"" to 85069 to verify. Get Usher and Britney. FML, PO Box 5249, MK17 92H. 450Ppw 16",158,1,"your free ringtone is waiting to be collected. simply text the password ""mix"" to 85069 to verify. get usher and britney. fml, po box 5249, mk17 92h. 450ppw 16"
ham,Watching telugu movie..wat abt u?,33,0,watching telugu movie..wat abt u?
ham,i see. When we finish we have loads of loans to pay,51,0,i see. when we finish we have loads of loans to pay
ham,"Hi. Wk been ok - on hols now! Yes on for a bit of a run. Forgot that i have hairdressers appointment at four so need to get home n shower beforehand. Does that cause prob for u?""",178,0,"hi. wk been ok - on hols now! yes on for a bit of a run. forgot that i have hairdressers appointment at four so need to get home n shower beforehand. does that cause prob for u?"""
ham,I see a cup of coffee animation,31,0,i see a cup of coffee animation
ham,Please don't text me anymore. I have nothing else to say.,57,0,please don't text me anymore. i have nothing else to say.
ham,Okay name ur price as long as its legal! Wen can I pick them up? Y u ave x ams xx,81,0,okay name ur price as long as its legal! wen can i pick them up? y u ave x ams xx
ham,I'm still looking for a car to buy. And have not gone 4the driving test yet.,76,0,i'm still looking for a car to buy. and have not gone 4the driving test yet.
ham,"wow. You're right! I didn't mean to do that. I guess once i gave up on boston men and changed my search location to nyc, something changed. Cuz on my signin page it still says boston.",183,0,"wow. you're right! i didn't mean to do that. i guess once i gave up on boston men and changed my search location to nyc, something changed. cuz on my signin page it still says boston."
ham,Umma my life and vava umma love you lot dear,44,0,umma my life and vava umma love you lot dear
ham,Thanks a lot for your wishes on my birthday. Thanks you for making my birthday truly memorable.,95,0,thanks a lot for your wishes on my birthday. thanks you for making my birthday truly memorable.
ham,"Aight, I'll hit you up when I get some cash",43,0,"aight, i'll hit you up when i get some cash"
ham,How would my ip address test that considering my computer isn't a minecraft server,82,0,how would my ip address test that considering my computer isn't a minecraft server
ham,I know! Grumpy old people. My mom was like you better not be lying. Then again I am always the one to play jokes...,115,0,i know! grumpy old people. my mom was like you better not be lying. then again i am always the one to play jokes...
ham,Dont worry. I guess he's busy.,30,0,dont worry. i guess he's busy.
ham,What is the plural of the noun research?,40,0,what is the plural of the noun research?
ham,Going for dinner.msg you after.,31,0,going for dinner.msg you after.
ham,I'm ok wif it cos i like 2 try new things. But i scared u dun like mah. Cos u said not too loud.,96,0,i'm ok wif it cos i like 2 try new things. but i scared u dun like mah. cos u said not too loud.
spam,GENT! We are trying to contact you. Last weekends draw shows that you won a £1000 prize GUARANTEED. Call 09064012160. Claim Code K52. Valid 12hrs only. 150ppm,158,1,gent! we are trying to contact you. last weekends draw shows that you won a £1000 prize guaranteed. call 09064012160. claim code k52. valid 12hrs only. 150ppm
ham,"Wa, ur openin sentence very formal... Anyway, i'm fine too, juz tt i'm eatin too much n puttin on weight...Haha... So anythin special happened?",143,0,"wa, ur openin sentence very formal... anyway, i'm fine too, juz tt i'm eatin too much n puttin on weight...haha... so anythin special happened?"
ham,"As I entered my cabin my PA said, '' Happy B'day Boss !!''. I felt special. She askd me 4 lunch. After lunch she invited me to her apartment. We went there.",156,0,"as i entered my cabin my pa said, '' happy b'day boss !!''. i felt special. she askd me 4 lunch. after lunch she invited me to her apartment. we went there."
spam,You are a winner U have been specially selected 2 receive £1000 or a 4* holiday (flights inc) speak to a live operator 2 claim 0871277810910p/min (18+) ,152,1,you are a winner u have been specially selected 2 receive £1000 or a 4* holiday (flights inc) speak to a live operator 2 claim 0871277810910p/min (18+) 
ham,Goodo! Yes we must speak friday - egg-potato ratio for tortilla needed! ,72,0,goodo! yes we must speak friday - egg-potato ratio for tortilla needed! 
ham,Hmm...my uncle just informed me that he's paying the school directly. So pls buy food.,86,0,hmm...my uncle just informed me that he's paying the school directly. so pls buy food.
spam,PRIVATE! Your 2004 Account Statement for 07742676969 shows 786 unredeemed Bonus Points. To claim call 08719180248 Identifier Code: 45239 Expires,144,1,private! your 2004 account statement for 07742676969 shows 786 unredeemed bonus points. to claim call 08719180248 identifier code: 45239 expires
spam,"URGENT! Your Mobile No. was awarded £2000 Bonus Caller Prize on 5/9/03 This is our final try to contact U! Call from Landline 09064019788 BOX42WR29C, 150PPM",156,1,"urgent! your mobile no. was awarded £2000 bonus caller prize on 5/9/03 this is our final try to contact u! call from landline 09064019788 box42wr29c, 150ppm"
ham,here is my new address -apples&pairs&all that malarky,53,0,here is my new address -apples&pairs&all that malarky
spam,Todays Voda numbers ending 7548 are selected to receive a $350 award. If you have a match please call 08712300220 quoting claim code 4041 standard rates app,156,1,todays voda numbers ending 7548 are selected to receive a $350 award. if you have a match please call 08712300220 quoting claim code 4041 standard rates app
ham,I am going to sao mu today. Will be done only at 12 ,52,0,i am going to sao mu today. will be done only at 12 
ham,Ü predict wat time ü'll finish buying?,38,0,ü predict wat time ü'll finish buying?
ham,"Good stuff, will do.",20,0,"good stuff, will do."
ham,"Just so that you know,yetunde hasn't sent money yet. I just sent her a text not to bother sending. So its over, you dont have to involve yourself in anything. I shouldn't have imposed anything on you in the first place so for that, i apologise.",244,0,"just so that you know,yetunde hasn't sent money yet. i just sent her a text not to bother sending. so its over, you dont have to involve yourself in anything. i shouldn't have imposed anything on you in the first place so for that, i apologise."
ham,Are you there in room.,22,0,are you there in room.
ham,HEY GIRL. HOW R U? HOPE U R WELL ME AN DEL R BAK! AGAIN LONG TIME NO C! GIVE ME A CALL SUM TIME FROM LUCYxx,107,0,hey girl. how r u? hope u r well me an del r bak! again long time no c! give me a call sum time from lucyxx
ham,K..k:)how much does it cost?,28,0,k..k:)how much does it cost?
ham,I'm home.,9,0,i'm home.
ham,"Dear, will call Tmorrow.pls accomodate.",39,0,"dear, will call tmorrow.pls accomodate."
ham,First answer my question.,25,0,first answer my question.
spam,Sunshine Quiz Wkly Q! Win a top Sony DVD player if u know which country the Algarve is in? Txt ansr to 82277. £1.50 SP:Tyrone,125,1,sunshine quiz wkly q! win a top sony dvd player if u know which country the algarve is in? txt ansr to 82277. £1.50 sp:tyrone
spam,Want 2 get laid tonight? Want real Dogging locations sent direct 2 ur mob? Join the UK's largest Dogging Network bt Txting GRAVEL to 69888! Nt. ec2a. 31p.msg@150p,162,1,want 2 get laid tonight? want real dogging locations sent direct 2 ur mob? join the uk's largest dogging network bt txting gravel to 69888! nt. ec2a. 31p.msg@150p
ham,I only haf msn. It's yijue@hotmail.com,38,0,i only haf msn. it's yijue@hotmail.com
ham,He is there. You call and meet him,34,0,he is there. you call and meet him
ham,No no. I will check all rooms befor activities,46,0,no no. i will check all rooms befor activities
spam,You'll not rcv any more msgs from the chat svc. For FREE Hardcore services text GO to: 69988 If u get nothing u must Age Verify with yr network & try again,155,1,you'll not rcv any more msgs from the chat svc. for free hardcore services text go to: 69988 if u get nothing u must age verify with yr network & try again
ham,Got c... I lazy to type... I forgot ü in lect... I saw a pouch but like not v nice...,85,0,got c... i lazy to type... i forgot ü in lect... i saw a pouch but like not v nice...
ham,"K, text me when you're on the way",33,0,"k, text me when you're on the way"
ham,"Sir, Waiting for your mail.",27,0,"sir, waiting for your mail."
ham,"A swt thought: ""Nver get tired of doing little things 4 lovable persons.."" Coz..somtimes those little things occupy d biggest part in their Hearts.. Gud ni8",156,0,"a swt thought: ""nver get tired of doing little things 4 lovable persons.."" coz..somtimes those little things occupy d biggest part in their hearts.. gud ni8"
ham,I know you are. Can you pls open the back?,42,0,i know you are. can you pls open the back?
ham,Yes see ya not on the dot,25,0,yes see ya not on the dot
ham,Whats the staff name who is taking class for us?,48,0,whats the staff name who is taking class for us?
spam,"FreeMsg Why haven't you replied to my text? I'm Randy, sexy, female and live local. Luv to hear from u. Netcollex Ltd 08700621170150p per msg reply Stop to end",159,1,"freemsg why haven't you replied to my text? i'm randy, sexy, female and live local. luv to hear from u. netcollex ltd 08700621170150p per msg reply stop to end"
ham,Ummma.will call after check in.our life will begin from qatar so pls pray very hard.,84,0,ummma.will call after check in.our life will begin from qatar so pls pray very hard.
ham,K..i deleted my contact that why?,33,0,k..i deleted my contact that why?
ham,Sindu got job in birla soft ..,30,0,sindu got job in birla soft ..
ham,The wine is flowing and i'm i have nevering..,45,0,the wine is flowing and i'm i have nevering..
ham,Yup i thk cine is better cos no need 2 go down 2 plaza mah.,59,0,yup i thk cine is better cos no need 2 go down 2 plaza mah.
ham,Ok... Ur typical reply...,25,0,ok... ur typical reply...
ham,"You are everywhere dirt, on the floor, the windows, even on my shirt. And sometimes when i open my mouth, you are all that comes flowing out. I dream of my world without you, then half my chores are out too. A time of joy for me, lots of tv shows i.ll see. But i guess like all things you just must exist, like rain, hail and mist, and when my time here is done, you and i become one.",384,0,"you are everywhere dirt, on the floor, the windows, even on my shirt. and sometimes when i open my mouth, you are all that comes flowing out. i dream of my world without you, then half my chores are out too. a time of joy for me, lots of tv shows i.ll see. but i guess like all things you just must exist, like rain, hail and mist, and when my time here is done, you and i become one."
ham,Aaooooright are you at work?,28,0,aaooooright are you at work?
ham,I'm leaving my house now...,27,0,i'm leaving my house now...
ham,"Hello, my love. What are you doing? Did you get to that interview today? Are you you happy? Are you being a good boy? Do you think of me?Are you missing me ?",157,0,"hello, my love. what are you doing? did you get to that interview today? are you you happy? are you being a good boy? do you think of me?are you missing me ?"
spam,Customer service annoncement. You have a New Years delivery waiting for you. Please call 07046744435 now to arrange delivery,124,1,customer service annoncement. you have a new years delivery waiting for you. please call 07046744435 now to arrange delivery
spam,You are a winner U have been specially selected 2 receive £1000 cash or a 4* holiday (flights inc) speak to a live operator 2 claim 0871277810810,145,1,you are a winner u have been specially selected 2 receive £1000 cash or a 4* holiday (flights inc) speak to a live operator 2 claim 0871277810810
ham,Keep yourself safe for me because I need you and I miss you already and I envy everyone that see's you in real life,115,0,keep yourself safe for me because i need you and i miss you already and i envy everyone that see's you in real life
ham,New car and house for my parents.:)i have only new job in hand:),64,0,new car and house for my parents.:)i have only new job in hand:)
ham,I'm so in love with you. I'm excited each day i spend with you. You make me so happy.,85,0,i'm so in love with you. i'm excited each day i spend with you. you make me so happy.
spam,-PLS STOP bootydelious (32/F) is inviting you to be her friend. Reply YES-434 or NO-434 See her: www.SMS.ac/u/bootydelious STOP? Send STOP FRND to 62468,152,1,-pls stop bootydelious (32/f) is inviting you to be her friend. reply yes-434 or no-434 see her: www.sms.ac/u/bootydelious stop? send stop frnd to 62468
spam,"BangBabes Ur order is on the way. U SHOULD receive a Service Msg 2 download UR content. If U do not, GoTo wap. bangb. tv on UR mobile internet/service menu",155,1,"bangbabes ur order is on the way. u should receive a service msg 2 download ur content. if u do not, goto wap. bangb. tv on ur mobile internet/service menu"
ham,I place all ur points on e cultures module already.,51,0,i place all ur points on e cultures module already.
spam,URGENT! We are trying to contact you. Last weekends draw shows that you have won a £900 prize GUARANTEED. Call 09061701939. Claim code S89. Valid 12hrs only,156,1,urgent! we are trying to contact you. last weekends draw shows that you have won a £900 prize guaranteed. call 09061701939. claim code s89. valid 12hrs only
ham,"Hi frnd, which is best way to avoid missunderstding wit our beloved one's?",74,0,"hi frnd, which is best way to avoid missunderstding wit our beloved one's?"
ham,Great escape. I fancy the bridge but needs her lager. See you tomo ,67,0,great escape. i fancy the bridge but needs her lager. see you tomo 
ham,Yes :)it completely in out of form:)clark also utter waste.,59,0,yes :)it completely in out of form:)clark also utter waste.
ham,"Sir, I need AXIS BANK account no and bank address.",50,0,"sir, i need axis bank account no and bank address."
ham,"Hmmm.. Thk sure got time to hop ard... Ya, can go 4 free abt... Muz call u to discuss liao... ",94,0,"hmmm.. thk sure got time to hop ard... ya, can go 4 free abt... muz call u to discuss liao... "
ham,What time you coming down later? ,33,0,what time you coming down later? 
ham,"Bloody hell, cant believe you forgot my surname Mr . Ill give u a clue, its spanish and begins with m... ",105,0,"bloody hell, cant believe you forgot my surname mr . ill give u a clue, its spanish and begins with m... "
ham,"Well, i'm gonna finish my bath now. Have a good...fine night.",61,0,"well, i'm gonna finish my bath now. have a good...fine night."
ham,Let me know when you've got the money so carlos can make the call,65,0,let me know when you've got the money so carlos can make the call
ham,U still going to the mall?,26,0,u still going to the mall?
ham,"Turns out my friends are staying for the whole show and won't be back til ~ &lt;#&gt; , so feel free to go ahead and smoke that $ &lt;#&gt;  worth",146,0,"turns out my friends are staying for the whole show and won't be back til ~ &lt;#&gt; , so feel free to go ahead and smoke that $ &lt;#&gt;  worth"
ham,Text her. If she doesnt reply let me know so i can have her log in,66,0,text her. if she doesnt reply let me know so i can have her log in
ham,Hi! You just spoke to MANEESHA V. We'd like to know if you were satisfied with the experience. Reply Toll Free with Yes or No.,126,0,hi! you just spoke to maneesha v. we'd like to know if you were satisfied with the experience. reply toll free with yes or no.
ham,You lifted my hopes with the offer of money. I am in need. Especially when the end of the month approaches and it hurts my studying. Anyways have a gr8 weekend,159,0,you lifted my hopes with the offer of money. i am in need. especially when the end of the month approaches and it hurts my studying. anyways have a gr8 weekend
ham,Lol no. U can trust me.,23,0,lol no. u can trust me.
ham,ok. I am a gentleman and will treat you with dignity and respect.,65,0,ok. i am a gentleman and will treat you with dignity and respect.
ham,"He will, you guys close?",24,0,"he will, you guys close?"
ham,Going on nothing great.bye,26,0,going on nothing great.bye
ham,Hello handsome ! Are you finding that job ? Not being lazy ? Working towards getting back that net for mummy ? Where's my boytoy now ? Does he miss me ?,152,0,hello handsome ! are you finding that job ? not being lazy ? working towards getting back that net for mummy ? where's my boytoy now ? does he miss me ?
ham,"Haha awesome, be there in a minute",34,0,"haha awesome, be there in a minute"
spam,Please call our customer service representative on FREEPHONE 0808 145 4742 between 9am-11pm as you have WON a guaranteed £1000 cash or £5000 prize!,147,1,please call our customer service representative on freephone 0808 145 4742 between 9am-11pm as you have won a guaranteed £1000 cash or £5000 prize!
ham,Have you got Xmas radio times. If not i will get it now,55,0,have you got xmas radio times. if not i will get it now
ham,I jus reached home. I go bathe first. But my sis using net tell u when she finishes k...,88,0,i jus reached home. i go bathe first. but my sis using net tell u when she finishes k...
spam,Are you unique enough? Find out from 30th August. www.areyouunique.co.uk,72,1,are you unique enough? find out from 30th august. www.areyouunique.co.uk
ham,I'm sorry. I've joined the league of people that dont keep in touch. You mean a great deal to me. You have been a friend at all times even at great personal cost. Do have a great week.|,185,0,i'm sorry. i've joined the league of people that dont keep in touch. you mean a great deal to me. you have been a friend at all times even at great personal cost. do have a great week.|
ham,Hi :)finally i completed the course:),37,0,hi :)finally i completed the course:)
ham,It will stop on itself. I however suggest she stays with someone that will be able to give ors for every stool.,111,0,it will stop on itself. i however suggest she stays with someone that will be able to give ors for every stool.
ham,How are you doing? Hope you've settled in for the new school year. Just wishin you a gr8 day,92,0,how are you doing? hope you've settled in for the new school year. just wishin you a gr8 day
ham,Gud mrng dear hav a nice day,28,0,gud mrng dear hav a nice day
ham,Did u got that persons story,28,0,did u got that persons story
ham,is your hamster dead? Hey so tmr i meet you at 1pm orchard mrt? ,64,0,is your hamster dead? hey so tmr i meet you at 1pm orchard mrt? 
ham,Hi its Kate how is your evening? I hope i can see you tomorrow for a bit but i have to bloody babyjontet! Txt back if u can. :) xxx,131,0,hi its kate how is your evening? i hope i can see you tomorrow for a bit but i have to bloody babyjontet! txt back if u can. :) xxx
ham,"Found it, ENC  &lt;#&gt; , where you at?",40,0,"found it, enc  &lt;#&gt; , where you at?"
ham,I sent you  &lt;#&gt;  bucks,28,0,i sent you  &lt;#&gt;  bucks
ham,Hello darlin ive finished college now so txt me when u finish if u can love Kate xxx,84,0,hello darlin ive finished college now so txt me when u finish if u can love kate xxx
ham,Your account has been refilled successfully by INR  &lt;DECIMAL&gt; . Your KeralaCircle prepaid account balance is Rs  &lt;DECIMAL&gt; . Your Transaction ID is KR &lt;#&gt; .,174,0,your account has been refilled successfully by inr  &lt;decimal&gt; . your keralacircle prepaid account balance is rs  &lt;decimal&gt; . your transaction id is kr &lt;#&gt; .
ham,Goodmorning sleeping ga.,24,0,goodmorning sleeping ga.
ham,U call me alter at 11 ok.,25,0,u call me alter at 11 ok.
ham,Ü say until like dat i dun buy ericsson oso cannot oredi lar...,63,0,ü say until like dat i dun buy ericsson oso cannot oredi lar...
ham,"Aight yo, dats straight dogg",28,0,"aight yo, dats straight dogg"
ham,You please give us connection today itself before  &lt;DECIMAL&gt;  or refund the bill,86,0,you please give us connection today itself before  &lt;decimal&gt;  or refund the bill
ham,Both :) i shoot big loads so get ready!,39,0,both :) i shoot big loads so get ready!
ham,"What's up bruv, hope you had a great break. Do have a rewarding semester.",73,0,"what's up bruv, hope you had a great break. do have a rewarding semester."
ham,Home so we can always chat,26,0,home so we can always chat
ham,K:)k:)good:)study well.,23,0,k:)k:)good:)study well.
ham,Yup... How ü noe leh...,23,0,yup... how ü noe leh...
ham,Sounds great! Are you home now?,31,0,sounds great! are you home now?
ham,Finally the match heading towards draw as your prediction.,58,0,finally the match heading towards draw as your prediction.
ham,Tired. I haven't slept well the past few nights.,48,0,tired. i haven't slept well the past few nights.
ham,Easy ah?sen got selected means its good..,41,0,easy ah?sen got selected means its good..
ham,I have to take exam with march 3,32,0,i have to take exam with march 3
ham,Yeah you should. I think you can use your gt atm now to register. Not sure but if there's anyway i can help let me know. But when you do be sure you are ready.,159,0,yeah you should. i think you can use your gt atm now to register. not sure but if there's anyway i can help let me know. but when you do be sure you are ready.
ham,Ok no prob. Take ur time.,25,0,ok no prob. take ur time.
ham,There is os called ubandu which will run without installing in hard disk...you can use that os to copy the important files in system and give it to repair shop..,161,0,there is os called ubandu which will run without installing in hard disk...you can use that os to copy the important files in system and give it to repair shop..
ham,U say leh... Of course nothing happen lar. Not say v romantic jus a bit only lor. I thk e nite scenery not so nice leh.,119,0,u say leh... of course nothing happen lar. not say v romantic jus a bit only lor. i thk e nite scenery not so nice leh.
spam,"500 New Mobiles from 2004, MUST GO! Txt: NOKIA to No: 89545 & collect yours today!From ONLY £1 www.4-tc.biz 2optout 087187262701.50gbp/mtmsg18",142,1,"500 new mobiles from 2004, must go! txt: nokia to no: 89545 & collect yours today!from only £1 www.4-tc.biz 2optout 087187262701.50gbp/mtmsg18"
ham,Would really appreciate if you call me. Just need someone to talk to.,69,0,would really appreciate if you call me. just need someone to talk to.
spam,"Will u meet ur dream partner soon? Is ur career off 2 a flyng start? 2 find out free, txt HORO followed by ur star sign, e. g. HORO ARIES",137,1,"will u meet ur dream partner soon? is ur career off 2 a flyng start? 2 find out free, txt horo followed by ur star sign, e. g. horo aries"
ham,Hey company elama po mudyadhu.,30,0,hey company elama po mudyadhu.
ham,"Life is more strict than teacher... Bcoz Teacher teaches lesson &amp; then conducts exam, But Life first conducts Exam &amp; then teaches Lessons. Happy morning. . .",165,0,"life is more strict than teacher... bcoz teacher teaches lesson &amp; then conducts exam, but life first conducts exam &amp; then teaches lessons. happy morning. . ."
ham,Dear good morning now only i am up,34,0,dear good morning now only i am up
ham,Get down in gandhipuram and walk to cross cut road. Right side &lt;#&gt; street road and turn at first right.,109,0,get down in gandhipuram and walk to cross cut road. right side &lt;#&gt; street road and turn at first right.
ham,Dear we are going to our rubber place,37,0,dear we are going to our rubber place
ham,"Sorry battery died, yeah I'm here",33,0,"sorry battery died, yeah i'm here"
ham,Yes:)here tv is always available in work place..,48,0,yes:)here tv is always available in work place..
spam,Text & meet someone sexy today. U can find a date or even flirt its up to U. Join 4 just 10p. REPLY with NAME & AGE eg Sam 25. 18 -msg recd@thirtyeight pence,157,1,text & meet someone sexy today. u can find a date or even flirt its up to u. join 4 just 10p. reply with name & age eg sam 25. 18 -msg recd@thirtyeight pence
ham,I have printed it oh. So  &lt;#&gt;  come upstairs,50,0,i have printed it oh. so  &lt;#&gt;  come upstairs
ham,Or ill be a little closer like at the bus stop on the same street,65,0,or ill be a little closer like at the bus stop on the same street
ham,Where are you?when wil you reach here?,38,0,where are you?when wil you reach here?
ham,"New Theory: Argument wins d SITUATION, but loses the PERSON. So dont argue with ur friends just.. . . . kick them &amp; say, I'm always correct.!",145,0,"new theory: argument wins d situation, but loses the person. so dont argue with ur friends just.. . . . kick them &amp; say, i'm always correct.!"
spam,U 447801259231 have a secret admirer who is looking 2 make contact with U-find out who they R*reveal who thinks UR so special-call on 09058094597,145,1,u 447801259231 have a secret admirer who is looking 2 make contact with u-find out who they r*reveal who thinks ur so special-call on 09058094597
ham,Tomarrow final hearing on my laptop case so i cant.,51,0,tomarrow final hearing on my laptop case so i cant.
ham,PLEASSSSSSSEEEEEE TEL ME V AVENT DONE SPORTSx,45,0,pleassssssseeeeee tel me v avent done sportsx
ham,"Okay. No no, just shining on. That was meant to be signing, but that sounds better.",83,0,"okay. no no, just shining on. that was meant to be signing, but that sounds better."
ham,"Although i told u dat i'm into baig face watches now but i really like e watch u gave cos it's fr u. Thanx 4 everything dat u've done today, i'm touched...",155,0,"although i told u dat i'm into baig face watches now but i really like e watch u gave cos it's fr u. thanx 4 everything dat u've done today, i'm touched..."
ham,U don't remember that old commercial?,37,0,u don't remember that old commercial?
ham,Too late. I said i have the website. I didn't i have or dont have the slippers,78,0,too late. i said i have the website. i didn't i have or dont have the slippers
ham,I asked you to call him now ok,30,0,i asked you to call him now ok
ham,Kallis wont bat in 2nd innings.,31,0,kallis wont bat in 2nd innings.
ham,It didnt work again oh. Ok goodnight then. I.ll fix and have it ready by the time you wake up. You are very dearly missed have a good night sleep.,146,0,it didnt work again oh. ok goodnight then. i.ll fix and have it ready by the time you wake up. you are very dearly missed have a good night sleep.
spam,Congratulations ur awarded 500 of CD vouchers or 125gift guaranteed & Free entry 2 100 wkly draw txt MUSIC to 87066 TnCs www.Ldew.com1win150ppmx3age16,150,1,congratulations ur awarded 500 of cd vouchers or 125gift guaranteed & free entry 2 100 wkly draw txt music to 87066 tncs www.ldew.com1win150ppmx3age16
ham,Ranjith cal drpd Deeraj and deepak 5min hold,44,0,ranjith cal drpd deeraj and deepak 5min hold
ham,"Wen ur lovable bcums angry wid u, dnt take it seriously.. Coz being angry is d most childish n true way of showing deep affection, care n luv!.. kettoda manda... Have nice day da.",179,0,"wen ur lovable bcums angry wid u, dnt take it seriously.. coz being angry is d most childish n true way of showing deep affection, care n luv!.. kettoda manda... have nice day da."
ham,What you doing?how are you?,27,0,what you doing?how are you?
ham,"Ups which is 3days also, and the shipping company that takes 2wks. The other way is usps which takes a week but when it gets to lag you may have to bribe nipost to get your stuff.",179,0,"ups which is 3days also, and the shipping company that takes 2wks. the other way is usps which takes a week but when it gets to lag you may have to bribe nipost to get your stuff."
ham,"I'm back, lemme know when you're ready",38,0,"i'm back, lemme know when you're ready"
ham,Don't necessarily expect it to be done before you get back though because I'm just now headin out,97,0,don't necessarily expect it to be done before you get back though because i'm just now headin out
ham,Mmm so yummy babe ... Nice jolt to the suzy,43,0,mmm so yummy babe ... nice jolt to the suzy
ham,Where are you lover ? I need you ...,36,0,where are you lover ? i need you ...
spam,We tried to contact you re your reply to our offer of a Video Handset? 750 anytime networks mins? UNLIMITED TEXT? Camcorder? Reply or call 08000930705 NOW,154,1,we tried to contact you re your reply to our offer of a video handset? 750 anytime networks mins? unlimited text? camcorder? reply or call 08000930705 now
ham,I‘m parked next to a MINI!!!! When are you coming in today do you think?,72,0,i‘m parked next to a mini!!!! when are you coming in today do you think?
ham,Yup,3,0,yup
ham,Anyway i'm going shopping on my own now. Cos my sis not done yet. Dun disturb u liao.,85,0,anyway i'm going shopping on my own now. cos my sis not done yet. dun disturb u liao.
ham,MY NO. IN LUTON 0125698789 RING ME IF UR AROUND! H*,51,0,my no. in luton 0125698789 ring me if ur around! h*
spam,Hey I am really horny want to chat or see me naked text hot to 69698 text charged at 150pm to unsubscribe text stop 69698,121,1,hey i am really horny want to chat or see me naked text hot to 69698 text charged at 150pm to unsubscribe text stop 69698
ham,Why you Dint come with us.,26,0,why you dint come with us.
ham,Same. Wana plan a trip sometme then,35,0,same. wana plan a trip sometme then
ham,"Not sure yet, still trying to get a hold of him",47,0,"not sure yet, still trying to get a hold of him"
spam,Ur ringtone service has changed! 25 Free credits! Go to club4mobiles.com to choose content now! Stop? txt CLUB STOP to 87070. 150p/wk Club4 PO Box1146 MK45 2WT,159,1,ur ringtone service has changed! 25 free credits! go to club4mobiles.com to choose content now! stop? txt club stop to 87070. 150p/wk club4 po box1146 mk45 2wt
ham,The evo. I just had to download flash. Jealous?,47,0,the evo. i just had to download flash. jealous?
spam,Ringtone Club: Get the UK singles chart on your mobile each week and choose any top quality ringtone! This message is free of charge.,133,1,ringtone club: get the uk singles chart on your mobile each week and choose any top quality ringtone! this message is free of charge.
ham,"Come to mu, we're sorting out our narcotics situation",53,0,"come to mu, we're sorting out our narcotics situation"
ham,"Night has ended for another day, morning has come in a special way. May you smile like the sunny rays and leaves your worries at the blue blue bay.",147,0,"night has ended for another day, morning has come in a special way. may you smile like the sunny rays and leaves your worries at the blue blue bay."
spam,HMV BONUS SPECIAL 500 pounds of genuine HMV vouchers to be won. Just answer 4 easy questions. Play Now! Send HMV to 86688 More info:www.100percent-real.com,155,1,hmv bonus special 500 pounds of genuine hmv vouchers to be won. just answer 4 easy questions. play now! send hmv to 86688 more info:www.100percent-real.com
ham,"Usf I guess, might as well take 1 car",37,0,"usf i guess, might as well take 1 car"
ham,No objection. My bf not coming.,31,0,no objection. my bf not coming.
ham,Thanx...,8,0,thanx...
ham,Tell rob to mack his gf in the theater,38,0,tell rob to mack his gf in the theater
ham,"Awesome, I'll see you in a bit",30,0,"awesome, i'll see you in a bit"
ham,Just sent it. So what type of food do you like?,47,0,just sent it. so what type of food do you like?
ham,All done? All handed in? Celebrations in full swing yet?,56,0,all done? all handed in? celebrations in full swing yet?
ham,You got called a tool?,22,0,you got called a tool?
ham,"Wen u miss someone, the person is definitely special for u..... But if the person is so special, why to miss them, just Keep-in-touch gdeve..",141,0,"wen u miss someone, the person is definitely special for u..... but if the person is so special, why to miss them, just keep-in-touch gdeve.."
ham,Ok. I asked for money how far,29,0,ok. i asked for money how far
ham,Okie...,7,0,okie...
ham,"Yeah I think my usual guy's still passed out from last night, if you get ahold of anybody let me know and I'll throw down",121,0,"yeah i think my usual guy's still passed out from last night, if you get ahold of anybody let me know and i'll throw down"
ham,"K, I might come by tonight then if my class lets out early",58,0,"k, i might come by tonight then if my class lets out early"
ham,Ok..,4,0,ok..
ham,hi baby im cruisin with my girl friend what r u up 2? give me a call in and hour at home if thats alright or fone me on this fone now love jenny xxx,148,0,hi baby im cruisin with my girl friend what r u up 2? give me a call in and hour at home if thats alright or fone me on this fone now love jenny xxx
ham,"My life Means a lot to me, Not because I love my life, But because I love the people in my life, The world calls them friends, I call them my World:-).. Ge:-)..",160,0,"my life means a lot to me, not because i love my life, but because i love the people in my life, the world calls them friends, i call them my world:-).. ge:-).."
ham,"Dear,shall mail tonite.busy in the street,shall update you tonite.things are looking ok.varunnathu edukkukayee raksha ollu.but a good one in real sense.",152,0,"dear,shall mail tonite.busy in the street,shall update you tonite.things are looking ok.varunnathu edukkukayee raksha ollu.but a good one in real sense."
ham,Hey you told your name to gautham ah?,37,0,hey you told your name to gautham ah?
ham,Haf u found him? I feel so stupid da v cam was working.,55,0,haf u found him? i feel so stupid da v cam was working.
ham,Oops. 4 got that bit.,21,0,oops. 4 got that bit.
ham,Are you this much buzy,22,0,are you this much buzy
ham,I accidentally deleted the message. Resend please.,50,0,i accidentally deleted the message. resend please.
spam,T-Mobile customer you may now claim your FREE CAMERA PHONE upgrade & a pay & go sim card for your loyalty. Call on 0845 021 3680.Offer ends 28thFeb.T&C's apply,159,1,t-mobile customer you may now claim your free camera phone upgrade & a pay & go sim card for your loyalty. call on 0845 021 3680.offer ends 28thfeb.t&c's apply
ham,Unless it's a situation where YOU GO GURL would be more appropriate,67,0,unless it's a situation where you go gurl would be more appropriate
ham,Hurt me... Tease me... Make me cry... But in the end of my life when i die plz keep one rose on my grave and say STUPID I MISS U.. HAVE A NICE DAY BSLVYL,153,0,hurt me... tease me... make me cry... but in the end of my life when i die plz keep one rose on my grave and say stupid i miss u.. have a nice day bslvyl
ham,I cant pick the phone right now. Pls send a message,51,0,i cant pick the phone right now. pls send a message
ham,Need a coffee run tomo?Can't believe it's that time of week already,67,0,need a coffee run tomo?can't believe it's that time of week already
ham,"Awesome, I remember the last time we got somebody high for the first time with diesel :V",88,0,"awesome, i remember the last time we got somebody high for the first time with diesel :v"
ham,"Shit that is really shocking and scary, cant imagine for a second. Def up for night out. Do u think there is somewhere i could crash for night, save on taxi?",157,0,"shit that is really shocking and scary, cant imagine for a second. def up for night out. do u think there is somewhere i could crash for night, save on taxi?"
ham,Oh and by the way you do have more food in your fridge! Want to go out for a meal tonight? ,91,0,oh and by the way you do have more food in your fridge! want to go out for a meal tonight? 
ham,He is a womdarfull actor,24,0,he is a womdarfull actor
spam,"SMS. ac Blind Date 4U!: Rodds1 is 21/m from Aberdeen, United Kingdom. Check Him out http://img. sms. ac/W/icmb3cktz8r7!-4 no Blind Dates send HIDE",146,1,"sms. ac blind date 4u!: rodds1 is 21/m from aberdeen, united kingdom. check him out http://img. sms. ac/w/icmb3cktz8r7!-4 no blind dates send hide"
ham,Yup... From what i remb... I think should be can book... ,57,0,yup... from what i remb... i think should be can book... 
ham,Jos ask if u wana meet up?,26,0,jos ask if u wana meet up?
ham,Lol yes. Our friendship is hanging on a thread cause u won't buy stuff.,71,0,lol yes. our friendship is hanging on a thread cause u won't buy stuff.
spam,"TheMob> Check out our newest selection of content, Games, Tones, Gossip, babes and sport, Keep your mobile fit and funky text WAP to 82468",138,1,"themob> check out our newest selection of content, games, tones, gossip, babes and sport, keep your mobile fit and funky text wap to 82468"
ham,Where are the garage keys? They aren't on the bookshelf,55,0,where are the garage keys? they aren't on the bookshelf
ham,Today is ACCEPT DAY..U Accept me as? Brother Sister Lover Dear1 Best1 Clos1 Lvblefrnd Jstfrnd Cutefrnd Lifpartnr Belovd Swtheart Bstfrnd No rply means enemy,156,0,today is accept day..u accept me as? brother sister lover dear1 best1 clos1 lvblefrnd jstfrnd cutefrnd lifpartnr belovd swtheart bstfrnd no rply means enemy
spam,"Think ur smart ? Win £200 this week in our weekly quiz, text PLAY to 85222 now!T&Cs WinnersClub PO BOX 84, M26 3UZ. 16+. GBP1.50/week",133,1,"think ur smart ? win £200 this week in our weekly quiz, text play to 85222 now!t&cs winnersclub po box 84, m26 3uz. 16+. gbp1.50/week"
ham,He says he'll give me a call when his friend's got the money but that he's definitely buying before the end of the week,119,0,he says he'll give me a call when his friend's got the money but that he's definitely buying before the end of the week
ham,"Hi the way I was with u 2day, is the normal way&this is the real me. UR unique&I hope I know u 4 the rest of mylife. Hope u find wot was lost.",142,0,"hi the way i was with u 2day, is the normal way&this is the real me. ur unique&i hope i know u 4 the rest of mylife. hope u find wot was lost."
ham,You made my day. Do have a great day too.,41,0,you made my day. do have a great day too.
ham,K.k:)advance happy pongal.,26,0,k.k:)advance happy pongal.
ham,"Hmmm... Guess we can go 4 kb n power yoga... Haha, dunno we can tahan power yoga anot... Thk got lo oso, forgot liao...",119,0,"hmmm... guess we can go 4 kb n power yoga... haha, dunno we can tahan power yoga anot... thk got lo oso, forgot liao..."
ham,"Not really dude, have no friends i'm afraid :(",46,0,"not really dude, have no friends i'm afraid :("
spam,December only! Had your mobile 11mths+? You are entitled to update to the latest colour camera mobile for Free! Call The Mobile Update Co FREE on 08002986906,157,1,december only! had your mobile 11mths+? you are entitled to update to the latest colour camera mobile for free! call the mobile update co free on 08002986906
ham,"Coffee cake, i guess...",23,0,"coffee cake, i guess..."
ham,"Merry Christmas to you too babe, i love ya *kisses*",51,0,"merry christmas to you too babe, i love ya *kisses*"
ham,Hey... Why dont we just go watch x men and have lunch... Haha ,62,0,hey... why dont we just go watch x men and have lunch... haha 
ham,cud u tell ppl im gona b a bit l8 cos 2 buses hav gon past cos they were full & im still waitin 4 1. Pete x,107,0,cud u tell ppl im gona b a bit l8 cos 2 buses hav gon past cos they were full & im still waitin 4 1. pete x
ham,That would be great. We'll be at the Guild. Could meet on Bristol road or somewhere - will get in touch over weekend. Our plans take flight! Have a good week,157,0,that would be great. we'll be at the guild. could meet on bristol road or somewhere - will get in touch over weekend. our plans take flight! have a good week
ham,No problem. How are you doing?,30,0,no problem. how are you doing?
ham,Hi da:)how is the todays class?,31,0,hi da:)how is the todays class?
ham,"I'd say that's a good sign but, well, you know my track record at reading women",79,0,"i'd say that's a good sign but, well, you know my track record at reading women"
ham,"Cool, text me when you're parked",32,0,"cool, text me when you're parked"
ham,I'm reading the text i just sent you. Its meant to be a joke. So read it in that light,86,0,i'm reading the text i just sent you. its meant to be a joke. so read it in that light
ham,K.k:)apo k.good movie.,22,0,k.k:)apo k.good movie.
ham,Maybe i could get book out tomo then return it immediately ..? Or something.,76,0,maybe i could get book out tomo then return it immediately ..? or something.
spam,Call Germany for only 1 pence per minute! Call from a fixed line via access number 0844 861 85 85. No prepayment. Direct access!,128,1,call germany for only 1 pence per minute! call from a fixed line via access number 0844 861 85 85. no prepayment. direct access!
ham,Any chance you might have had with me evaporated as soon as you violated my privacy by stealing my phone number from your employer's paperwork. Not cool at all. Please do not contact me again or I will report you to your supervisor.,232,0,any chance you might have had with me evaporated as soon as you violated my privacy by stealing my phone number from your employer's paperwork. not cool at all. please do not contact me again or i will report you to your supervisor.
spam,Valentines Day Special! Win over £1000 in our quiz and take your partner on the trip of a lifetime! Send GO to 83600 now. 150p/msg rcvd. CustCare:08718720201.,158,1,valentines day special! win over £1000 in our quiz and take your partner on the trip of a lifetime! send go to 83600 now. 150p/msg rcvd. custcare:08718720201.
ham,"Ta-Daaaaa! I am home babe, are you still up ?",45,0,"ta-daaaaa! i am home babe, are you still up ?"
ham,Cool. So how come you havent been wined and dined before?,57,0,cool. so how come you havent been wined and dined before?
ham,Just sleeping..and surfing,26,0,just sleeping..and surfing
ham,U calling me right? Call my hand phone...,41,0,u calling me right? call my hand phone...
ham,Ok that's great thanx a lot.,28,0,ok that's great thanx a lot.
ham,I take it the post has come then! You must have 1000s of texts now! Happy reading. My one from wiv hello caroline at the end is my favourite. Bless him,151,0,i take it the post has come then! you must have 1000s of texts now! happy reading. my one from wiv hello caroline at the end is my favourite. bless him
ham,Where u been hiding stranger?,29,0,where u been hiding stranger?
ham,Am not interested to do like that.,34,0,am not interested to do like that.
ham,My sister cleared two round in birla soft yesterday.,52,0,my sister cleared two round in birla soft yesterday.
ham,Gudnite....tc...practice going on,33,0,gudnite....tc...practice going on
ham,Dis is yijue. I jus saw ur mail. In case huiming havent sent u my num. Dis is my num.,85,0,dis is yijue. i jus saw ur mail. in case huiming havent sent u my num. dis is my num.
ham,One small prestige problem now.,31,0,one small prestige problem now.
spam,Fancy a shag? I do.Interested? sextextuk.com txt XXUK SUZY to 69876. Txts cost 1.50 per msg. TnCs on website. X,111,1,fancy a shag? i do.interested? sextextuk.com txt xxuk suzy to 69876. txts cost 1.50 per msg. tncs on website. x
ham,Just checking in on you. Really do miss seeing Jeremiah. Do have a great month,78,0,just checking in on you. really do miss seeing jeremiah. do have a great month
ham,"Nah can't help you there, I've never had an iphone",50,0,"nah can't help you there, i've never had an iphone"
ham,If you're not in my car in an hour and a half I'm going apeshit,63,0,if you're not in my car in an hour and a half i'm going apeshit
ham,"TODAY is Sorry day.! If ever i was angry with you, if ever i misbehaved or hurt you? plz plz JUST SLAP URSELF Bcoz, Its ur fault, I'm basically GOOD",148,0,"today is sorry day.! if ever i was angry with you, if ever i misbehaved or hurt you? plz plz just slap urself bcoz, its ur fault, i'm basically good"
ham,Yo you guys ever figure out how much we need for alcohol? Jay and I are trying to figure out how much we can safely spend on weed,129,0,yo you guys ever figure out how much we need for alcohol? jay and i are trying to figure out how much we can safely spend on weed
ham,&lt;#&gt; ISH MINUTES WAS 5 MINUTES AGO. WTF.,45,0,&lt;#&gt; ish minutes was 5 minutes ago. wtf.
ham,"Thank You for calling.Forgot to say Happy Onam to you Sirji.I am fine here and remembered you when i met an insurance person.Meet You in Qatar Insha Allah.Rakhesh, ex Tata AIG who joined TISSCO,Tayseer.",202,0,"thank you for calling.forgot to say happy onam to you sirji.i am fine here and remembered you when i met an insurance person.meet you in qatar insha allah.rakhesh, ex tata aig who joined tissco,tayseer."
spam,Ur cash-balance is currently 500 pounds - to maximize ur cash-in now send CASH to 86688 only 150p/msg. CC: 08708800282 HG/Suite342/2Lands Row/W1J6HL,148,1,ur cash-balance is currently 500 pounds - to maximize ur cash-in now send cash to 86688 only 150p/msg. cc: 08708800282 hg/suite342/2lands row/w1j6hl
ham,"I'm an actor. When i work, i work in the evening and sleep late. Since i'm unemployed at the moment, i ALWAYS sleep late. When you're unemployed, every day is saturday.",168,0,"i'm an actor. when i work, i work in the evening and sleep late. since i'm unemployed at the moment, i always sleep late. when you're unemployed, every day is saturday."
ham,"Hello! Just got here, st andrews-boy its a long way! Its cold. I will keep you posted",85,0,"hello! just got here, st andrews-boy its a long way! its cold. i will keep you posted"
ham,Ha ha cool cool chikku chikku:-):-DB-),38,0,ha ha cool cool chikku chikku:-):-db-)
ham,Oh ok no prob..,15,0,oh ok no prob..
ham,Check audrey's status right now,31,0,check audrey's status right now
ham,Busy here. Trying to finish for new year. I am looking forward to finally meeting you...,88,0,busy here. trying to finish for new year. i am looking forward to finally meeting you...
ham,"Good afternoon sunshine! How dawns that day ? Are we refreshed and happy to be alive? Do we breathe in the air and smile ? I think of you, my love ... As always",160,0,"good afternoon sunshine! how dawns that day ? are we refreshed and happy to be alive? do we breathe in the air and smile ? i think of you, my love ... as always"
ham,Well i know Z will take care of me. So no worries.,50,0,well i know z will take care of me. so no worries.
spam,"Update_Now - Xmas Offer! Latest Motorola, SonyEricsson & Nokia & FREE Bluetooth! Double Mins & 1000 Txt on Orange. Call MobileUpd8 on 08000839402 or call2optout/F4Q=",165,1,"update_now - xmas offer! latest motorola, sonyericsson & nokia & free bluetooth! double mins & 1000 txt on orange. call mobileupd8 on 08000839402 or call2optout/f4q="
spam,Here is your discount code RP176781. To stop further messages reply stop. www.regalportfolio.co.uk. Customer Services 08717205546,129,1,here is your discount code rp176781. to stop further messages reply stop. www.regalportfolio.co.uk. customer services 08717205546
ham,Wat uniform? In where get?,26,0,wat uniform? in where get?
ham,"Cool, text me when you're ready",31,0,"cool, text me when you're ready"
ham,"Hello my boytoy ... Geeee I miss you already and I just woke up. I wish you were here in bed with me, cuddling me. I love you ...",129,0,"hello my boytoy ... geeee i miss you already and i just woke up. i wish you were here in bed with me, cuddling me. i love you ..."
ham,I will spoil you in bed as well :),34,0,i will spoil you in bed as well :)
ham,I'm going for bath will msg you next  &lt;#&gt;  min..,54,0,i'm going for bath will msg you next  &lt;#&gt;  min..
ham,I cant keep talking to people if am not sure i can pay them if they agree to price. So pls tell me what you want to really buy and how much you are willing to pay,162,0,i cant keep talking to people if am not sure i can pay them if they agree to price. so pls tell me what you want to really buy and how much you are willing to pay
spam,"Thanks for your Ringtone Order, Reference T91. You will be charged GBP 4 per week. You can unsubscribe at anytime by calling customer services on 09057039994",157,1,"thanks for your ringtone order, reference t91. you will be charged gbp 4 per week. you can unsubscribe at anytime by calling customer services on 09057039994"
ham,Can you say what happen,23,0,can you say what happen
ham,You could have seen me..i did't recognise you Face.:),53,0,you could have seen me..i did't recognise you face.:)
ham,Well there's not a lot of things happening in Lindsay on New years *sighs* Some bars in Ptbo and the blue heron has something going,131,0,well there's not a lot of things happening in lindsay on new years *sighs* some bars in ptbo and the blue heron has something going
ham,Keep my payasam there if rinu brings,36,0,keep my payasam there if rinu brings
ham,I taught that Ranjith sir called me. So only i sms like that. Becaus hes verifying about project. Prabu told today so only pa dont mistake me..,143,0,i taught that ranjith sir called me. so only i sms like that. becaus hes verifying about project. prabu told today so only pa dont mistake me..
ham,"I guess that's why you re worried. You must know that there's a way the body repairs itself. And i'm quite sure you shouldn't worry. We'll take it slow. First the tests, they will guide when your ovulation is then just relax. Nothing you've said is a reason to worry but i.ll keep on followin you up.",300,0,"i guess that's why you re worried. you must know that there's a way the body repairs itself. and i'm quite sure you shouldn't worry. we'll take it slow. first the tests, they will guide when your ovulation is then just relax. nothing you've said is a reason to worry but i.ll keep on followin you up."
ham,"Yeah sure, give me a couple minutes to track down my wallet",59,0,"yeah sure, give me a couple minutes to track down my wallet"
ham,Hey leave it. not a big deal:-) take care.,42,0,hey leave it. not a big deal:-) take care.
ham,Hey i will be late ah... Meet you at 945+,41,0,hey i will be late ah... meet you at 945+
spam,"Double mins and txts 4 6months FREE Bluetooth on Orange. Available on Sony, Nokia Motorola phones. Call MobileUpd8 on 08000839402 or call2optout/N9DX",149,1,"double mins and txts 4 6months free bluetooth on orange. available on sony, nokia motorola phones. call mobileupd8 on 08000839402 or call2optout/n9dx"
ham,It took Mr owl 3 licks,22,0,it took mr owl 3 licks
ham,Customer place i will call you.,31,0,customer place i will call you.
ham,Mm that time you dont like fun,30,0,mm that time you dont like fun
spam,4mths half price Orange line rental & latest camera phones 4 FREE. Had your phone 11mths ? Call MobilesDirect free on 08000938767 to update now! or2stoptxt,155,1,4mths half price orange line rental & latest camera phones 4 free. had your phone 11mths ? call mobilesdirect free on 08000938767 to update now! or2stoptxt
ham,Yup having my lunch buffet now.. U eat already?,47,0,yup having my lunch buffet now.. u eat already?
ham,Huh so late... Fr dinner?,25,0,huh so late... fr dinner?
ham,Hey so this sat are we going for the intro pilates only? Or the kickboxing too? ,80,0,hey so this sat are we going for the intro pilates only? or the kickboxing too? 
ham,Morning only i can ok.,22,0,morning only i can ok.
ham,Yes i think so. I am in office but my lap is in room i think thats on for the last few days. I didnt shut that down,115,0,yes i think so. i am in office but my lap is in room i think thats on for the last few days. i didnt shut that down
ham,Pick you up bout 7.30ish? What time are  and that going?,56,0,pick you up bout 7.30ish? what time are  and that going?
ham,From here after The performance award is calculated every two month.not for current one month period..,102,0,from here after the performance award is calculated every two month.not for current one month period..
ham,Was actually sleeping and still might when u call back. So a text is gr8. You rock sis. Will send u a text wen i wake.,118,0,was actually sleeping and still might when u call back. so a text is gr8. you rock sis. will send u a text wen i wake.
ham,"You are always putting your business out there. You put pictures of your ass on facebook. You are one of the most open people i've ever met. Why would i think a picture of your room would hurt you, make you feel violated.",221,0,"you are always putting your business out there. you put pictures of your ass on facebook. you are one of the most open people i've ever met. why would i think a picture of your room would hurt you, make you feel violated."
ham,"Good evening Sir, Al Salam Wahleykkum.sharing a happy news.By the grace of God, i got an offer from Tayseer,TISSCO and i joined.Hope you are fine.Inshah Allah,meet you sometime.Rakhesh,visitor from India.",204,0,"good evening sir, al salam wahleykkum.sharing a happy news.by the grace of god, i got an offer from tayseer,tissco and i joined.hope you are fine.inshah allah,meet you sometime.rakhesh,visitor from india."
ham,Hmmm...k...but i want to change the field quickly da:-)i wanna get system administrator or network administrator..,114,0,hmmm...k...but i want to change the field quickly da:-)i wanna get system administrator or network administrator..
spam,"FREE RINGTONE text FIRST to 87131 for a poly or text GET to 87131 for a true tone! Help? 0845 2814032 16 after 1st free, tones are 3x£150pw to e£nd txt stop",156,1,"free ringtone text first to 87131 for a poly or text get to 87131 for a true tone! help? 0845 2814032 16 after 1st free, tones are 3x£150pw to e£nd txt stop"
ham,Dear how is chechi. Did you talk to her,39,0,dear how is chechi. did you talk to her
ham,The hair cream has not been shipped.,36,0,the hair cream has not been shipped.
ham,None of that's happening til you get here though,48,0,none of that's happening til you get here though
ham,"Yep, the great loxahatchee xmas tree burning of  &lt;#&gt;  starts in an hour",77,0,"yep, the great loxahatchee xmas tree burning of  &lt;#&gt;  starts in an hour"
ham,"Haha get used to driving to usf man, I know a lot of stoners",60,0,"haha get used to driving to usf man, i know a lot of stoners"
ham,All was well until slightly disastrous class this pm with my fav darlings! Hope day off ok. Coffee wld be good as can't stay late tomorrow. Same time + place as always?,168,0,all was well until slightly disastrous class this pm with my fav darlings! hope day off ok. coffee wld be good as can't stay late tomorrow. same time + place as always?
ham,Hello! Good week? Fancy a drink or something later?,51,0,hello! good week? fancy a drink or something later?
ham,Headin towards busetop,22,0,headin towards busetop
ham,Message:some text missing* Sender:Name Missing* *Number Missing *Sent:Date missing *Missing U a lot thats y everything is missing sent via fullonsms.com,152,0,message:some text missing* sender:name missing* *number missing *sent:date missing *missing u a lot thats y everything is missing sent via fullonsms.com
ham,Come by our room at some point so we can iron out the plan for this weekend,75,0,come by our room at some point so we can iron out the plan for this weekend
ham,Cos i want it to be your thing,30,0,cos i want it to be your thing
ham,"Okies... I'll go yan jiu too... We can skip ard oso, go cine den go mrt one, blah blah blah... ",95,0,"okies... i'll go yan jiu too... we can skip ard oso, go cine den go mrt one, blah blah blah... "
ham,Bring home some Wendy =D,24,0,bring home some wendy =d
spam,100 dating service cal;l 09064012103 box334sk38ch,49,1,100 dating service cal;l 09064012103 box334sk38ch
ham,Whatsup there. Dont u want to sleep,35,0,whatsup there. dont u want to sleep
ham,Alright i have a new goal now,29,0,alright i have a new goal now
spam,FREE entry into our £250 weekly competition just text the word WIN to 80086 NOW. 18 T&C www.txttowin.co.uk,106,1,free entry into our £250 weekly competition just text the word win to 80086 now. 18 t&c www.txttowin.co.uk
ham,"Alright, I'll head out in a few minutes, text me where to meet you",66,0,"alright, i'll head out in a few minutes, text me where to meet you"
spam,Send a logo 2 ur lover - 2 names joined by a heart. Txt LOVE NAME1 NAME2 MOBNO eg LOVE ADAM EVE 07123456789 to 87077 Yahoo! POBox36504W45WQ TxtNO 4 no ads 150p,159,1,send a logo 2 ur lover - 2 names joined by a heart. txt love name1 name2 mobno eg love adam eve 07123456789 to 87077 yahoo! pobox36504w45wq txtno 4 no ads 150p
ham,Yes:)from last week itself i'm taking live call.,48,0,yes:)from last week itself i'm taking live call.
spam,Someone has contacted our dating service and entered your phone because they fancy you! To find out who it is call from a landline 09111032124 . PoBox12n146tf150p,162,1,someone has contacted our dating service and entered your phone because they fancy you! to find out who it is call from a landline 09111032124 . pobox12n146tf150p
ham,Siva is in hostel aha:-.,24,0,siva is in hostel aha:-.
spam,URGENT! Your Mobile number has been awarded with a £2000 prize GUARANTEED. Call 09058094455 from land line. Claim 3030. Valid 12hrs only,136,1,urgent! your mobile number has been awarded with a £2000 prize guaranteed. call 09058094455 from land line. claim 3030. valid 12hrs only
ham,Send this to ur friends and receive something about ur voice..... How is my speaking expression? 1.childish 2.naughty 3.Sentiment 4.rowdy 5.ful of attitude 6.romantic 7.shy 8.Attractive 9.funny  &lt;#&gt; .irritating  &lt;#&gt; .lovable. reply me..,248,0,send this to ur friends and receive something about ur voice..... how is my speaking expression? 1.childish 2.naughty 3.sentiment 4.rowdy 5.ful of attitude 6.romantic 7.shy 8.attractive 9.funny  &lt;#&gt; .irritating  &lt;#&gt; .lovable. reply me..
ham,Ok. She'll be ok. I guess,25,0,ok. she'll be ok. i guess
ham,aathi..where are you dear..,27,0,aathi..where are you dear..
ham,Any pain on urination any thing else?,37,0,any pain on urination any thing else?
ham,7 at esplanade.. Do ü mind giving me a lift cos i got no car today..,68,0,7 at esplanade.. do ü mind giving me a lift cos i got no car today..
ham,I wnt to buy a BMW car urgently..its vry urgent.but hv a shortage of  &lt;#&gt; Lacs.there is no source to arng dis amt. &lt;#&gt; lacs..thats my prob,150,0,i wnt to buy a bmw car urgently..its vry urgent.but hv a shortage of  &lt;#&gt; lacs.there is no source to arng dis amt. &lt;#&gt; lacs..thats my prob
ham,At home watching tv lor.,24,0,at home watching tv lor.
ham,Does she usually take fifteen fucking minutes to respond to a yes or no question,80,0,does she usually take fifteen fucking minutes to respond to a yes or no question
spam,Congrats! Nokia 3650 video camera phone is your Call 09066382422 Calls cost 150ppm Ave call 3mins vary from mobiles 16+ Close 300603 post BCM4284 Ldn WC1N3XX,157,1,congrats! nokia 3650 video camera phone is your call 09066382422 calls cost 150ppm ave call 3mins vary from mobiles 16+ close 300603 post bcm4284 ldn wc1n3xx
ham,Booked ticket for pongal?,25,0,booked ticket for pongal?
ham,You available now? I'm like right around hillsborough &amp;  &lt;#&gt; th,73,0,you available now? i'm like right around hillsborough &amp;  &lt;#&gt; th
ham,The message sent is askin for  &lt;#&gt; dollars. Shoul i pay  &lt;#&gt;  or  &lt;#&gt; ?,89,0,the message sent is askin for  &lt;#&gt; dollars. shoul i pay  &lt;#&gt;  or  &lt;#&gt; ?
ham,"Ask g or iouri, I've told the story like ten times already",58,0,"ask g or iouri, i've told the story like ten times already"
ham,How long does applebees fucking take,36,0,how long does applebees fucking take
ham,"Hi hope u get this txt~journey hasnt been gd,now about 50 mins late I think.",76,0,"hi hope u get this txt~journey hasnt been gd,now about 50 mins late i think."
ham,But i have to. I like to have love and arrange.,47,0,but i have to. i like to have love and arrange.
ham,Yes..he is really great..bhaji told kallis best cricketer after sachin in world:).very tough to get out.,104,0,yes..he is really great..bhaji told kallis best cricketer after sachin in world:).very tough to get out.
ham,You were supposed to wake ME up &gt;:(,38,0,you were supposed to wake me up &gt;:(
ham,Oic... I saw him too but i tot he din c me... I found a group liao...,69,0,oic... i saw him too but i tot he din c me... i found a group liao...
ham,"HEY HEY WERETHE MONKEESPEOPLE SAY WE MONKEYAROUND! HOWDY GORGEOUS, HOWU DOIN? FOUNDURSELF A JOBYET SAUSAGE?LOVE JEN XXX",119,0,"hey hey werethe monkeespeople say we monkeyaround! howdy gorgeous, howu doin? foundurself a jobyet sausage?love jen xxx"
ham,"Sorry, my battery died, I can come by but I'm only getting a gram for now, where's your place?",94,0,"sorry, my battery died, i can come by but i'm only getting a gram for now, where's your place?"
ham,"Well done, blimey, exercise, yeah, i kinda remember wot that is, hmm. ",70,0,"well done, blimey, exercise, yeah, i kinda remember wot that is, hmm. "
ham,I wont get concentration dear you know you are my mind and everything :-),73,0,i wont get concentration dear you know you are my mind and everything :-)
ham,LOL ... Have you made plans for new years?,42,0,lol ... have you made plans for new years?
ham,10 min later k...,17,0,10 min later k...
ham,hanks lotsly!,13,0,hanks lotsly!
ham,Thanks for this hope you had a good day today,45,0,thanks for this hope you had a good day today
ham,K:)k:)what are detail you want to transfer?acc no enough?,57,0,k:)k:)what are detail you want to transfer?acc no enough?
ham,Ok i will tell her to stay out. Yeah its been tough but we are optimistic things will improve this month.,105,0,ok i will tell her to stay out. yeah its been tough but we are optimistic things will improve this month.
spam,"Loan for any purpose £500 - £75,000. Homeowners + Tenants welcome. Have you been previously refused? We can still help. Call Free 0800 1956669 or text back 'help'",162,1,"loan for any purpose £500 - £75,000. homeowners + tenants welcome. have you been previously refused? we can still help. call free 0800 1956669 or text back 'help'"
ham,Si si. I think ill go make those oreo truffles.,47,0,si si. i think ill go make those oreo truffles.
ham,"LOOK AT AMY URE A BEAUTIFUL, INTELLIGENT WOMAN AND I LIKE U A LOT. I KNOW U DONT LIKE ME LIKE THAT SO DONT WORRY.",115,0,"look at amy ure a beautiful, intelligent woman and i like u a lot. i know u dont like me like that so dont worry."
ham,I hope you that's the result of being consistently intelligent and kind. Start asking him about practicum links and keep your ears open and all the best. ttyl,158,0,i hope you that's the result of being consistently intelligent and kind. start asking him about practicum links and keep your ears open and all the best. ttyl
ham,"1.20 that call cost. Which i guess isnt bad. Miss ya, need ya, want ya, love ya",79,0,"1.20 that call cost. which i guess isnt bad. miss ya, need ya, want ya, love ya"
ham,Going thru a very different feeling.wavering decisions and coping up with the same is the same individual.time will heal everything i believe.,142,0,going thru a very different feeling.wavering decisions and coping up with the same is the same individual.time will heal everything i believe.
ham,Where did u go? My phone is gonna die you have to stay in here,62,0,where did u go? my phone is gonna die you have to stay in here
ham,Great. Never been better. Each day gives even more reasons to thank God,71,0,great. never been better. each day gives even more reasons to thank god
spam,"UpgrdCentre Orange customer, you may now claim your FREE CAMERA PHONE upgrade for your loyalty. Call now on 0207 153 9153. Offer ends 26th July. T&C's apply. Opt-out available",175,1,"upgrdcentre orange customer, you may now claim your free camera phone upgrade for your loyalty. call now on 0207 153 9153. offer ends 26th july. t&c's apply. opt-out available"
ham,"Sorry, I'll call later ok bye",29,0,"sorry, i'll call later ok bye"
ham,Ok i am on the way to railway,29,0,ok i am on the way to railway
ham,great princess! I love giving and receiving oral. Doggy style is my fave position. How about you? I enjoy making love  &lt;#&gt;  times per night :),148,0,great princess! i love giving and receiving oral. doggy style is my fave position. how about you? i enjoy making love  &lt;#&gt;  times per night :)
ham,They don't put that stuff on the roads to keep it from getting slippery over there?,83,0,they don't put that stuff on the roads to keep it from getting slippery over there?
ham,When are you going to ride your bike?,37,0,when are you going to ride your bike?
ham,"Yup, no need. I'll jus wait 4 e rain 2 stop.",44,0,"yup, no need. i'll jus wait 4 e rain 2 stop."
ham,There are many company. Tell me the language.,45,0,there are many company. tell me the language.
spam,okmail: Dear Dave this is your final notice to collect your 4* Tenerife Holiday or #5000 CASH award! Call 09061743806 from landline. TCs SAE Box326 CW25WX 150ppm,161,1,okmail: dear dave this is your final notice to collect your 4* tenerife holiday or #5000 cash award! call 09061743806 from landline. tcs sae box326 cw25wx 150ppm
ham,"How long has it been since you screamed, princess?",50,0,"how long has it been since you screamed, princess?"
ham,"Nothing. I meant that once the money enters your account here, the bank will remove its flat rate. Someone transfered  &lt;#&gt;  to my account and  &lt;#&gt; dollars got removed. So the banks differ and charges also differ.be sure you trust the 9ja person you are sending account details to cos...",298,0,"nothing. i meant that once the money enters your account here, the bank will remove its flat rate. someone transfered  &lt;#&gt;  to my account and  &lt;#&gt; dollars got removed. so the banks differ and charges also differ.be sure you trust the 9ja person you are sending account details to cos..."
spam,Want 2 get laid tonight? Want real Dogging locations sent direct 2 ur Mob? Join the UK's largest Dogging Network by txting MOAN to 69888Nyt. ec2a. 31p.msg@150p,159,1,want 2 get laid tonight? want real dogging locations sent direct 2 ur mob? join the uk's largest dogging network by txting moan to 69888nyt. ec2a. 31p.msg@150p
ham,Nice line said by a broken heart- Plz don't cum 1 more times infront of me... Other wise once again I ll trust U... Good 9t:),125,0,nice line said by a broken heart- plz don't cum 1 more times infront of me... other wise once again i ll trust u... good 9t:)
ham,Ok I'm gonna head up to usf in like fifteen minutes,51,0,ok i'm gonna head up to usf in like fifteen minutes
ham,Love you aathi..love u lot..,28,0,love you aathi..love u lot..
ham,Tension ah?what machi?any problem?,34,0,tension ah?what machi?any problem?
ham,"K, can I pick up another 8th when you're done?",46,0,"k, can i pick up another 8th when you're done?"
ham,When're you guys getting back? G said you were thinking about not staying for mcr,81,0,when're you guys getting back? g said you were thinking about not staying for mcr
ham,"Almost there, see u in a sec",28,0,"almost there, see u in a sec"
ham,"Yo carlos, a few friends are already asking me about you, you working at all this weekend?",90,0,"yo carlos, a few friends are already asking me about you, you working at all this weekend?"
ham,Watching tv lor...,18,0,watching tv lor...
ham,Thank you baby! I cant wait to taste the real thing...,54,0,thank you baby! i cant wait to taste the real thing...
ham,You should change your fb to jaykwon thuglyfe falconerf,55,0,you should change your fb to jaykwon thuglyfe falconerf
ham,If we win its really no 1 side for long time.,45,0,if we win its really no 1 side for long time.
spam,"FREE MESSAGE Activate your 500 FREE Text Messages by replying to this message with the word FREE For terms & conditions, visit www.07781482378.com",146,1,"free message activate your 500 free text messages by replying to this message with the word free for terms & conditions, visit www.07781482378.com"
ham,Dear reached railway. What happen to you,40,0,dear reached railway. what happen to you
ham,"Depends on quality. If you want the type i sent boye, faded glory, then about 6. If you want ralphs maybe 2",107,0,"depends on quality. if you want the type i sent boye, faded glory, then about 6. if you want ralphs maybe 2"
ham,I think i've fixed it can you send a test message?,50,0,i think i've fixed it can you send a test message?
ham,"Sorry man my account's dry or I would, if you want we could trade back half or I could buy some shit with my credit card",120,0,"sorry man my account's dry or i would, if you want we could trade back half or i could buy some shit with my credit card"
spam,"Congrats! 1 year special cinema pass for 2 is yours. call 09061209465 now! C Suprman V, Matrix3, StarWars3, etc all 4 FREE! bx420-ip4-5we. 150pm. Dont miss out!",160,1,"congrats! 1 year special cinema pass for 2 is yours. call 09061209465 now! c suprman v, matrix3, starwars3, etc all 4 free! bx420-ip4-5we. 150pm. dont miss out!"
ham,"Sorry,in meeting I'll call later",32,0,"sorry,in meeting i'll call later"
ham,What class of  &lt;#&gt;  reunion?,34,0,what class of  &lt;#&gt;  reunion?
ham,Are you free now?can i call now?,32,0,are you free now?can i call now?
ham,Got meh... When?,16,0,got meh... when?
ham,Nope... Think i will go for it on monday... Sorry i replied so late,67,0,nope... think i will go for it on monday... sorry i replied so late
ham,Some of them told accenture is not confirm. Is it true.,55,0,some of them told accenture is not confirm. is it true.
ham,"Kate jackson rec center before 7ish, right?",43,0,"kate jackson rec center before 7ish, right?"
ham,Dear i have reache room,23,0,dear i have reache room
ham,"Fighting with the world is easy, u either win or lose bt fightng with some1 who is close to u is dificult if u lose - u lose if u win - u still lose.",149,0,"fighting with the world is easy, u either win or lose bt fightng with some1 who is close to u is dificult if u lose - u lose if u win - u still lose."
ham,When can ü come out?,20,0,when can ü come out?
ham,Check with nuerologist.,23,0,check with nuerologist.
ham,Lolnice. I went from a fish to ..water.?,40,0,lolnice. i went from a fish to ..water.?
spam,+123 Congratulations - in this week's competition draw u have won the £1450 prize to claim just call 09050002311 b4280703. T&Cs/stop SMS 08718727868. Over 18 only 150ppm,169,1,+123 congratulations - in this week's competition draw u have won the £1450 prize to claim just call 09050002311 b4280703. t&cs/stop sms 08718727868. over 18 only 150ppm
ham,No it's waiting in e car dat's bored wat. Cos wait outside got nothing 2 do. At home can do my stuff or watch tv wat.,117,0,no it's waiting in e car dat's bored wat. cos wait outside got nothing 2 do. at home can do my stuff or watch tv wat.
ham,"Maybe westshore or hyde park village, the place near my house?",62,0,"maybe westshore or hyde park village, the place near my house?"
ham,You should know now. So how's anthony. Are you bringing money. I've school fees to pay and rent and stuff like that. Thats why i need your help. A friend in need....|,166,0,you should know now. so how's anthony. are you bringing money. i've school fees to pay and rent and stuff like that. thats why i need your help. a friend in need....|
ham,What's the significance?,24,0,what's the significance?
ham,Your opinion about me? 1. Over 2. Jada 3. Kusruthi 4. Lovable 5. Silent 6. Spl character 7. Not matured 8. Stylish 9. Simple Pls reply..,136,0,your opinion about me? 1. over 2. jada 3. kusruthi 4. lovable 5. silent 6. spl character 7. not matured 8. stylish 9. simple pls reply..
ham,"8 at the latest, g's still there if you can scrounge up some ammo and want to give the new ak a try",99,0,"8 at the latest, g's still there if you can scrounge up some ammo and want to give the new ak a try"
ham,Prabha..i'm soryda..realy..frm heart i'm sory,45,0,prabha..i'm soryda..realy..frm heart i'm sory
ham,Lol ok your forgiven :),23,0,lol ok your forgiven :)
ham,No..jst change tat only..,25,0,no..jst change tat only..
spam,"You are guaranteed the latest Nokia Phone, a 40GB iPod MP3 player or a £500 prize! Txt word: COLLECT to No: 83355! IBHltd LdnW15H 150p/Mtmsgrcvd18+",147,1,"you are guaranteed the latest nokia phone, a 40gb ipod mp3 player or a £500 prize! txt word: collect to no: 83355! ibhltd ldnw15h 150p/mtmsgrcvd18+"
ham,S:)no competition for him.,26,0,s:)no competition for him.
spam,Boltblue tones for 150p Reply POLY# or MONO# eg POLY3 1. Cha Cha Slide 2. Yeah 3. Slow Jamz 6. Toxic 8. Come With Me or STOP 4 more tones txt MORE,146,1,boltblue tones for 150p reply poly# or mono# eg poly3 1. cha cha slide 2. yeah 3. slow jamz 6. toxic 8. come with me or stop 4 more tones txt more
spam,Your credits have been topped up for http://www.bubbletext.com Your renewal Pin is tgxxrz,89,1,your credits have been topped up for http://www.bubbletext.com your renewal pin is tgxxrz
ham,"That way transport is less problematic than on sat night. By the way, if u want to ask  n  to join my bday, feel free. But need to know definite nos as booking on fri. ",168,0,"that way transport is less problematic than on sat night. by the way, if u want to ask  n  to join my bday, feel free. but need to know definite nos as booking on fri. "
ham,Usually the person is unconscious that's in children but in adults they may just behave abnormally. I.ll call you now,117,0,usually the person is unconscious that's in children but in adults they may just behave abnormally. i.ll call you now
ham,But that's on ebay it might be less elsewhere.,46,0,but that's on ebay it might be less elsewhere.
ham,Shall i come to get pickle,26,0,shall i come to get pickle
ham,Were gonna go get some tacos,28,0,were gonna go get some tacos
ham,"That's very rude, you on campus?",32,0,"that's very rude, you on campus?"
spam,"URGENT!: Your Mobile No. was awarded a £2,000 Bonus Caller Prize on 02/09/03! This is our 2nd attempt to contact YOU! Call 0871-872-9755 BOX95QU",144,1,"urgent!: your mobile no. was awarded a £2,000 bonus caller prize on 02/09/03! this is our 2nd attempt to contact you! call 0871-872-9755 box95qu"
ham,Hi i won't b ard 4 christmas. But do enjoy n merry x'mas.,57,0,hi i won't b ard 4 christmas. but do enjoy n merry x'mas.
spam,"Today's Offer! Claim ur £150 worth of discount vouchers! Text YES to 85023 now! SavaMob, member offers mobile! T Cs 08717898035. £3.00 Sub. 16 . Unsub reply X",158,1,"today's offer! claim ur £150 worth of discount vouchers! text yes to 85023 now! savamob, member offers mobile! t cs 08717898035. £3.00 sub. 16 . unsub reply x"
ham,Yes! How is a pretty lady like you single?,42,0,yes! how is a pretty lady like you single?
spam,You will recieve your tone within the next 24hrs. For Terms and conditions please see Channel U Teletext Pg 750,111,1,you will recieve your tone within the next 24hrs. for terms and conditions please see channel u teletext pg 750
ham,Jay says that you're a double-faggot,36,0,jay says that you're a double-faggot
spam,PRIVATE! Your 2003 Account Statement for 07815296484 shows 800 un-redeemed S.I.M. points. Call 08718738001 Identifier Code 41782 Expires 18/11/04 ,146,1,private! your 2003 account statement for 07815296484 shows 800 un-redeemed s.i.m. points. call 08718738001 identifier code 41782 expires 18/11/04 
ham,What Today-sunday..sunday is holiday..so no work..,50,0,what today-sunday..sunday is holiday..so no work..
ham,I'll be late...,15,0,i'll be late...
ham,"I've not called you in a while. This is hoping it was l8r malaria and that you know that we miss you guys. I miss Bani big, so pls give her my love especially. Have a great day.",177,0,"i've not called you in a while. this is hoping it was l8r malaria and that you know that we miss you guys. i miss bani big, so pls give her my love especially. have a great day."
ham,"Good afternoon, my love! How goes that day ? I hope maybe you got some leads on a job. I think of you, boytoy and send you a passionate kiss from across the sea",160,0,"good afternoon, my love! how goes that day ? i hope maybe you got some leads on a job. i think of you, boytoy and send you a passionate kiss from across the sea"
ham,"Probably gonna be here for a while, see you later tonight &lt;)",63,0,"probably gonna be here for a while, see you later tonight &lt;)"
ham,Or maybe my fat fingers just press all these buttons and it doesn't know what to do.,84,0,or maybe my fat fingers just press all these buttons and it doesn't know what to do.
ham,Ummmmmaah Many many happy returns of d day my dear sweet heart.. HAPPY BIRTHDAY dear,84,0,ummmmmaah many many happy returns of d day my dear sweet heart.. happy birthday dear
ham,"I am in tirupur da, once you started from office call me.",57,0,"i am in tirupur da, once you started from office call me."
spam,from www.Applausestore.com MonthlySubscription@50p/msg max6/month T&CsC web age16 2stop txt stop,96,1,from www.applausestore.com monthlysubscription@50p/msg max6/month t&csc web age16 2stop txt stop
ham,"A famous quote : when you develop the ability to listen to 'anything' unconditionally without losing your temper or self confidence, it means you are ......... 'MARRIED'",169,0,"a famous quote : when you develop the ability to listen to 'anything' unconditionally without losing your temper or self confidence, it means you are ......... 'married'"
ham,But am going to college pa. What to do. are else ill come there it self. Pa.,76,0,but am going to college pa. what to do. are else ill come there it self. pa.
ham,4 oclock at mine. Just to bash out a flat plan.,47,0,4 oclock at mine. just to bash out a flat plan.
ham,This girl does not stay in bed. This girl doesn't need recovery time. Id rather pass out while having fun then be cooped up in bed,130,0,this girl does not stay in bed. this girl doesn't need recovery time. id rather pass out while having fun then be cooped up in bed
ham,Then any special there?,23,0,then any special there?
ham,I know but you need to get hotel now. I just got my invitation but i had to apologise. Cali is to sweet for me to come to some english bloke's weddin,149,0,i know but you need to get hotel now. i just got my invitation but i had to apologise. cali is to sweet for me to come to some english bloke's weddin
ham,"Sorry that took so long, omw now",32,0,"sorry that took so long, omw now"
ham,Wait  &lt;#&gt;  min..,22,0,wait  &lt;#&gt;  min..
ham,Ok give me 5 minutes I think I see her. BTW you're my alibi. You were cutting my hair the whole time.,101,0,ok give me 5 minutes i think i see her. btw you're my alibi. you were cutting my hair the whole time.
ham,"Imagine you finally get to sink into that bath after I have put you through your paces, maybe even having you eat me for a while before I left ... But also imagine the feel of that cage on your cock surrounded by the bath water, reminding you always who owns you ... Enjoy, my cuck",281,0,"imagine you finally get to sink into that bath after i have put you through your paces, maybe even having you eat me for a while before i left ... but also imagine the feel of that cage on your cock surrounded by the bath water, reminding you always who owns you ... enjoy, my cuck"
ham,"Hurry up, I've been weed-deficient for like three days",54,0,"hurry up, i've been weed-deficient for like three days"
ham,"Sure, if I get an acknowledgement from you that it's astoundingly tactless and generally faggy to demand a blood oath fo",120,0,"sure, if i get an acknowledgement from you that it's astoundingly tactless and generally faggy to demand a blood oath fo"
ham,Ok. Every night take a warm bath drink a cup of milk and you'll see a work of magic. You still need to loose weight. Just so that you know,138,0,ok. every night take a warm bath drink a cup of milk and you'll see a work of magic. you still need to loose weight. just so that you know
ham,I‘ll have a look at the frying pan in case it‘s cheap or a book perhaps. No that‘s silly a frying pan isn‘t likely to be a book,127,0,i‘ll have a look at the frying pan in case it‘s cheap or a book perhaps. no that‘s silly a frying pan isn‘t likely to be a book
ham,O. Well uv causes mutations. Sunscreen is like essential thesedays,66,0,o. well uv causes mutations. sunscreen is like essential thesedays
ham,Having lunch:)you are not in online?why?,40,0,having lunch:)you are not in online?why?
ham,I know that my friend already told that.,40,0,i know that my friend already told that.
ham,Hi Princess! Thank you for the pics. You are very pretty. How are you?,70,0,hi princess! thank you for the pics. you are very pretty. how are you?
ham,"Aiyo... U always c our ex one... I dunno abt mei, she haven reply... First time u reply so fast... Y so lucky not workin huh, got bao by ur sugardad ah...gee.. ",160,0,"aiyo... u always c our ex one... i dunno abt mei, she haven reply... first time u reply so fast... y so lucky not workin huh, got bao by ur sugardad ah...gee.. "
ham,Hi msg me:)i'm in office..,26,0,hi msg me:)i'm in office..
ham,Thanx 4 e brownie it's v nice...,32,0,thanx 4 e brownie it's v nice...
ham,Geeeee ... I love you so much I can barely stand it,51,0,geeeee ... i love you so much i can barely stand it
spam,GENT! We are trying to contact you. Last weekends draw shows that you won a £1000 prize GUARANTEED. Call 09064012160. Claim Code K52. Valid 12hrs only. 150ppm ,159,1,gent! we are trying to contact you. last weekends draw shows that you won a £1000 prize guaranteed. call 09064012160. claim code k52. valid 12hrs only. 150ppm 
ham,"Fuck babe ... I miss you already, you know ? Can't you let me send you some money towards your net ? I need you ... I want you ... I crave you ...",146,0,"fuck babe ... i miss you already, you know ? can't you let me send you some money towards your net ? i need you ... i want you ... i crave you ..."
ham,"Ill call u 2mrw at ninish, with my address that icky American freek wont stop callin me 2 bad Jen k eh?",103,0,"ill call u 2mrw at ninish, with my address that icky american freek wont stop callin me 2 bad jen k eh?"
ham,Oooh bed ridden ey? What are YOU thinking of?,45,0,oooh bed ridden ey? what are you thinking of?
ham,"So anyways, you can just go to your gym or whatever, my love *smiles* I hope your ok and having a good day babe ... I miss you so much already",142,0,"so anyways, you can just go to your gym or whatever, my love *smiles* i hope your ok and having a good day babe ... i miss you so much already"
ham,Love it! Daddy will make you scream with pleasure! I am going to slap your ass with my dick!,92,0,love it! daddy will make you scream with pleasure! i am going to slap your ass with my dick!
ham,WOT U WANNA DO THEN MISSY?,26,0,wot u wanna do then missy?
ham,Yar lor wait 4 my mum 2 finish sch then have lunch lor... I whole morning stay at home clean my room now my room quite clean... Hee...,134,0,yar lor wait 4 my mum 2 finish sch then have lunch lor... i whole morning stay at home clean my room now my room quite clean... hee...
ham,Do you know where my lab goggles went,37,0,do you know where my lab goggles went
ham,Can you open the door?,22,0,can you open the door?
ham,Waiting for your call.,22,0,waiting for your call.
ham,Nope i waiting in sch 4 daddy... ,33,0,nope i waiting in sch 4 daddy... 
spam,"You have won ?1,000 cash or a ?2,000 prize! To claim, call09050000327",69,1,"you have won ?1,000 cash or a ?2,000 prize! to claim, call09050000327"
ham,"I'm tired of arguing with you about this week after week. Do what you want and from now on, i'll do the same.",109,0,"i'm tired of arguing with you about this week after week. do what you want and from now on, i'll do the same."
ham,Ü wait 4 me in sch i finish ard 5..,35,0,ü wait 4 me in sch i finish ard 5..
spam,"our mobile number has won £5000, to claim calls us back or ring the claims hot line on 09050005321.",99,1,"our mobile number has won £5000, to claim calls us back or ring the claims hot line on 09050005321."
ham,"Arngd marriage is while u r walkin unfortuntly a snake bites u. bt love marriage is dancing in frnt of d snake &amp; sayin Bite me, bite me.",140,0,"arngd marriage is while u r walkin unfortuntly a snake bites u. bt love marriage is dancing in frnt of d snake &amp; sayin bite me, bite me."
ham,Huh so early.. Then ü having dinner outside izzit?,50,0,huh so early.. then ü having dinner outside izzit?
ham,Ok anyway no need to change with what you said,46,0,ok anyway no need to change with what you said
spam,We tried to contact you re your reply to our offer of 750 mins 150 textand a new video phone call 08002988890 now or reply for free delivery tomorrow,149,1,we tried to contact you re your reply to our offer of 750 mins 150 textand a new video phone call 08002988890 now or reply for free delivery tomorrow
ham,my ex-wife was not able to have kids. Do you want kids one day?,63,0,my ex-wife was not able to have kids. do you want kids one day?
ham,So how's scotland. Hope you are not over showing your JJC tendencies. Take care. Live the dream,95,0,so how's scotland. hope you are not over showing your jjc tendencies. take care. live the dream
ham,Tell them u have a headache and just want to use 1 hour of sick time.,69,0,tell them u have a headache and just want to use 1 hour of sick time.
ham,"I dun thk i'll quit yet... Hmmm, can go jazz ? Yogasana oso can... We can go meet em after our lessons den... ",110,0,"i dun thk i'll quit yet... hmmm, can go jazz ? yogasana oso can... we can go meet em after our lessons den... "
ham,Pete can you please ring meive hardly gotany credit,51,0,pete can you please ring meive hardly gotany credit
ham,Ya srsly better than yi tho,27,0,ya srsly better than yi tho
ham,"I'm in a meeting, call me later at",34,0,"i'm in a meeting, call me later at"
spam,"For ur chance to win a £250 wkly shopping spree TXT: SHOP to 80878. T's&C's www.txt-2-shop.com custcare 08715705022, 1x150p/wk",126,1,"for ur chance to win a £250 wkly shopping spree txt: shop to 80878. t's&c's www.txt-2-shop.com custcare 08715705022, 1x150p/wk"
spam,You have been specially selected to receive a 2000 pound award! Call 08712402050 BEFORE the lines close. Cost 10ppm. 16+. T&Cs apply. AG Promo,142,1,you have been specially selected to receive a 2000 pound award! call 08712402050 before the lines close. cost 10ppm. 16+. t&cs apply. ag promo
spam,PRIVATE! Your 2003 Account Statement for 07753741225 shows 800 un-redeemed S. I. M. points. Call 08715203677 Identifier Code: 42478 Expires 24/10/04,148,1,private! your 2003 account statement for 07753741225 shows 800 un-redeemed s. i. m. points. call 08715203677 identifier code: 42478 expires 24/10/04
ham,You still at grand prix?,24,0,you still at grand prix?
ham,"I met you as a stranger and choose you as my friend. As long as the world stands, our friendship never ends. Lets be Friends forever!!! Gud nitz...",147,0,"i met you as a stranger and choose you as my friend. as long as the world stands, our friendship never ends. lets be friends forever!!! gud nitz..."
ham,I am great! How are you?,24,0,i am great! how are you?
ham,Gud mrng dear have a nice day,29,0,gud mrng dear have a nice day
spam,You have an important customer service announcement. Call FREEPHONE 0800 542 0825 now!,86,1,you have an important customer service announcement. call freephone 0800 542 0825 now!
ham,Will do. Was exhausted on train this morning. Too much wine and pie. You sleep well too,87,0,will do. was exhausted on train this morning. too much wine and pie. you sleep well too
ham,I'm going out to buy mum's present ar.,38,0,i'm going out to buy mum's present ar.
ham,Mind blastin.. No more Tsunamis will occur from now on.. Rajnikant stopped swimming in Indian Ocean..:-D,104,0,mind blastin.. no more tsunamis will occur from now on.. rajnikant stopped swimming in indian ocean..:-d
ham,If u sending her home first it's ok lor. I'm not ready yet.,59,0,if u sending her home first it's ok lor. i'm not ready yet.
ham,Speaking of does he have any cash yet?,38,0,speaking of does he have any cash yet?
ham,Be happy there. I will come after noon,38,0,be happy there. i will come after noon
ham,Meet after lunch la...,22,0,meet after lunch la...
ham,TaKe CaRE n gET WeLL sOOn,25,0,take care n get well soon
spam,XCLUSIVE@CLUBSAISAI 2MOROW 28/5 SOIREE SPECIALE ZOUK WITH NICHOLS FROM PARIS.FREE ROSES 2 ALL LADIES !!! info: 07946746291/07880867867 ,135,1,xclusive@clubsaisai 2morow 28/5 soiree speciale zouk with nichols from paris.free roses 2 all ladies !!! info: 07946746291/07880867867 
ham,what I meant to say is cant wait to see u again getting bored of this bridgwater banter,87,0,what i meant to say is cant wait to see u again getting bored of this bridgwater banter
ham,Neva mind it's ok..,19,0,neva mind it's ok..
ham,"It's fine, imma get a drink or somethin. Want me to come find you?",66,0,"it's fine, imma get a drink or somethin. want me to come find you?"
spam,22 days to kick off! For Euro2004 U will be kept up to date with the latest news and results daily. To be removed send GET TXT STOP to 83222,140,1,22 days to kick off! for euro2004 u will be kept up to date with the latest news and results daily. to be removed send get txt stop to 83222
ham,Its a valentine game. . . Send dis msg to all ur friends. .. If 5 answers r d same then someone really loves u. Ques- which colour suits me the best?rply me,156,0,its a valentine game. . . send dis msg to all ur friends. .. if 5 answers r d same then someone really loves u. ques- which colour suits me the best?rply me
ham,I have many dependents,22,0,i have many dependents
ham,THANX4 TODAY CER IT WAS NICE 2 CATCH UP BUT WE AVE 2 FIND MORE TIME MORE OFTEN OH WELL TAKE CARE C U SOON.C,107,0,thanx4 today cer it was nice 2 catch up but we ave 2 find more time more often oh well take care c u soon.c
ham,I called and said all to him:)then he have to choose this future.,65,0,i called and said all to him:)then he have to choose this future.
ham,Happy valentines day I know its early but i have hundreds of handsomes and beauties to wish. So i thought to finish off aunties and uncles 1st...,145,0,happy valentines day i know its early but i have hundreds of handsomes and beauties to wish. so i thought to finish off aunties and uncles 1st...
ham,He like not v shock leh. Cos telling shuhui is like telling leona also. Like dat almost all know liao. He got ask me abt ur reaction lor.,137,0,he like not v shock leh. cos telling shuhui is like telling leona also. like dat almost all know liao. he got ask me abt ur reaction lor.
ham,For my family happiness..,25,0,for my family happiness..
ham,I come n pick ü up... Come out immediately aft ur lesson...,59,0,i come n pick ü up... come out immediately aft ur lesson...
ham,Let there be snow. Let there be snow. This kind of weather brings ppl together so friendships can grow.,103,0,let there be snow. let there be snow. this kind of weather brings ppl together so friendships can grow.
ham,Dear we got  &lt;#&gt;  dollars hi hi,37,0,dear we got  &lt;#&gt;  dollars hi hi
ham,Good words.... But words may leave u in dismay many times.,58,0,good words.... but words may leave u in dismay many times.
ham,MAKE SURE ALEX KNOWS HIS BIRTHDAY IS OVER IN FIFTEEN MINUTES AS FAR AS YOU'RE CONCERNED,87,0,make sure alex knows his birthday is over in fifteen minutes as far as you're concerned
ham,"sorry, no, have got few things to do. may be in pub later.",58,0,"sorry, no, have got few things to do. may be in pub later."
ham,"Nah it's straight, if you can just bring bud or drinks or something that's actually a little more useful than straight cash",123,0,"nah it's straight, if you can just bring bud or drinks or something that's actually a little more useful than straight cash"
ham,"Haha good to hear, I'm officially paid and on the market for an 8th",67,0,"haha good to hear, i'm officially paid and on the market for an 8th"
ham,How many licks does it take to get to the center of a tootsie pop?,66,0,how many licks does it take to get to the center of a tootsie pop?
ham,Yup i thk they r e teacher said that will make my face look longer. Darren ask me not 2 cut too short.,102,0,yup i thk they r e teacher said that will make my face look longer. darren ask me not 2 cut too short.
spam,New TEXTBUDDY Chat 2 horny guys in ur area 4 just 25p Free 2 receive Search postcode or at gaytextbuddy.com. TXT ONE name to 89693,130,1,new textbuddy chat 2 horny guys in ur area 4 just 25p free 2 receive search postcode or at gaytextbuddy.com. txt one name to 89693
spam,Todays Vodafone numbers ending with 4882 are selected to a receive a £350 award. If your number matches call 09064019014 to receive your £350 award.,148,1,todays vodafone numbers ending with 4882 are selected to a receive a £350 award. if your number matches call 09064019014 to receive your £350 award.
ham,Please dont say like that. Hi hi hi,35,0,please dont say like that. hi hi hi
ham,Thank u!,8,0,thank u!
ham,Oh that was a forwarded message. I thought you send that to me,62,0,oh that was a forwarded message. i thought you send that to me
ham,Got it. Seventeen pounds for seven hundred ml – hope ok.,56,0,got it. seventeen pounds for seven hundred ml – hope ok.
spam,"Dear Voucher Holder, 2 claim this weeks offer, at your PC go to http://www.e-tlp.co.uk/expressoffer Ts&Cs apply.2 stop texts txt STOP to 80062.",143,1,"dear voucher holder, 2 claim this weeks offer, at your pc go to http://www.e-tlp.co.uk/expressoffer ts&cs apply.2 stop texts txt stop to 80062."
ham,Me n him so funny...,20,0,me n him so funny...
ham,"Sweetheart, hope you are not having that kind of day! Have one with loads of reasons to smile. Biola",100,0,"sweetheart, hope you are not having that kind of day! have one with loads of reasons to smile. biola"
ham,When ü login dat time... Dad fetching ü home now?,49,0,when ü login dat time... dad fetching ü home now?
ham,"What will we do in the shower, baby?",36,0,"what will we do in the shower, baby?"
ham,I had askd u a question some hours before. Its answer,53,0,i had askd u a question some hours before. its answer
ham,"Well imma definitely need to restock before thanksgiving, I'll let you know when I'm out",88,0,"well imma definitely need to restock before thanksgiving, i'll let you know when i'm out"
ham," said kiss, kiss, i can't do the sound effects! He is a gorgeous man isn't he! Kind of person who needs a smile to brighten his day! ",133,0," said kiss, kiss, i can't do the sound effects! he is a gorgeous man isn't he! kind of person who needs a smile to brighten his day! "
ham,Probably gonna swing by in a wee bit,36,0,probably gonna swing by in a wee bit
ham,Ya very nice. . .be ready on thursday,37,0,ya very nice. . .be ready on thursday
ham,Allo! We have braved the buses and taken on the trains and triumphed. I mean we‘re in b‘ham. Have a jolly good rest of week,123,0,allo! we have braved the buses and taken on the trains and triumphed. i mean we‘re in b‘ham. have a jolly good rest of week
ham,"Watching cartoon, listening music &amp; at eve had to go temple &amp; church.. What about u?",92,0,"watching cartoon, listening music &amp; at eve had to go temple &amp; church.. what about u?"
ham,Do you mind if I ask what happened? You dont have to say if it is uncomfortable.,80,0,do you mind if i ask what happened? you dont have to say if it is uncomfortable.
spam,PRIVATE! Your 2003 Account Statement for shows 800 un-redeemed S. I. M. points. Call 08715203694 Identifier Code: 40533 Expires 31/10/04,136,1,private! your 2003 account statement for shows 800 un-redeemed s. i. m. points. call 08715203694 identifier code: 40533 expires 31/10/04
ham,No prob. I will send to your email.,35,0,no prob. i will send to your email.
spam,"You have won ?1,000 cash or a ?2,000 prize! To claim, call09050000327. T&C: RSTM, SW7 3SS. 150ppm",97,1,"you have won ?1,000 cash or a ?2,000 prize! to claim, call09050000327. t&c: rstm, sw7 3ss. 150ppm"
ham,Thats cool! Sometimes slow and gentle. Sonetimes rough and hard :),66,0,thats cool! sometimes slow and gentle. sonetimes rough and hard :)
ham,I'm gonna say no. Sorry. I would but as normal am starting to panic about time. Sorry again! Are you seeing on Tuesday?,119,0,i'm gonna say no. sorry. i would but as normal am starting to panic about time. sorry again! are you seeing on tuesday?
ham,"Wait, do you know if wesleys in town? I bet she does hella drugs!",65,0,"wait, do you know if wesleys in town? i bet she does hella drugs!"
ham,Fine i miss you very much.,26,0,fine i miss you very much.
ham,Tell them the drug dealer's getting impatient,45,0,tell them the drug dealer's getting impatient
ham,"Sun cant come to earth but send luv as rays. cloud cant come to river but send luv as rain. I cant come to meet U, but can send my care as msg to U. Gud evng",157,0,"sun cant come to earth but send luv as rays. cloud cant come to river but send luv as rain. i cant come to meet u, but can send my care as msg to u. gud evng"
ham,"It doesnt make sense to take it there unless its free. If you need to know more, wikipedia.com",94,0,"it doesnt make sense to take it there unless its free. if you need to know more, wikipedia.com"
spam,88800 and 89034 are premium phone services call 08718711108,59,1,88800 and 89034 are premium phone services call 08718711108
ham,"Under the sea, there lays a rock. In the rock, there is an envelope. In the envelope, there is a paper. On the paper, there are 3 words... '",140,0,"under the sea, there lays a rock. in the rock, there is an envelope. in the envelope, there is a paper. on the paper, there are 3 words... '"
ham,Then mum's repent how?,22,0,then mum's repent how?
ham,Sorry me going home first... Daddy come fetch ü later...,56,0,sorry me going home first... daddy come fetch ü later...
ham,Leave it de:-). Start Prepare for next:-)..,43,0,leave it de:-). start prepare for next:-)..
ham,Yes baby! We can study all the positions of the kama sutra ;),61,0,yes baby! we can study all the positions of the kama sutra ;)
ham,En chikku nange bakra msg kalstiya..then had tea/coffee?,56,0,en chikku nange bakra msg kalstiya..then had tea/coffee?
ham,Carlos'll be here in a minute if you still need to buy,54,0,carlos'll be here in a minute if you still need to buy
ham,This pay is  &lt;DECIMAL&gt;  lakhs:),37,0,this pay is  &lt;decimal&gt;  lakhs:)
ham,Have a good evening! Ttyl,25,0,have a good evening! ttyl
ham,Did u receive my msg?,21,0,did u receive my msg?
ham,Ho ho - big belly laugh! See ya tomo,36,0,ho ho - big belly laugh! see ya tomo
spam,"SMS. ac sun0819 posts HELLO:""You seem cool, wanted to say hi. HI!!!"" Stop? Send STOP to 62468",93,1,"sms. ac sun0819 posts hello:""you seem cool, wanted to say hi. hi!!!"" stop? send stop to 62468"
spam,Get ur 1st RINGTONE FREE NOW! Reply to this msg with TONE. Gr8 TOP 20 tones to your phone every week just £1.50 per wk 2 opt out send STOP 08452810071 16,153,1,get ur 1st ringtone free now! reply to this msg with tone. gr8 top 20 tones to your phone every week just £1.50 per wk 2 opt out send stop 08452810071 16
ham,"Ditto. And you won't have to worry about me saying ANYTHING to you anymore. Like i said last night, you do whatever you want and i'll do the same. Peace.",153,0,"ditto. and you won't have to worry about me saying anything to you anymore. like i said last night, you do whatever you want and i'll do the same. peace."
ham,"I've got  &lt;#&gt; , any way I could pick up?",46,0,"i've got  &lt;#&gt; , any way i could pick up?"
ham,"I dont knw pa, i just drink milk..",34,0,"i dont knw pa, i just drink milk.."
ham,Maybe?! Say hi to  and find out if  got his card. Great escape or wetherspoons? ,80,0,maybe?! say hi to  and find out if  got his card. great escape or wetherspoons? 
ham,"Piggy, r u awake? I bet u're still sleeping. I'm going 4 lunch now...",69,0,"piggy, r u awake? i bet u're still sleeping. i'm going 4 lunch now..."
ham,Cause I'm not freaky lol,24,0,cause i'm not freaky lol
ham,Missed your call cause I was yelling at scrappy. Miss u. Can't wait for u to come home. I'm so lonely today.,108,0,missed your call cause i was yelling at scrappy. miss u. can't wait for u to come home. i'm so lonely today.
ham,What is this 'hex' place you talk of? Explain!,46,0,what is this 'hex' place you talk of? explain!
ham,Ü log off 4 wat. It's sdryb8i,29,0,ü log off 4 wat. it's sdryb8i
ham,Is xy going 4 e lunch?,22,0,is xy going 4 e lunch?
spam,Hi I'm sue. I am 20 years old and work as a lapdancer. I love sex. Text me live - I'm i my bedroom now. text SUE to 89555. By TextOperator G2 1DA 150ppmsg 18+,158,1,hi i'm sue. i am 20 years old and work as a lapdancer. i love sex. text me live - i'm i my bedroom now. text sue to 89555. by textoperator g2 1da 150ppmsg 18+
ham,I wanted to ask ü to wait 4 me to finish lect. Cos my lect finishes in an hour anyway.,86,0,i wanted to ask ü to wait 4 me to finish lect. cos my lect finishes in an hour anyway.
ham,Have you finished work yet? :),30,0,have you finished work yet? :)
ham,"Every King Was Once A Crying Baby And Every Great Building Was Once A Map.. Not Imprtant Where U r TODAY, BUT Where U Wil Reach TOMORW. Gud ni8",143,0,"every king was once a crying baby and every great building was once a map.. not imprtant where u r today, but where u wil reach tomorw. gud ni8"
ham,"Dear,Me at cherthala.in case u r coming cochin pls call bfore u start.i shall also reach accordingly.or tell me which day u r coming.tmorow i am engaged ans its holiday.",169,0,"dear,me at cherthala.in case u r coming cochin pls call bfore u start.i shall also reach accordingly.or tell me which day u r coming.tmorow i am engaged ans its holiday."
ham,Thanks love. But am i doing torch or bold.,42,0,thanks love. but am i doing torch or bold.
spam,<Forwarded from 448712404000>Please CALL 08712404000 immediately as there is an urgent message waiting for you.,111,1,<forwarded from 448712404000>please call 08712404000 immediately as there is an urgent message waiting for you.
ham,Was the farm open?,18,0,was the farm open?
ham,"Sorry to trouble u again. Can buy 4d for my dad again? 1405, 1680, 1843. All 2 big 1 small, sat n sun. Thanx.",109,0,"sorry to trouble u again. can buy 4d for my dad again? 1405, 1680, 1843. all 2 big 1 small, sat n sun. thanx."
ham,"My sister in law, hope you are having a great month. Just saying hey. Abiola",76,0,"my sister in law, hope you are having a great month. just saying hey. abiola"
ham,Will purchase d stuff today and mail to you. Do you have a po box number?,73,0,will purchase d stuff today and mail to you. do you have a po box number?
ham,Ah poop. Looks like ill prob have to send in my laptop to get fixed cuz it has a gpu problem,92,0,ah poop. looks like ill prob have to send in my laptop to get fixed cuz it has a gpu problem
ham,Good. Good job. I like entrepreneurs,36,0,good. good job. i like entrepreneurs
ham,"Aight, you close by or still down around alex's place?",54,0,"aight, you close by or still down around alex's place?"
ham,meet you in corporation st outside gap … you can see how my mind is working!,76,0,meet you in corporation st outside gap … you can see how my mind is working!
ham,Mum ask ü to buy food home...,29,0,mum ask ü to buy food home...
ham,K..u also dont msg or reply to his msg..,40,0,k..u also dont msg or reply to his msg..
ham,How much r ü willing to pay?,28,0,how much r ü willing to pay?
ham,What is important is that you prevent dehydration by giving her enough fluids,77,0,what is important is that you prevent dehydration by giving her enough fluids
ham,"Thats a bit weird, even ?- where is the do supposed to be happening? But good idea, sure they will be in pub!",109,0,"thats a bit weird, even ?- where is the do supposed to be happening? but good idea, sure they will be in pub!"
ham,True dear..i sat to pray evening and felt so.so i sms'd you in some time...,75,0,true dear..i sat to pray evening and felt so.so i sms'd you in some time...
ham,"I don't think I can get away for a trek that long with family in town, sorry",76,0,"i don't think i can get away for a trek that long with family in town, sorry"
ham,So when do you wanna gym harri,30,0,so when do you wanna gym harri
ham,Quite late lar... Ard 12 anyway i wun b drivin...,49,0,quite late lar... ard 12 anyway i wun b drivin...
spam,"To review and KEEP the fantastic Nokia N-Gage game deck with Club Nokia, go 2 www.cnupdates.com/newsletter. unsubscribe from alerts reply with the word OUT",155,1,"to review and keep the fantastic nokia n-gage game deck with club nokia, go 2 www.cnupdates.com/newsletter. unsubscribe from alerts reply with the word out"
spam,4mths half price Orange line rental & latest camera phones 4 FREE. Had your phone 11mths+? Call MobilesDirect free on 08000938767 to update now! or2stoptxt T&Cs,160,1,4mths half price orange line rental & latest camera phones 4 free. had your phone 11mths+? call mobilesdirect free on 08000938767 to update now! or2stoptxt t&cs
ham,"Height of Confidence: All the Aeronautics professors wer calld &amp; they wer askd 2 sit in an aeroplane. Aftr they sat they wer told dat the plane ws made by their students. Dey all hurried out of d plane.. Bt only 1 didnt move... He said:""if it is made by my students,this wont even start........ Datz confidence..",316,0,"height of confidence: all the aeronautics professors wer calld &amp; they wer askd 2 sit in an aeroplane. aftr they sat they wer told dat the plane ws made by their students. dey all hurried out of d plane.. bt only 1 didnt move... he said:""if it is made by my students,this wont even start........ datz confidence.."
ham,It just seems like weird timing that the night that all you and g want is for me to come smoke is the same day as when a shitstorm is attributed to me always coming over and making everyone smoke,195,0,it just seems like weird timing that the night that all you and g want is for me to come smoke is the same day as when a shitstorm is attributed to me always coming over and making everyone smoke
spam,08714712388 between 10am-7pm Cost 10p,37,1,08714712388 between 10am-7pm cost 10p
ham,"Save yourself the stress. If the person has a dorm account, just send your account details and the money will be sent to you.",125,0,"save yourself the stress. if the person has a dorm account, just send your account details and the money will be sent to you."
ham,He also knows about lunch menu only da. . I know,48,0,he also knows about lunch menu only da. . i know
ham,When i have stuff to sell i.ll tell you,39,0,when i have stuff to sell i.ll tell you
spam,+449071512431 URGENT! This is the 2nd attempt to contact U!U have WON £1250 CALL 09071512433 b4 050703 T&CsBCM4235WC1N3XX. callcost 150ppm mobilesvary. max£7. 50,161,1,+449071512431 urgent! this is the 2nd attempt to contact u!u have won £1250 call 09071512433 b4 050703 t&csbcm4235wc1n3xx. callcost 150ppm mobilesvary. max£7. 50
ham,Book which lesson? then you msg me... I will call up after work or sth... I'm going to get specs. My membership is PX3748,121,0,book which lesson? then you msg me... i will call up after work or sth... i'm going to get specs. my membership is px3748
spam,You have WON a guaranteed £1000 cash or a £2000 prize. To claim yr prize call our customer service representative on 08714712394 between 10am-7pm,145,1,you have won a guaranteed £1000 cash or a £2000 prize. to claim yr prize call our customer service representative on 08714712394 between 10am-7pm
ham,Macha dont feel upset.i can assume your mindset.believe me one evening with me and i have some wonderful plans for both of us.LET LIFE BEGIN AGAIN.call me anytime,162,0,macha dont feel upset.i can assume your mindset.believe me one evening with me and i have some wonderful plans for both of us.let life begin again.call me anytime
ham,Oh is it? Send me the address,29,0,oh is it? send me the address
ham,S'fine. Anytime. All the best with it.,38,0,s'fine. anytime. all the best with it.
ham,That is wondar full flim.,25,0,that is wondar full flim.
ham,Ya even those cookies have jelly on them,40,0,ya even those cookies have jelly on them
ham,"The world is running and i am still.maybe all are feeling the same,so be it.or i have to admit,i am mad.then where is the correction?or let me call this is life.and keep running with the world,may be u r also running.lets run.",226,0,"the world is running and i am still.maybe all are feeling the same,so be it.or i have to admit,i am mad.then where is the correction?or let me call this is life.and keep running with the world,may be u r also running.lets run."
ham,Got it! It looks scrumptious... daddy wants to eat you all night long!,70,0,got it! it looks scrumptious... daddy wants to eat you all night long!
ham,Of cos can lar i'm not so ba dao ok... 1 pm lor... Y u never ask where we go ah... I said u would ask on fri but he said u will ask today...,140,0,of cos can lar i'm not so ba dao ok... 1 pm lor... y u never ask where we go ah... i said u would ask on fri but he said u will ask today...
ham,"Alright omw, gotta change my order to a half8th",47,0,"alright omw, gotta change my order to a half8th"
ham,Exactly. Anyways how far. Is jide her to study or just visiting,63,0,exactly. anyways how far. is jide her to study or just visiting
ham,Dunno y u ask me.,17,0,dunno y u ask me.
spam,Email AlertFrom: Jeri StewartSize: 2KBSubject: Low-cost prescripiton drvgsTo listen to email call 123,101,1,email alertfrom: jeri stewartsize: 2kbsubject: low-cost prescripiton drvgsto listen to email call 123
ham,No he didn't. Spring is coming early yay!,41,0,no he didn't. spring is coming early yay!
ham,Lol you won't feel bad when I use her money to take you out to a steak dinner =D,80,0,lol you won't feel bad when i use her money to take you out to a steak dinner =d
ham,Even u dont get in trouble while convincing..just tel him once or twice and just tel neglect his msgs dont c and read it..just dont reply,137,0,even u dont get in trouble while convincing..just tel him once or twice and just tel neglect his msgs dont c and read it..just dont reply
ham,Leaving to qatar tonite in search of an opportunity.all went fast.pls add me in ur prayers dear.Rakhesh,103,0,leaving to qatar tonite in search of an opportunity.all went fast.pls add me in ur prayers dear.rakhesh
ham,Then why no one talking to me,29,0,then why no one talking to me
ham,Thanks for looking out for me. I really appreciate.,51,0,thanks for looking out for me. i really appreciate.
spam,Hi. Customer Loyalty Offer:The NEW Nokia6650 Mobile from ONLY £10 at TXTAUCTION! Txt word: START to No: 81151 & get yours Now! 4T&Ctxt TC 150p/MTmsg,148,1,hi. customer loyalty offer:the new nokia6650 mobile from only £10 at txtauction! txt word: start to no: 81151 & get yours now! 4t&ctxt tc 150p/mtmsg
ham,Wish i were with you now!,25,0,wish i were with you now!
ham,Haha mayb u're rite... U know me well. Da feeling of being liked by someone is gd lor. U faster go find one then all gals in our group attached liao.,149,0,haha mayb u're rite... u know me well. da feeling of being liked by someone is gd lor. u faster go find one then all gals in our group attached liao.
ham,Yes i will be there. Glad you made it.,38,0,yes i will be there. glad you made it.
ham,Do well :)all will for little time. Thing of good times ahead:,62,0,do well :)all will for little time. thing of good times ahead:
ham,Just got up. have to be out of the room very soon. …. i hadn't put the clocks back til at 8 i shouted at everyone to get up and then realised it was 7. wahay. another hour in bed.,179,0,just got up. have to be out of the room very soon. …. i hadn't put the clocks back til at 8 i shouted at everyone to get up and then realised it was 7. wahay. another hour in bed.
ham,Ok. There may be a free gym about.,34,0,ok. there may be a free gym about.
ham,Men like shorter ladies. Gaze up into his eyes.,47,0,men like shorter ladies. gaze up into his eyes.
ham,Dunno he jus say go lido. Same time 930.,40,0,dunno he jus say go lido. same time 930.
ham,"I promise to take good care of you, princess. I have to run now. Please send pics when you get a chance. Ttyl!",110,0,"i promise to take good care of you, princess. i have to run now. please send pics when you get a chance. ttyl!"
spam,U are subscribed to the best Mobile Content Service in the UK for £3 per 10 days until you send STOP to 82324. Helpline 08706091795,131,1,u are subscribed to the best mobile content service in the uk for £3 per 10 days until you send stop to 82324. helpline 08706091795
ham,Is there a reason we've not spoken this year? Anyways have a great week and all the best in your exam,101,0,is there a reason we've not spoken this year? anyways have a great week and all the best in your exam
ham,By monday next week. Give me the full gist,42,0,by monday next week. give me the full gist
spam,"Do you realize that in about 40 years, we'll have thousands of old ladies running around with tattoos?",102,1,"do you realize that in about 40 years, we'll have thousands of old ladies running around with tattoos?"
spam,You have an important customer service announcement from PREMIER.,65,1,you have an important customer service announcement from premier.
ham,Dont gimme that lip caveboy,27,0,dont gimme that lip caveboy
ham,When did you get to the library,31,0,when did you get to the library
ham,Realy sorry-i don't recognise this number and am now confused :) who r u please?! ,82,0,realy sorry-i don't recognise this number and am now confused :) who r u please?! 
ham,So why didnt you holla?,23,0,so why didnt you holla?
ham,Cant think of anyone with * spare room off * top of my head,59,0,cant think of anyone with * spare room off * top of my head
ham,"Faith makes things possible,Hope makes things work,Love makes things beautiful,May you have all three this Christmas!Merry Christmas!",133,0,"faith makes things possible,hope makes things work,love makes things beautiful,may you have all three this christmas!merry christmas!"
ham,U should have made an appointment,33,0,u should have made an appointment
ham,"Call me when you/carlos is/are here, my phone's vibrate is acting up and I might not hear texts",95,0,"call me when you/carlos is/are here, my phone's vibrate is acting up and i might not hear texts"
spam,"Romantic Paris. 2 nights, 2 flights from £79 Book now 4 next year. Call 08704439680Ts&Cs apply.",95,1,"romantic paris. 2 nights, 2 flights from £79 book now 4 next year. call 08704439680ts&cs apply."
ham,"We are at grandmas. Oh dear, u still ill? I felt Shit this morning but i think i am just hungover! Another night then. We leave on sat.",135,0,"we are at grandmas. oh dear, u still ill? i felt shit this morning but i think i am just hungover! another night then. we leave on sat."
spam,Urgent Ur £500 guaranteed award is still unclaimed! Call 09066368327 NOW closingdate04/09/02 claimcode M39M51 £1.50pmmorefrommobile2Bremoved-MobyPOBox734LS27YF,159,1,urgent ur £500 guaranteed award is still unclaimed! call 09066368327 now closingdate04/09/02 claimcode m39m51 £1.50pmmorefrommobile2bremoved-mobypobox734ls27yf
ham,Nothing but we jus tot u would ask cos u ba gua... But we went mt faber yest... Yest jus went out already mah so today not going out... Jus call lor...,151,0,nothing but we jus tot u would ask cos u ba gua... but we went mt faber yest... yest jus went out already mah so today not going out... jus call lor...
ham,"Wishing you and your family Merry ""X"" mas and HAPPY NEW Year in advance..",73,0,"wishing you and your family merry ""x"" mas and happy new year in advance.."
spam,UR awarded a City Break and could WIN a £200 Summer Shopping spree every WK. Txt STORE to 88039 . SkilGme. TsCs087147403231Winawk!Age16 £1.50perWKsub,149,1,ur awarded a city break and could win a £200 summer shopping spree every wk. txt store to 88039 . skilgme. tscs087147403231winawk!age16 £1.50perwksub
ham,"I'm nt goin, got somethin on, unless they meetin 4 dinner lor... Haha, i wonder who will go tis time...",103,0,"i'm nt goin, got somethin on, unless they meetin 4 dinner lor... haha, i wonder who will go tis time..."
ham,Lol I know! They're so dramatic. Schools already closed for tomorrow. Apparently we can't drive in the inch of snow were supposed to get.,137,0,lol i know! they're so dramatic. schools already closed for tomorrow. apparently we can't drive in the inch of snow were supposed to get.
ham,Not getting anywhere with this damn job hunting over here!,58,0,not getting anywhere with this damn job hunting over here!
ham,Lol! U drunkard! Just doing my hair at d moment. Yeah still up 4 tonight. Wats the plan? ,89,0,lol! u drunkard! just doing my hair at d moment. yeah still up 4 tonight. wats the plan? 
ham,"idc get over here, you are not weaseling your way out of this shit twice in a row",81,0,"idc get over here, you are not weaseling your way out of this shit twice in a row"
ham,I wil be there with in  &lt;#&gt;  minutes. Got any space,57,0,i wil be there with in  &lt;#&gt;  minutes. got any space
ham,Thanks for picking up the trash.,32,0,thanks for picking up the trash.
ham,Why don't you go tell your friend you're not sure you want to live with him because he smokes too much then spend hours begging him to come smoke,145,0,why don't you go tell your friend you're not sure you want to live with him because he smokes too much then spend hours begging him to come smoke
ham,Hi its Kate it was lovely to see you tonight and ill phone you tomorrow. I got to sing and a guy gave me his card! xxx,118,0,hi its kate it was lovely to see you tonight and ill phone you tomorrow. i got to sing and a guy gave me his card! xxx
ham,Happy New year my dear brother. I really do miss you. Just got your number and decided to send you this text wishing you only happiness. Abiola,143,0,happy new year my dear brother. i really do miss you. just got your number and decided to send you this text wishing you only happiness. abiola
ham,That means get the door,23,0,that means get the door
ham,"Hmmm ... I thought we said 2 hours slave, not 3 ... You are late ... How should I punish you ?",94,0,"hmmm ... i thought we said 2 hours slave, not 3 ... you are late ... how should i punish you ?"
ham,Beerage?,8,0,beerage?
spam,You have an important customer service announcement from PREMIER. Call FREEPHONE 0800 542 0578 now!,99,1,you have an important customer service announcement from premier. call freephone 0800 542 0578 now!
ham,Dont think so. It turns off like randomlly within 5min of opening,65,0,dont think so. it turns off like randomlly within 5min of opening
ham,"She was supposed to be but couldn't make it, she's still in town though",71,0,"she was supposed to be but couldn't make it, she's still in town though"
ham,It does it on its own. Most of the time it fixes my spelling. But sometimes it gets a completely diff word. Go figure,117,0,it does it on its own. most of the time it fixes my spelling. but sometimes it gets a completely diff word. go figure
spam,Ever thought about living a good life with a perfect partner? Just txt back NAME and AGE to join the mobile community. (100p/SMS),129,1,ever thought about living a good life with a perfect partner? just txt back name and age to join the mobile community. (100p/sms)
spam,"5 Free Top Polyphonic Tones call 087018728737, National Rate. Get a toppoly tune sent every week, just text SUBPOLY to 81618, £3 per pole. UnSub 08718727870.",157,1,"5 free top polyphonic tones call 087018728737, national rate. get a toppoly tune sent every week, just text subpoly to 81618, £3 per pole. unsub 08718727870."
ham,This is hoping you enjoyed your game yesterday. Sorry i've not been in touch but pls know that you are fondly bein thot off. Have a great week. Abiola,150,0,this is hoping you enjoyed your game yesterday. sorry i've not been in touch but pls know that you are fondly bein thot off. have a great week. abiola
ham,All e best 4 ur driving tmr :-),31,0,all e best 4 ur driving tmr :-)
ham,Y?WHERE U AT DOGBREATH? ITS JUST SOUNDING LIKE JAN C THATS AL!!!!!!!!!,71,0,y?where u at dogbreath? its just sounding like jan c thats al!!!!!!!!!
ham,Omg I want to scream. I weighed myself and I lost more weight! Woohoo!,70,0,omg i want to scream. i weighed myself and i lost more weight! woohoo!
ham,There generally isn't one. It's an uncountable noun - u in the dictionary. pieces of research?,94,0,there generally isn't one. it's an uncountable noun - u in the dictionary. pieces of research?
ham,it's really getting me down just hanging around.,48,0,it's really getting me down just hanging around.
spam,"Orange customer, you may now claim your FREE CAMERA PHONE upgrade for your loyalty. Call now on 0207 153 9996. Offer ends 14thMarch. T&C's apply. Opt-out availa",160,1,"orange customer, you may now claim your free camera phone upgrade for your loyalty. call now on 0207 153 9996. offer ends 14thmarch. t&c's apply. opt-out availa"
ham,Petey boy whereare you me and all your friendsare in theKingshead come down if you canlove Nic,94,0,petey boy whereare you me and all your friendsare in thekingshead come down if you canlove nic
ham,Ok i msg u b4 i leave my house.,31,0,ok i msg u b4 i leave my house.
ham,Gimme a few was  &lt;#&gt;  minutes ago,39,0,gimme a few was  &lt;#&gt;  minutes ago
spam,"Last Chance! Claim ur £150 worth of discount vouchers today! Text SHOP to 85023 now! SavaMob, offers mobile! T Cs SavaMob POBOX84, M263UZ. £3.00 Sub. 16",152,1,"last chance! claim ur £150 worth of discount vouchers today! text shop to 85023 now! savamob, offers mobile! t cs savamob pobox84, m263uz. £3.00 sub. 16"
ham,Appt is at &lt;TIME&gt; am. Not my fault u don't listen. I told u twice,71,0,appt is at &lt;time&gt; am. not my fault u don't listen. i told u twice
spam,FREE for 1st week! No1 Nokia tone 4 ur mobile every week just txt NOKIA to 8077 Get txting and tell ur mates. www.getzed.co.uk POBox 36504 W45WQ 16+ norm150p/tone,162,1,free for 1st week! no1 nokia tone 4 ur mobile every week just txt nokia to 8077 get txting and tell ur mates. www.getzed.co.uk pobox 36504 w45wq 16+ norm150p/tone
spam,You have won a guaranteed £200 award or even £1000 cashto claim UR award call free on 08000407165 (18+) 2 stop getstop on 88222 PHP. RG21 4JX,141,1,you have won a guaranteed £200 award or even £1000 cashto claim ur award call free on 08000407165 (18+) 2 stop getstop on 88222 php. rg21 4jx
ham,K I'll be there before 4.,25,0,k i'll be there before 4.
ham,I dled 3d its very imp,22,0,i dled 3d its very imp
ham,"sure, but make sure he knows we ain't smokin yet",48,0,"sure, but make sure he knows we ain't smokin yet"
ham,Boooo you always work. Just quit.,33,0,boooo you always work. just quit.
ham,I am taking half day leave bec i am not well,44,0,i am taking half day leave bec i am not well
ham,Ugh I don't wanna get out of bed. It's so warm.,47,0,ugh i don't wanna get out of bed. it's so warm.
ham,S:)s.nervous  &lt;#&gt; :),26,0,s:)s.nervous  &lt;#&gt; :)
ham,So there's a ring that comes with the guys costumes. It's there so they can gift their future yowifes. Hint hint,112,0,so there's a ring that comes with the guys costumes. it's there so they can gift their future yowifes. hint hint
spam,Congratulations ur awarded either £500 of CD gift vouchers & Free entry 2 our £100 weekly draw txt MUSIC to 87066 TnCs www.Ldew.com1win150ppmx3age16,148,1,congratulations ur awarded either £500 of cd gift vouchers & free entry 2 our £100 weekly draw txt music to 87066 tncs www.ldew.com1win150ppmx3age16
ham,I borrow ur bag ok.,19,0,i borrow ur bag ok.
spam,"U were outbid by simonwatson5120 on the Shinco DVD Plyr. 2 bid again, visit sms. ac/smsrewards 2 end bid notifications, reply END OUT",133,1,"u were outbid by simonwatson5120 on the shinco dvd plyr. 2 bid again, visit sms. ac/smsrewards 2 end bid notifications, reply end out"
ham,Where's my boytoy? I miss you ... What happened?,48,0,where's my boytoy? i miss you ... what happened?
ham,"He has lots of used ones babe, but the model doesn't help. Youi have to bring it over and he'll match it up",107,0,"he has lots of used ones babe, but the model doesn't help. youi have to bring it over and he'll match it up"
ham,Also are you bringing galileo or dobby,38,0,also are you bringing galileo or dobby
ham,Then why you not responding,27,0,then why you not responding
ham,BOO BABE! U ENJOYIN YOURJOB? U SEEMED 2 B GETTIN ON WELL HUNNY!HOPE URE OK?TAKE CARE & ILLSPEAK 2U SOONLOTS OF LOVEME XXXX.,124,0,boo babe! u enjoyin yourjob? u seemed 2 b gettin on well hunny!hope ure ok?take care & illspeak 2u soonlots of loveme xxxx.
ham,Good afternoon starshine! How's my boytoy? Does he crave me yet? Ache to fuck me ? *sips cappuccino* I miss you babe *teasing kiss*,131,0,good afternoon starshine! how's my boytoy? does he crave me yet? ache to fuck me ? *sips cappuccino* i miss you babe *teasing kiss*
ham,On the road so cant txt,23,0,on the road so cant txt
spam,"SMSSERVICES. for yourinclusive text credits, pls goto www.comuk.net login= 3qxj9 unsubscribe with STOP, no extra charge. help 08702840625.COMUK. 220-CM2 9AE",156,1,"smsservices. for yourinclusive text credits, pls goto www.comuk.net login= 3qxj9 unsubscribe with stop, no extra charge. help 08702840625.comuk. 220-cm2 9ae"
spam,25p 4 alfie Moon's Children in need song on ur mob. Tell ur m8s. Txt Tone charity to 8007 for Nokias or Poly charity for polys: zed 08701417012 profit 2 charity.,161,1,25p 4 alfie moon's children in need song on ur mob. tell ur m8s. txt tone charity to 8007 for nokias or poly charity for polys: zed 08701417012 profit 2 charity.
ham,Hmm .. Bits and pieces lol ... *sighs* ...,42,0,hmm .. bits and pieces lol ... *sighs* ...
ham,Hahaha..use your brain dear,27,0,hahaha..use your brain dear
ham,Hey. You got any mail?,22,0,hey. you got any mail?
ham,"Sorry light turned green, I meant another friend wanted  &lt;#&gt;  worth but he may not be around",98,0,"sorry light turned green, i meant another friend wanted  &lt;#&gt;  worth but he may not be around"
ham,Thanks for yesterday sir. You have been wonderful. Hope you enjoyed the burial. MojiBiola,89,0,thanks for yesterday sir. you have been wonderful. hope you enjoyed the burial. mojibiola
spam,U have a secret admirer. REVEAL who thinks U R So special. Call 09065174042. To opt out Reply REVEAL STOP. 1.50 per msg recd. Cust care 07821230901,147,1,u have a secret admirer. reveal who thinks u r so special. call 09065174042. to opt out reply reveal stop. 1.50 per msg recd. cust care 07821230901
ham,Hi mate its RV did u hav a nice hol just a message 3 say hello coz havent sent u 1 in ages started driving so stay off roads!RVx,129,0,hi mate its rv did u hav a nice hol just a message 3 say hello coz havent sent u 1 in ages started driving so stay off roads!rvx
spam,"Dear Voucher Holder, To claim this weeks offer, at you PC please go to http://www.e-tlp.co.uk/expressoffer Ts&Cs apply. To stop texts, txt STOP to 80062",152,1,"dear voucher holder, to claim this weeks offer, at you pc please go to http://www.e-tlp.co.uk/expressoffer ts&cs apply. to stop texts, txt stop to 80062"
ham,"Thank you so much. When we skyped wit kz and sura, we didnt get the pleasure of your company. Hope you are good. We've given you ultimatum oh! We are countin down to aburo. Enjoy! This is the message i sent days ago",215,0,"thank you so much. when we skyped wit kz and sura, we didnt get the pleasure of your company. hope you are good. we've given you ultimatum oh! we are countin down to aburo. enjoy! this is the message i sent days ago"
ham,Surely result will offer:),26,0,surely result will offer:)
ham,Good Morning my Dear........... Have a great &amp; successful day.,66,0,good morning my dear........... have a great &amp; successful day.
spam,Do you want 750 anytime any network mins 150 text and a NEW VIDEO phone for only five pounds per week call 08002888812 or reply for delivery tomorrow,149,1,do you want 750 anytime any network mins 150 text and a new video phone for only five pounds per week call 08002888812 or reply for delivery tomorrow
ham,"Sir, I have been late in paying rent for the past few months and had to pay a $ &lt;#&gt;  charge. I felt it would be inconsiderate of me to nag about something you give at great cost to yourself and that's why i didnt speak up. I however am in a recession and wont be able to pay the charge this month hence my askin well ahead of month's end. Can you please help. Thanks",372,0,"sir, i have been late in paying rent for the past few months and had to pay a $ &lt;#&gt;  charge. i felt it would be inconsiderate of me to nag about something you give at great cost to yourself and that's why i didnt speak up. i however am in a recession and wont be able to pay the charge this month hence my askin well ahead of month's end. can you please help. thanks"
spam,We tried to contact you re our offer of New Video Phone 750 anytime any network mins HALF PRICE Rental camcorder call 08000930705 or reply for delivery Wed,155,1,we tried to contact you re our offer of new video phone 750 anytime any network mins half price rental camcorder call 08000930705 or reply for delivery wed
spam,Last chance 2 claim ur £150 worth of discount vouchers-Text YES to 85023 now!SavaMob-member offers mobile T Cs 08717898035. £3.00 Sub. 16 . Remove txt X or STOP,160,1,last chance 2 claim ur £150 worth of discount vouchers-text yes to 85023 now!savamob-member offers mobile t cs 08717898035. £3.00 sub. 16 . remove txt x or stop
ham,I luv u soo much u dont understand how special u r 2 me ring u 2morrow luv u xxx,81,0,i luv u soo much u dont understand how special u r 2 me ring u 2morrow luv u xxx
ham,"Pls send me a comprehensive mail about who i'm paying, when and how much.",73,0,"pls send me a comprehensive mail about who i'm paying, when and how much."
ham,Our Prashanthettan's mother passed away last night. pray for her and family.,76,0,our prashanthettan's mother passed away last night. pray for her and family.
spam,"Urgent! call 09066350750 from your landline. Your complimentary 4* Ibiza Holiday or 10,000 cash await collection SAE T&Cs PO BOX 434 SK3 8WP 150 ppm 18+ ",153,1,"urgent! call 09066350750 from your landline. your complimentary 4* ibiza holiday or 10,000 cash await collection sae t&cs po box 434 sk3 8wp 150 ppm 18+ "
ham,K.k:)when are you going?,24,0,k.k:)when are you going?
ham,Meanwhile in the shit suite: xavier decided to give us  &lt;#&gt;  seconds of warning that samantha was coming over and is playing jay's guitar to impress her or some shit. Also I don't think doug realizes I don't live here anymore,231,0,meanwhile in the shit suite: xavier decided to give us  &lt;#&gt;  seconds of warning that samantha was coming over and is playing jay's guitar to impress her or some shit. also i don't think doug realizes i don't live here anymore
ham,My stomach has been thru so much trauma I swear I just can't eat. I better lose weight.,87,0,my stomach has been thru so much trauma i swear i just can't eat. i better lose weight.
ham,I am in office:)whats the matter..msg me now.i will call you at break:).,72,0,i am in office:)whats the matter..msg me now.i will call you at break:).
ham,"Yeah there's barely enough room for the two of us, x has too many fucking shoes. Sorry man, see you later",105,0,"yeah there's barely enough room for the two of us, x has too many fucking shoes. sorry man, see you later"
ham,U reach orchard already? U wan 2 go buy tickets first?,54,0,u reach orchard already? u wan 2 go buy tickets first?
ham,"I am real, baby! I want to bring out your inner tigress...",58,0,"i am real, baby! i want to bring out your inner tigress..."
ham,No da if you run that it activate the full version da.,54,0,no da if you run that it activate the full version da.
ham,AH POOR BABY!HOPE URFEELING BETTERSN LUV! PROBTHAT OVERDOSE OF WORK HEY GO CAREFUL SPK 2 U SN LOTS OF LOVEJEN XXX.,114,0,ah poor baby!hope urfeeling bettersn luv! probthat overdose of work hey go careful spk 2 u sn lots of lovejen xxx.
ham,Stop the story. I've told him i've returned it and he's saying i should not re order it.,88,0,stop the story. i've told him i've returned it and he's saying i should not re order it.
spam,Talk sexy!! Make new friends or fall in love in the worlds most discreet text dating service. Just text VIP to 83110 and see who you could meet.,144,1,talk sexy!! make new friends or fall in love in the worlds most discreet text dating service. just text vip to 83110 and see who you could meet.
ham,Going to take your babe out ?,29,0,going to take your babe out ?
ham,Hai ana tomarrow am coming on morning.  &lt;DECIMAL&gt;  ill be there in sathy then we ll go to RTO office. Reply me after came to home.,136,0,hai ana tomarrow am coming on morning.  &lt;decimal&gt;  ill be there in sathy then we ll go to rto office. reply me after came to home.
ham,Spoons it is then okay?,23,0,spoons it is then okay?
ham,Did he just say somebody is named tampa,39,0,did he just say somebody is named tampa
ham,In work now. Going have in few min.,35,0,in work now. going have in few min.
ham,Your brother is a genius,24,0,your brother is a genius
ham,"Sorry, I guess whenever I can get a hold of my connections, maybe an hour or two? I'll text you",95,0,"sorry, i guess whenever i can get a hold of my connections, maybe an hour or two? i'll text you"
ham,Did u find out what time the bus is at coz i need to sort some stuff out.,73,0,did u find out what time the bus is at coz i need to sort some stuff out.
ham,Dude ive been seeing a lotta corvettes lately,45,0,dude ive been seeing a lotta corvettes lately
spam,Congratulations ur awarded either a yrs supply of CDs from Virgin Records or a Mystery Gift GUARANTEED Call 09061104283 Ts&Cs www.smsco.net £1.50pm approx 3mins,160,1,congratulations ur awarded either a yrs supply of cds from virgin records or a mystery gift guaranteed call 09061104283 ts&cs www.smsco.net £1.50pm approx 3mins
ham,"Same here, but I consider walls and bunkers and shit important just because I never play on peaceful but I guess your place is high enough that it don't matter",159,0,"same here, but i consider walls and bunkers and shit important just because i never play on peaceful but i guess your place is high enough that it don't matter"
spam,PRIVATE! Your 2003 Account Statement for 07808 XXXXXX shows 800 un-redeemed S. I. M. points. Call 08719899217 Identifier Code: 41685 Expires 07/11/04,149,1,private! your 2003 account statement for 07808 xxxxxx shows 800 un-redeemed s. i. m. points. call 08719899217 identifier code: 41685 expires 07/11/04
spam,Hello. We need some posh birds and chaps to user trial prods for champneys. Can i put you down? I need your address and dob asap. Ta r,134,1,hello. we need some posh birds and chaps to user trial prods for champneys. can i put you down? i need your address and dob asap. ta r
spam,What do U want for Xmas? How about 100 free text messages & a new video phone with half price line rental? Call free now on 0800 0721072 to find out more!,154,1,what do u want for xmas? how about 100 free text messages & a new video phone with half price line rental? call free now on 0800 0721072 to find out more!
ham,"Well am officially in a philosophical hole, so if u wanna call am at home ready to be saved!",92,0,"well am officially in a philosophical hole, so if u wanna call am at home ready to be saved!"
ham,Its going good...no problem..but still need little experience to understand american customer voice...,102,0,its going good...no problem..but still need little experience to understand american customer voice...
ham,I'll text you when I drop x off,31,0,i'll text you when i drop x off
ham,Ugh its been a long day. I'm exhausted. Just want to cuddle up and take a nap,77,0,ugh its been a long day. i'm exhausted. just want to cuddle up and take a nap
ham,Talk With Yourself Atleast Once In A Day...!!! Otherwise You Will Miss Your Best FRIEND In This WORLD...!!! -Shakespeare- SHESIL  &lt;#&gt;,139,0,talk with yourself atleast once in a day...!!! otherwise you will miss your best friend in this world...!!! -shakespeare- shesil  &lt;#&gt;
spam,"Shop till u Drop, IS IT YOU, either 10K, 5K, £500 Cash or £100 Travel voucher, Call now, 09064011000. NTT PO Box CR01327BT fixedline Cost 150ppm mobile vary",156,1,"shop till u drop, is it you, either 10k, 5k, £500 cash or £100 travel voucher, call now, 09064011000. ntt po box cr01327bt fixedline cost 150ppm mobile vary"
ham,Are you in castor? You need to see something,44,0,are you in castor? you need to see something
spam,Sunshine Quiz Wkly Q! Win a top Sony DVD player if u know which country Liverpool played in mid week? Txt ansr to 82277. £1.50 SP:Tyrone,136,1,sunshine quiz wkly q! win a top sony dvd player if u know which country liverpool played in mid week? txt ansr to 82277. £1.50 sp:tyrone
spam,U have a secret admirer who is looking 2 make contact with U-find out who they R*reveal who thinks UR so special-call on 09058094565,132,1,u have a secret admirer who is looking 2 make contact with u-find out who they r*reveal who thinks ur so special-call on 09058094565
spam,U have a Secret Admirer who is looking 2 make contact with U-find out who they R*reveal who thinks UR so special-call on 09065171142-stopsms-08,143,1,u have a secret admirer who is looking 2 make contact with u-find out who they r*reveal who thinks ur so special-call on 09065171142-stopsms-08
spam,Reminder: You have not downloaded the content you have already paid for. Goto http://doit. mymoby. tv/ to collect your content.,127,1,reminder: you have not downloaded the content you have already paid for. goto http://doit. mymoby. tv/ to collect your content.
ham,"see, i knew giving you a break a few times woul lead to you always wanting to miss curfew. I was gonna gibe you 'til one, but a MIDNIGHT movie is not gonna get out til after 2. You need to come home. You need to getsleep and, if anything, you need to b studdying ear training.",276,0,"see, i knew giving you a break a few times woul lead to you always wanting to miss curfew. i was gonna gibe you 'til one, but a midnight movie is not gonna get out til after 2. you need to come home. you need to getsleep and, if anything, you need to b studdying ear training."
ham,I love to give massages. I use lots of baby oil... What is your fave position?,78,0,i love to give massages. i use lots of baby oil... what is your fave position?
ham,Dude we should go sup again,27,0,dude we should go sup again
ham,Yoyyooo u know how to change permissions for a drive in mac. My usb flash drive,79,0,yoyyooo u know how to change permissions for a drive in mac. my usb flash drive
ham,Gibbs unsold.mike hussey,24,0,gibbs unsold.mike hussey
ham,I like to talk pa but am not able to. I dont know y.,52,0,i like to talk pa but am not able to. i dont know y.
ham,Y dun cut too short leh. U dun like ah? She failed. She's quite sad.,68,0,y dun cut too short leh. u dun like ah? she failed. she's quite sad.
ham,You unbelievable faglord,24,0,you unbelievable faglord
ham,Wife.how she knew the time of murder exactly,44,0,wife.how she knew the time of murder exactly
ham,Why do you ask princess?,24,0,why do you ask princess?
ham,I am great princess! What are you thinking about me? :),55,0,i am great princess! what are you thinking about me? :)
ham,Nutter. Cutter. Ctter. Cttergg. Cttargg. Ctargg. Ctagg. ie you,62,0,nutter. cutter. ctter. cttergg. cttargg. ctargg. ctagg. ie you
ham,It's ok i noe u're busy but i'm really too bored so i msg u. I oso dunno wat colour she choose 4 me one.,104,0,it's ok i noe u're busy but i'm really too bored so i msg u. i oso dunno wat colour she choose 4 me one.
ham,Doesn't g have class early tomorrow and thus shouldn't be trying to smoke at  &lt;#&gt;,87,0,doesn't g have class early tomorrow and thus shouldn't be trying to smoke at  &lt;#&gt;
ham,"Superb Thought- ""Be grateful that u dont have everything u want. That means u still have an opportunity to be happier tomorrow than u are today."":-)",148,0,"superb thought- ""be grateful that u dont have everything u want. that means u still have an opportunity to be happier tomorrow than u are today."":-)"
ham,Hope you are having a good week. Just checking in,49,0,hope you are having a good week. just checking in
ham,"I'm used to it. I just hope my agents don't drop me since i've only booked a few things this year. This whole me in boston, them in nyc was an experiment.",154,0,"i'm used to it. i just hope my agents don't drop me since i've only booked a few things this year. this whole me in boston, them in nyc was an experiment."
ham,"Thursday night? Yeah, sure thing, we'll work it out then",56,0,"thursday night? yeah, sure thing, we'll work it out then"
ham,Probably money worries. Things are coming due and i have several outstanding invoices for work i did two and three months ago.,126,0,probably money worries. things are coming due and i have several outstanding invoices for work i did two and three months ago.
ham,How is it possible to teach you. And where.,43,0,how is it possible to teach you. and where.
ham,"I wonder if your phone battery went dead ? I had to tell you, I love you babe",77,0,"i wonder if your phone battery went dead ? i had to tell you, i love you babe"
ham,Lovely smell on this bus and it ain't tobacco... ,49,0,lovely smell on this bus and it ain't tobacco... 
ham,"We're all getting worried over here, derek and taylor have already assumed the worst",84,0,"we're all getting worried over here, derek and taylor have already assumed the worst"
ham,Hey what's up charles sorry about the late reply.,49,0,hey what's up charles sorry about the late reply.
spam,"all the lastest from Stereophonics, Marley, Dizzee Racal, Libertines and The Strokes! Win Nookii games with Flirt!! Click TheMob WAP Bookmark or text WAP to 82468",162,1,"all the lastest from stereophonics, marley, dizzee racal, libertines and the strokes! win nookii games with flirt!! click themob wap bookmark or text wap to 82468"
ham,I.ll give her once i have it. Plus she said grinule greet you whenever we speak,79,0,i.ll give her once i have it. plus she said grinule greet you whenever we speak
ham,WHITE FUDGE OREOS ARE IN STORES,31,0,white fudge oreos are in stores
spam,"January Male Sale! Hot Gay chat now cheaper, call 08709222922. National rate from 1.5p/min cheap to 7.8p/min peak! To stop texts call 08712460324 (10p/min)",155,1,"january male sale! hot gay chat now cheaper, call 08709222922. national rate from 1.5p/min cheap to 7.8p/min peak! to stop texts call 08712460324 (10p/min)"
ham,My love ! How come it took you so long to leave for Zaher's? I got your words on ym and was happy to see them but was sad you had left. I miss you,146,0,my love ! how come it took you so long to leave for zaher's? i got your words on ym and was happy to see them but was sad you had left. i miss you
ham,I am sorry it hurt you.,23,0,i am sorry it hurt you.
ham,Can't. I feel nauseous. I'm so pissed. I didn't eat any sweets all week cause today I was planning to pig out. I was dieting all week. And now I'm not hungry :/,160,0,can't. i feel nauseous. i'm so pissed. i didn't eat any sweets all week cause today i was planning to pig out. i was dieting all week. and now i'm not hungry :/
ham,Ok lor but not too early. Me still having project meeting now.,62,0,ok lor but not too early. me still having project meeting now.
ham,"Call me da, i am waiting for your call.",39,0,"call me da, i am waiting for your call."
ham,I could ask carlos if we could get more if anybody else can chip in,67,0,i could ask carlos if we could get more if anybody else can chip in
ham,Was actually about to send you a reminder today. Have a wonderful weekend,73,0,was actually about to send you a reminder today. have a wonderful weekend
ham,"When people see my msgs, They think Iam addicted to msging... They are wrong, Bcoz They don\'t know that Iam addicted to my sweet Friends..!! BSLVYL",148,0,"when people see my msgs, they think iam addicted to msging... they are wrong, bcoz they don\'t know that iam addicted to my sweet friends..!! bslvyl"
ham,Hey you gave them your photo when you registered for driving ah? Tmr wanna meet at yck? ,88,0,hey you gave them your photo when you registered for driving ah? tmr wanna meet at yck? 
ham,Dont talk to him ever ok its my word.,37,0,dont talk to him ever ok its my word.
ham,When u wana see it then,23,0,when u wana see it then
ham,On ma way to school. Can you pls send me ashley's number,56,0,on ma way to school. can you pls send me ashley's number
ham,It shall be fine. I have avalarr now. Will hollalater,53,0,it shall be fine. i have avalarr now. will hollalater
ham,She went to attend another two rounds today..but still did't reach home..,73,0,she went to attend another two rounds today..but still did't reach home..
ham,Actually i deleted my old website..now i m blogging at magicalsongs.blogspot.com,80,0,actually i deleted my old website..now i m blogging at magicalsongs.blogspot.com
ham,"K, wait chikku..il send aftr  &lt;#&gt; mins",44,0,"k, wait chikku..il send aftr  &lt;#&gt; mins"
ham,But I'm on a diet. And I ate 1 too many slices of pizza yesterday. Ugh I'm ALWAYS on a diet.,92,0,but i'm on a diet. and i ate 1 too many slices of pizza yesterday. ugh i'm always on a diet.
ham,K:)i will give my kvb acc details:),35,0,k:)i will give my kvb acc details:)
ham,Oh all have to come ah?,23,0,oh all have to come ah?
spam,money!!! you r a lucky winner ! 2 claim your prize text money 2 88600 over £1million to give away ! ppt150x3+normal text rate box403 w1t1jy,139,1,money!!! you r a lucky winner ! 2 claim your prize text money 2 88600 over £1million to give away ! ppt150x3+normal text rate box403 w1t1jy
ham,I'm really sorry i won't b able 2 do this friday.hope u can find an alternative.hope yr term's going ok:-),106,0,i'm really sorry i won't b able 2 do this friday.hope u can find an alternative.hope yr term's going ok:-)
ham,Congratulations ore mo owo re wa. Enjoy it and i wish you many happy moments to and fro wherever you go,103,0,congratulations ore mo owo re wa. enjoy it and i wish you many happy moments to and fro wherever you go
ham,So do you have samus shoulders yet,34,0,so do you have samus shoulders yet
ham,What time you think you'll have it? Need to know when I should be near campus,77,0,what time you think you'll have it? need to know when i should be near campus
spam,"Dear Matthew please call 09063440451 from a landline, your complimentary 4*Lux Tenerife holiday or £1000 CASH await collection. ppm150 SAE T&Cs Box334 SK38XH.",158,1,"dear matthew please call 09063440451 from a landline, your complimentary 4*lux tenerife holiday or £1000 cash await collection. ppm150 sae t&cs box334 sk38xh."
ham,Then dun wear jeans lor...,26,0,then dun wear jeans lor...
ham,"Since when, which side, any fever, any vomitin.",47,0,"since when, which side, any fever, any vomitin."
ham,K:)k.are you in college?,24,0,k:)k.are you in college?
spam,"Urgent! call 09061749602 from Landline. Your complimentary 4* Tenerife Holiday or £10,000 cash await collection SAE T&Cs BOX 528 HP20 1YF 150ppm 18+",148,1,"urgent! call 09061749602 from landline. your complimentary 4* tenerife holiday or £10,000 cash await collection sae t&cs box 528 hp20 1yf 150ppm 18+"
ham,Better. Made up for Friday and stuffed myself like a pig yesterday. Now I feel bleh. But at least its not writhing pain kind of bleh.,133,0,better. made up for friday and stuffed myself like a pig yesterday. now i feel bleh. but at least its not writhing pain kind of bleh.
ham,No we sell it all so we'll have tons if coins. Then sell our coins to someone thru paypal. Voila! Money back in life pockets:),126,0,no we sell it all so we'll have tons if coins. then sell our coins to someone thru paypal. voila! money back in life pockets:)
ham,Theyre doing it to lots of places. Only hospitals and medical places are safe.,78,0,theyre doing it to lots of places. only hospitals and medical places are safe.
spam,How about getting in touch with folks waiting for company? Just txt back your NAME and AGE to opt in! Enjoy the community (150p/SMS),132,1,how about getting in touch with folks waiting for company? just txt back your name and age to opt in! enjoy the community (150p/sms)
ham,And also I've sorta blown him off a couple times recently so id rather not text him out of the blue looking for weed,116,0,and also i've sorta blown him off a couple times recently so id rather not text him out of the blue looking for weed
ham,"I sent my scores to sophas and i had to do secondary application for a few schools. I think if you are thinking of applying, do a research on cost also. Contact joke ogunrinde, her school is one me the less expensive ones",221,0,"i sent my scores to sophas and i had to do secondary application for a few schools. i think if you are thinking of applying, do a research on cost also. contact joke ogunrinde, her school is one me the less expensive ones"
ham,I cant wait to see you! How were the photos were useful? :),59,0,i cant wait to see you! how were the photos were useful? :)
spam,Ur cash-balance is currently 500 pounds - to maximize ur cash-in now send GO to 86688 only 150p/msg. CC: 08718720201 PO BOX 114/14 TCR/W1,137,1,ur cash-balance is currently 500 pounds - to maximize ur cash-in now send go to 86688 only 150p/msg. cc: 08718720201 po box 114/14 tcr/w1
ham,Hey i booked the kb on sat already... what other lessons are we going for ah? Keep your sat night free we need to meet and confirm our lodging ,143,0,hey i booked the kb on sat already... what other lessons are we going for ah? keep your sat night free we need to meet and confirm our lodging 
ham,Chk in ur belovd ms dict,24,0,chk in ur belovd ms dict
ham,Is that what time you want me to come?,38,0,is that what time you want me to come?
ham,"Awesome, lemme know whenever you're around",42,0,"awesome, lemme know whenever you're around"
ham,Shb b ok lor... Thanx...,24,0,shb b ok lor... thanx...
ham,"Beautiful Truth against Gravity.. Read carefully: ""Our heart feels light when someone is in it.. But it feels very heavy when someone leaves it.."" GOOD NIGHT",157,0,"beautiful truth against gravity.. read carefully: ""our heart feels light when someone is in it.. but it feels very heavy when someone leaves it.."" good night"
ham,Also remember to get dobby's bowl from your car,47,0,also remember to get dobby's bowl from your car
spam,Filthy stories and GIRLS waiting for your,41,1,filthy stories and girls waiting for your
ham,Sorry i now then c ur msg... Yar lor so poor thing... But only 4 one night... Tmr u'll have a brand new room 2 sleep in...,122,0,sorry i now then c ur msg... yar lor so poor thing... but only 4 one night... tmr u'll have a brand new room 2 sleep in...
ham,"Love isn't a decision, it's a feeling. If we could decide who to love, then, life would be much simpler, but then less magical",126,0,"love isn't a decision, it's a feeling. if we could decide who to love, then, life would be much simpler, but then less magical"
ham,Welp apparently he retired,26,0,welp apparently he retired
ham,My sort code is  and acc no is . The bank is natwest. Can you reply to confirm i've sent this to the right person!,114,0,my sort code is  and acc no is . the bank is natwest. can you reply to confirm i've sent this to the right person!
ham,Where @,7,0,where @
ham,U sure u can't take any sick time?,34,0,u sure u can't take any sick time?
spam,URGENT! We are trying to contact U. Todays draw shows that you have won a £800 prize GUARANTEED. Call 09050001808 from land line. Claim M95. Valid12hrs only,156,1,urgent! we are trying to contact u. todays draw shows that you have won a £800 prize guaranteed. call 09050001808 from land line. claim m95. valid12hrs only
ham,Yo chad which gymnastics class do you wanna take? The site says Christians class is full..,90,0,yo chad which gymnastics class do you wanna take? the site says christians class is full..
ham,Or better still can you catch her and let ask her if she can sell  &lt;#&gt;  for me.,85,0,or better still can you catch her and let ask her if she can sell  &lt;#&gt;  for me.
ham,I am not sure about night menu. . . I know only about noon menu,63,0,i am not sure about night menu. . . i know only about noon menu
ham,What do u want when i come back?.a beautiful necklace as a token of my heart for you.thats what i will give but ONLY to MY WIFE OF MY LIKING.BE THAT AND SEE..NO ONE can give you that.dont call me.i will wait till i come.,220,0,what do u want when i come back?.a beautiful necklace as a token of my heart for you.thats what i will give but only to my wife of my liking.be that and see..no one can give you that.dont call me.i will wait till i come.
ham,Are you willing to go for aptitude class.,41,0,are you willing to go for aptitude class.
ham,"It wont b until 2.15 as trying 2 sort house out, is that ok?",60,0,"it wont b until 2.15 as trying 2 sort house out, is that ok?"
ham,"Yar lor he wan 2 go c horse racing today mah, so eat earlier lor. I ate chicken rice. U?",88,0,"yar lor he wan 2 go c horse racing today mah, so eat earlier lor. i ate chicken rice. u?"
ham,"Haha awesome, omw back now then",31,0,"haha awesome, omw back now then"
ham,Yup i thk so until e shop closes lor.,37,0,yup i thk so until e shop closes lor.
ham,what is your account number?,28,0,what is your account number?
ham,Eh u send wrongly lar...,24,0,eh u send wrongly lar...
ham,Hey no I ad a crap nite was borin without ya 2 boggy with me u boring biatch! Thanx but u wait til nxt time il ave ya ,118,0,hey no i ad a crap nite was borin without ya 2 boggy with me u boring biatch! thanx but u wait til nxt time il ave ya 
ham,Ok i shall talk to him,22,0,ok i shall talk to him
ham,Dont hesitate. You know this is the second time she has had weakness like that. So keep i notebook of what she eat and did the day before or if anything changed the day before so that we can be sure its nothing,210,0,dont hesitate. you know this is the second time she has had weakness like that. so keep i notebook of what she eat and did the day before or if anything changed the day before so that we can be sure its nothing
ham,Hey you can pay. With salary de. Only  &lt;#&gt; .,50,0,hey you can pay. with salary de. only  &lt;#&gt; .
ham,Another month. I need chocolate weed and alcohol.,49,0,another month. i need chocolate weed and alcohol.
ham,If he started searching he will get job in few days.he have great potential and talent.,87,0,if he started searching he will get job in few days.he have great potential and talent.
ham,Reckon need to be in town by eightish to walk from * carpark.,61,0,reckon need to be in town by eightish to walk from * carpark.
spam,"Congrats! 2 mobile 3G Videophones R yours. call 09063458130 now! videochat wid your mates, play java games, Dload polyPH music, noline rentl.",141,1,"congrats! 2 mobile 3g videophones r yours. call 09063458130 now! videochat wid your mates, play java games, dload polyph music, noline rentl."
ham,LOOK AT THE FUCKIN TIME. WHAT THE FUCK YOU THINK IS UP,54,0,look at the fuckin time. what the fuck you think is up
ham,Yo guess what I just dropped,28,0,yo guess what i just dropped
ham,Carlos says he'll be at mu in  &lt;#&gt;  minutes,49,0,carlos says he'll be at mu in  &lt;#&gt;  minutes
ham,I'm in office now . I will call you  &lt;#&gt;  min:),53,0,i'm in office now . i will call you  &lt;#&gt;  min:)
ham,"Geeee ... I miss you already, you know ? Your all I can think about. Fuck, I can't wait till next year when we will be together ... *loving kiss*",145,0,"geeee ... i miss you already, you know ? your all i can think about. fuck, i can't wait till next year when we will be together ... *loving kiss*"
ham,"Yun ah.the ubi one say if ü wan call by tomorrow.call 67441233 look for irene.ere only got bus8,22,65,61,66,382. Ubi cres,ubi tech park.6ph for 1st 5wkg days.èn",160,0,"yun ah.the ubi one say if ü wan call by tomorrow.call 67441233 look for irene.ere only got bus8,22,65,61,66,382. ubi cres,ubi tech park.6ph for 1st 5wkg days.èn"
ham,Ugh. Gotta drive back to sd from la. My butt is sore.,53,0,ugh. gotta drive back to sd from la. my butt is sore.
ham,26th OF JULY,12,0,26th of july
ham,Hi im having the most relaxing time ever! we have to get up at 7am every day! was the party good the other night? I get home tomorrow at 5ish.,142,0,hi im having the most relaxing time ever! we have to get up at 7am every day! was the party good the other night? i get home tomorrow at 5ish.
ham,Up to ü... Ü wan come then come lor... But i din c any stripes skirt...,71,0,up to ü... ü wan come then come lor... but i din c any stripes skirt...
ham,The Xmas story is peace.. The Xmas msg is love.. The Xmas miracle is jesus.. Hav a blessed month ahead &amp; wish U Merry Xmas...,129,0,the xmas story is peace.. the xmas msg is love.. the xmas miracle is jesus.. hav a blessed month ahead &amp; wish u merry xmas...
ham,"I can't, I don't have her number!",33,0,"i can't, i don't have her number!"
ham,Change again... It's e one next to escalator...,47,0,change again... it's e one next to escalator...
ham,Yetunde i'm in class can you not run water on it to make it ok. Pls now.,72,0,yetunde i'm in class can you not run water on it to make it ok. pls now.
ham,Not a lot has happened here. Feels very quiet. Beth is at her aunts and charlie is working lots. Just me and helen in at the mo. How have you been? ,148,0,not a lot has happened here. feels very quiet. beth is at her aunts and charlie is working lots. just me and helen in at the mo. how have you been? 
ham,Then ü wait 4 me at bus stop aft ur lect lar. If i dun c ü then i go get my car then come back n pick ü.,104,0,then ü wait 4 me at bus stop aft ur lect lar. if i dun c ü then i go get my car then come back n pick ü.
ham,"Aight will do, thanks again for comin out",41,0,"aight will do, thanks again for comin out"
ham,No..but heard abt tat..,23,0,no..but heard abt tat..
ham,&lt;#&gt;  am I think? Should say on syllabus,45,0,&lt;#&gt;  am i think? should say on syllabus
ham,Umma. Did she say anything,26,0,umma. did she say anything
ham,Give me a sec to think think about it,37,0,give me a sec to think think about it
spam,Panasonic & BluetoothHdset FREE. Nokia FREE. Motorola FREE & DoubleMins & DoubleTxt on Orange contract. Call MobileUpd8 on 08000839402 or call 2optout,150,1,panasonic & bluetoothhdset free. nokia free. motorola free & doublemins & doubletxt on orange contract. call mobileupd8 on 08000839402 or call 2optout
ham,I don't quite know what to do. I still can't get hold of anyone. I cud pick you up bout 7.30pm and we can see if they're in the pub?,132,0,i don't quite know what to do. i still can't get hold of anyone. i cud pick you up bout 7.30pm and we can see if they're in the pub?
ham,"Poyyarikatur,kolathupalayam,unjalur post,erode dis, &lt;#&gt; .",63,0,"poyyarikatur,kolathupalayam,unjalur post,erode dis, &lt;#&gt; ."
ham,"Dear Hero,i am leaving to qatar tonite for an apt opportunity.pls do keep in touch at  &lt;EMAIL&gt; ,kerala",108,0,"dear hero,i am leaving to qatar tonite for an apt opportunity.pls do keep in touch at  &lt;email&gt; ,kerala"
ham,Lol I would but my mom would have a fit and tell the whole family how crazy and terrible I am,93,0,lol i would but my mom would have a fit and tell the whole family how crazy and terrible i am
ham,"I just got home babe, are you still awake ?",43,0,"i just got home babe, are you still awake ?"
ham,I dunno they close oredi not... Ü v ma fan...,45,0,i dunno they close oredi not... ü v ma fan...
ham,Just buy a pizza. Meat lovers or supreme. U get to pick.,56,0,just buy a pizza. meat lovers or supreme. u get to pick.
ham,"Ya, told..she was asking wats matter?",37,0,"ya, told..she was asking wats matter?"
ham,"Dear,regret i cudnt pick call.drove down frm ctla now at cochin home.left mobile in car..ente style ishtamayoo?happy bakrid!",124,0,"dear,regret i cudnt pick call.drove down frm ctla now at cochin home.left mobile in car..ente style ishtamayoo?happy bakrid!"
spam,FREE for 1st week! No1 Nokia tone 4 ur mob every week just txt NOKIA to 8007 Get txting and tell ur mates www.getzed.co.uk POBox 36504 W45WQ norm150p/tone 16+,158,1,free for 1st week! no1 nokia tone 4 ur mob every week just txt nokia to 8007 get txting and tell ur mates www.getzed.co.uk pobox 36504 w45wq norm150p/tone 16+
ham,Shall i send that exe to your mail id.,38,0,shall i send that exe to your mail id.
ham,Nope watching tv at home... Not going out. V bored...,53,0,nope watching tv at home... not going out. v bored...
ham,Don know..wait i will check it.,31,0,don know..wait i will check it.
ham,"Good afternoon on this glorious anniversary day, my sweet J !! I hope this finds you happy and content, my Prey. I think of you and send a teasing kiss from across the sea coaxing images of fond souveniers ... You Cougar-Pen",224,0,"good afternoon on this glorious anniversary day, my sweet j !! i hope this finds you happy and content, my prey. i think of you and send a teasing kiss from across the sea coaxing images of fond souveniers ... you cougar-pen"
spam,Guess what! Somebody you know secretly fancies you! Wanna find out who it is? Give us a call on 09065394514 From Landline DATEBox1282EssexCM61XN 150p/min 18,156,1,guess what! somebody you know secretly fancies you! wanna find out who it is? give us a call on 09065394514 from landline datebox1282essexcm61xn 150p/min 18
ham,We still on for tonight?,24,0,we still on for tonight?
ham,May i call You later Pls,24,0,may i call you later pls
ham,Hasn't that been the pattern recently crap weekends?,52,0,hasn't that been the pattern recently crap weekends?
ham,I have a sore throat. It's scratches when I talk,48,0,i have a sore throat. it's scratches when i talk
ham,Yes da. Any plm at ur office,28,0,yes da. any plm at ur office
ham,Are you not around or just still asleep? :V,43,0,are you not around or just still asleep? :v
ham,"Lol you forgot it eh ? Yes, I'll bring it in babe",49,0,"lol you forgot it eh ? yes, i'll bring it in babe"
ham,"Its good, we'll find a way",26,0,"its good, we'll find a way"
ham,Can not use foreign stamps in this country. Good lecture .,58,0,can not use foreign stamps in this country. good lecture .
ham,Yup bathe liao...,17,0,yup bathe liao...
ham,HAPPY NEW YEAR MY NO.1 MAN,26,0,happy new year my no.1 man
ham,"OH MR SHEFFIELD! You wanna play THAT game, okay. You're the boss and I'm the nanny. You give me a raise and I'll give YOU one!!",127,0,"oh mr sheffield! you wanna play that game, okay. you're the boss and i'm the nanny. you give me a raise and i'll give you one!!"
ham,ZOE IT JUST HIT ME 2 IM FUCKING SHITIN MYSELF IL DEFO TRY MY HARDEST 2 CUM 2MOROW LUV U MILLIONS LEKDOG,103,0,zoe it just hit me 2 im fucking shitin myself il defo try my hardest 2 cum 2morow luv u millions lekdog
ham,"Hello baby, did you get back to your mom's ? Are you setting up the computer now ? Filling your belly ? How goes it loverboy ? I miss you already ... *sighs*",157,0,"hello baby, did you get back to your mom's ? are you setting up the computer now ? filling your belly ? how goes it loverboy ? i miss you already ... *sighs*"
ham,"No my blankets are sufficient, thx",34,0,"no my blankets are sufficient, thx"
ham,"naughty little thought: 'its better to flirt, flirt n flirt, rather than loving someone n gettin hurt, hurt n hurt...:-) Gud nyt",128,0,"naughty little thought: 'its better to flirt, flirt n flirt, rather than loving someone n gettin hurt, hurt n hurt...:-) gud nyt"
ham,"Edison has rightly said, ""A fool can ask more questions than a wise man can answer"" Now you know why all of us are speechless during ViVa.. GM,GN,GE,GNT:-)",155,0,"edison has rightly said, ""a fool can ask more questions than a wise man can answer"" now you know why all of us are speechless during viva.. gm,gn,ge,gnt:-)"
ham,They just talking thats it de. They wont any other.,51,0,they just talking thats it de. they wont any other.
ham,Today am going to college so am not able to atten the class.,60,0,today am going to college so am not able to atten the class.
ham,I'm in class. Will holla later,30,0,i'm in class. will holla later
ham,Mmm thats better now i got a roast down me! id b better if i had a few drinks down me 2! Good indian?,102,0,mmm thats better now i got a roast down me! id b better if i had a few drinks down me 2! good indian?
spam,"We know someone who you know that fancies you. Call 09058097218 to find out who. POBox 6, LS15HB 150p",101,1,"we know someone who you know that fancies you. call 09058097218 to find out who. pobox 6, ls15hb 150p"
ham,"Come round, it's . ",19,0,"come round, it's . "
ham,"Do 1 thing! Change that sentence into: ""Because i want 2 concentrate in my educational career im leaving here..""",112,0,"do 1 thing! change that sentence into: ""because i want 2 concentrate in my educational career im leaving here.."""
spam,"1000's flirting NOW! Txt GIRL or BLOKE & ur NAME & AGE, eg GIRL ZOE 18 to 8007 to join and get chatting!",104,1,"1000's flirting now! txt girl or bloke & ur name & age, eg girl zoe 18 to 8007 to join and get chatting!"
ham,I walked an hour 2 c u! doesnt that show I care y wont u believe im serious?,77,0,i walked an hour 2 c u! doesnt that show i care y wont u believe im serious?
spam,18 days to Euro2004 kickoff! U will be kept informed of all the latest news and results daily. Unsubscribe send GET EURO STOP to 83222.,135,1,18 days to euro2004 kickoff! u will be kept informed of all the latest news and results daily. unsubscribe send get euro stop to 83222.
ham,Are you available for soiree on June 3rd?,41,0,are you available for soiree on june 3rd?
ham,Do u noe wat time e place dat sells 4d closes?,46,0,do u noe wat time e place dat sells 4d closes?
ham,"I got another job! The one at the hospital doing data analysis or something, starts on monday! Not sure when my thesis will got finished",136,0,"i got another job! the one at the hospital doing data analysis or something, starts on monday! not sure when my thesis will got finished"
ham,Jay's getting really impatient and belligerent,46,0,jay's getting really impatient and belligerent
ham,HIYA COMIN 2 BRISTOL 1 ST WEEK IN APRIL. LES GOT OFF + RUDI ON NEW YRS EVE BUT I WAS SNORING.THEY WERE DRUNK! U BAK AT COLLEGE YET? MY WORK SENDS INK 2 BATH.,157,0,hiya comin 2 bristol 1 st week in april. les got off + rudi on new yrs eve but i was snoring.they were drunk! u bak at college yet? my work sends ink 2 bath.
ham,I'm at work. Please call,24,0,i'm at work. please call
ham,Then u drive lor.,17,0,then u drive lor.
ham,Ard 515 like dat. Y?,20,0,ard 515 like dat. y?
ham,Tell me they're female :V how're you throwing in? We're deciding what all to get now,84,0,tell me they're female :v how're you throwing in? we're deciding what all to get now
spam,EASTENDERS TV Quiz. What FLOWER does DOT compare herself to? D= VIOLET E= TULIP F= LILY txt D E or F to 84025 NOW 4 chance 2 WIN £100 Cash WKENT/150P16+,152,1,eastenders tv quiz. what flower does dot compare herself to? d= violet e= tulip f= lily txt d e or f to 84025 now 4 chance 2 win £100 cash wkent/150p16+
ham,I'm working technical support :)voice process.networking field.,63,0,i'm working technical support :)voice process.networking field.
ham,I might come to kerala for 2 days.so you can be prepared to take a leave once i finalise .dont plan any travel during my visit.need to finish urgent works.,155,0,i might come to kerala for 2 days.so you can be prepared to take a leave once i finalise .dont plan any travel during my visit.need to finish urgent works.
ham,Ok. Not sure what time tho as not sure if can get to library before class. Will try. See you at some point! Have good eve.,122,0,ok. not sure what time tho as not sure if can get to library before class. will try. see you at some point! have good eve.
spam,We have new local dates in your area - Lots of new people registered in YOUR AREA. Reply DATE to start now! 18 only www.flirtparty.us REPLYS150,143,1,we have new local dates in your area - lots of new people registered in your area. reply date to start now! 18 only www.flirtparty.us replys150
ham,"That's fine, I'll bitch at you about it later then",50,0,"that's fine, i'll bitch at you about it later then"
ham,No my mum went 2 dentist.,25,0,no my mum went 2 dentist.
ham,Once free call me sir. I am waiting for you.,44,0,once free call me sir. i am waiting for you.
ham,Meeting u is my work. . . Tel me when shall i do my work tomorrow,65,0,meeting u is my work. . . tel me when shall i do my work tomorrow
spam,Someone U know has asked our dating service 2 contact you! Cant Guess who? CALL 09058091854 NOW all will be revealed. PO BOX385 M6 6WU,134,1,someone u know has asked our dating service 2 contact you! cant guess who? call 09058091854 now all will be revealed. po box385 m6 6wu
ham,Jus finish bathing...,21,0,jus finish bathing...
ham,"alright, I'll make sure the car is back tonight",47,0,"alright, i'll make sure the car is back tonight"
spam,URGENT! We are trying to contact U. Todays draw shows that you have won a £800 prize GUARANTEED. Call 09050003091 from land line. Claim C52. Valid12hrs only,156,1,urgent! we are trying to contact u. todays draw shows that you have won a £800 prize guaranteed. call 09050003091 from land line. claim c52. valid12hrs only
spam,Dear U've been invited to XCHAT. This is our final attempt to contact u! Txt CHAT to 86688,90,1,dear u've been invited to xchat. this is our final attempt to contact u! txt chat to 86688
ham,Lul im gettin some juicy gossip at the hospital. Two nurses are talking about how fat they are gettin. And one thinks shes obese. Oyea.,135,0,lul im gettin some juicy gossip at the hospital. two nurses are talking about how fat they are gettin. and one thinks shes obese. oyea.
ham,Aight ill get on fb in a couple minutes,39,0,aight ill get on fb in a couple minutes
ham,Oi. Ami parchi na re. Kicchu kaaj korte iccha korche na. Phone ta tul na. Plz. Plz.,83,0,oi. ami parchi na re. kicchu kaaj korte iccha korche na. phone ta tul na. plz. plz.
ham,Where can download clear movies. Dvd copies.,44,0,where can download clear movies. dvd copies.
ham,"Yep, by the pretty sculpture",28,0,"yep, by the pretty sculpture"
ham,Convey my regards to him,24,0,convey my regards to him
ham,Me too watching surya movie only. . .after 6 pm vijay movie POKKIRI,67,0,me too watching surya movie only. . .after 6 pm vijay movie pokkiri
ham,You tell what happen dont behave like this to me. Ok no need to say,67,0,you tell what happen dont behave like this to me. ok no need to say
ham,Can u get pic msgs to your phone?,33,0,can u get pic msgs to your phone?
ham,Send to someone else :-),24,0,send to someone else :-)
ham,Wat makes some people dearer is not just de happiness dat u feel when u meet them but de pain u feel when u miss dem!!!,119,0,wat makes some people dearer is not just de happiness dat u feel when u meet them but de pain u feel when u miss dem!!!
ham,For me the love should start with attraction.i should feel that I need her every time around me.she should be the first thing which comes in my thoughts.I would start the day and end it with her.she should be there every time I dream.love will be then when my every breath has her name.my life should happen around her.my life will be named to her.I would cry for her.will give all my happiness and take all her sorrows.I will be ready to fight with anyone for her.I will be in love when I will be doing the craziest things for her.love will be when I don't have to proove anyone that my girl is the most beautiful lady on the whole planet.I will always be singing praises for her.love will be when I start up making chicken curry and end up makiing sambar.life will be the most beautiful then.will get every morning and thank god for the day because she is with me.I would like to say a lot..will tell later..,910,0,for me the love should start with attraction.i should feel that i need her every time around me.she should be the first thing which comes in my thoughts.i would start the day and end it with her.she should be there every time i dream.love will be then when my every breath has her name.my life should happen around her.my life will be named to her.i would cry for her.will give all my happiness and take all her sorrows.i will be ready to fight with anyone for her.i will be in love when i will be doing the craziest things for her.love will be when i don't have to proove anyone that my girl is the most beautiful lady on the whole planet.i will always be singing praises for her.love will be when i start up making chicken curry and end up makiing sambar.life will be the most beautiful then.will get every morning and thank god for the day because she is with me.i would like to say a lot..will tell later..
ham,"FR'NDSHIP is like a needle of a clock. Though V r in d same clock, V r nt able 2 met. Evn if V meet,itz only 4few seconds. Bt V alwys stay conected. Gud 9t;-)",158,0,"fr'ndship is like a needle of a clock. though v r in d same clock, v r nt able 2 met. evn if v meet,itz only 4few seconds. bt v alwys stay conected. gud 9t;-)"
ham,I don't think he has spatula hands!,35,0,i don't think he has spatula hands!
ham,You can never do NOTHING,24,0,you can never do nothing
spam,You are awarded a SiPix Digital Camera! call 09061221061 from landline. Delivery within 28days. T Cs Box177. M221BP. 2yr warranty. 150ppm. 16 . p p£3.99,152,1,you are awarded a sipix digital camera! call 09061221061 from landline. delivery within 28days. t cs box177. m221bp. 2yr warranty. 150ppm. 16 . p p£3.99
ham,Goodmorning today i am late for  &lt;DECIMAL&gt; min.,53,0,goodmorning today i am late for  &lt;decimal&gt; min.
spam,WIN URGENT! Your mobile number has been awarded with a £2000 prize GUARANTEED call 09061790121 from land line. claim 3030 valid 12hrs only 150ppm ,146,1,win urgent! your mobile number has been awarded with a £2000 prize guaranteed call 09061790121 from land line. claim 3030 valid 12hrs only 150ppm 
ham,Please da call me any mistake from my side sorry da. Pls da goto doctor.,72,0,please da call me any mistake from my side sorry da. pls da goto doctor.
ham,Where r we meeting?,19,0,where r we meeting?
ham,"Well the weather in cali's great. But its complexities are great. You need a car to move freely, its taxes are outrageous. But all in all its a great place. The sad part is i missing home.",188,0,"well the weather in cali's great. but its complexities are great. you need a car to move freely, its taxes are outrageous. but all in all its a great place. the sad part is i missing home."
ham,Now only i reached home. . . I am very tired now. . I will come tomorro,71,0,now only i reached home. . . i am very tired now. . i will come tomorro
ham,Ryder unsold.now gibbs.,23,0,ryder unsold.now gibbs.
spam,Dear Subscriber ur draw 4 £100 gift voucher will b entered on receipt of a correct ans. When was Elvis Presleys Birthday? TXT answer to 80062,141,1,dear subscriber ur draw 4 £100 gift voucher will b entered on receipt of a correct ans. when was elvis presleys birthday? txt answer to 80062
ham,Don't fret. I'll buy the ovulation test strips and send them to you. You wont get them til like march. Can you send me your postal address.u'll be alright.Okay.,160,0,don't fret. i'll buy the ovulation test strips and send them to you. you wont get them til like march. can you send me your postal address.u'll be alright.okay.
ham,NO GIFTS!! You trying to get me to throw myself off a cliff or something?,73,0,no gifts!! you trying to get me to throw myself off a cliff or something?
ham,Been up to ne thing interesting. Did you have a good birthday? When are u wrking nxt? I started uni today.,106,0,been up to ne thing interesting. did you have a good birthday? when are u wrking nxt? i started uni today.
ham,You busy or can I come by at some point and figure out what we're doing tomorrow,80,0,you busy or can i come by at some point and figure out what we're doing tomorrow
ham,"Yeah go on then, bored and depressed sittin waitin for phone to ring... Hope the wind drops though, scary",105,0,"yeah go on then, bored and depressed sittin waitin for phone to ring... hope the wind drops though, scary"
ham,Black shirt n blue jeans... I thk i c ü...,42,0,black shirt n blue jeans... i thk i c ü...
ham,Aiyah sorry lor... I watch tv watch until i forgot 2 check my phone.,68,0,aiyah sorry lor... i watch tv watch until i forgot 2 check my phone.
spam,Message Important information for O2 user. Today is your lucky day! 2 find out why log onto http://www.urawinner.com there is a fantastic surprise awaiting you,159,1,message important information for o2 user. today is your lucky day! 2 find out why log onto http://www.urawinner.com there is a fantastic surprise awaiting you
ham,on hen night. Going with a swing,32,0,on hen night. going with a swing
ham,"Good afternoon, my love. How goes your day ? What are you up to ? I woke early and am online waiting for you ... Hmmm ... Italian boy is online I see . *grins*",159,0,"good afternoon, my love. how goes your day ? what are you up to ? i woke early and am online waiting for you ... hmmm ... italian boy is online i see . *grins*"
ham,From someone not to smoke when every time I've smoked in the last two weeks is because of you calling or texting me that you wanted to smoke,140,0,from someone not to smoke when every time i've smoked in the last two weeks is because of you calling or texting me that you wanted to smoke
ham,No you'll just get a headache trying to figure it out. U can trust me to do the math. I promise. O:-),101,0,no you'll just get a headache trying to figure it out. u can trust me to do the math. i promise. o:-)
ham,S s..first time..dhoni rocks...,31,0,s s..first time..dhoni rocks...
ham,Ok ill tell the company,23,0,ok ill tell the company
ham,"Awesome, think we can get an 8th at usf some time tonight?",58,0,"awesome, think we can get an 8th at usf some time tonight?"
ham,So that means you still think of teju,37,0,so that means you still think of teju
ham,"No I'm good for the movie, is it ok if I leave in an hourish?",61,0,"no i'm good for the movie, is it ok if i leave in an hourish?"
ham,No no:)this is kallis home ground.amla home town is durban:),60,0,no no:)this is kallis home ground.amla home town is durban:)
ham,So lets make it saturday or monday as per convenience.,54,0,so lets make it saturday or monday as per convenience.
ham,Hey... What time is your driving on fri? We go for evaluation on fri?,69,0,hey... what time is your driving on fri? we go for evaluation on fri?
spam,"449050000301 You have won a £2,000 price! To claim, call 09050000301.",69,1,"449050000301 you have won a £2,000 price! to claim, call 09050000301."
ham,I'm going 4 lunch now wif my family then aft dat i go str 2 orchard lor.,72,0,i'm going 4 lunch now wif my family then aft dat i go str 2 orchard lor.
spam,"Bored of speed dating? Try SPEEDCHAT, txt SPEEDCHAT to 80155, if you don't like em txt SWAP and get a new chatter! Chat80155 POBox36504W45WQ 150p/msg rcd 16",156,1,"bored of speed dating? try speedchat, txt speedchat to 80155, if you don't like em txt swap and get a new chatter! chat80155 pobox36504w45wq 150p/msg rcd 16"
ham,Cancel cheyyamo?and get some money back?,40,0,cancel cheyyamo?and get some money back?
spam,Do you want 750 anytime any network mins 150 text and a NEW video phone for only five pounds per week call 08000776320 now or reply for delivery Tomorrow,153,1,do you want 750 anytime any network mins 150 text and a new video phone for only five pounds per week call 08000776320 now or reply for delivery tomorrow
ham,Ok.ok ok..then..whats ur todays plan,36,0,ok.ok ok..then..whats ur todays plan
ham,Good morning princess! How are you?,35,0,good morning princess! how are you?
ham,Aiyar sorry lor forgot 2 tell u...,34,0,aiyar sorry lor forgot 2 tell u...
spam,For taking part in our mobile survey yesterday! You can now have 500 texts 2 use however you wish. 2 get txts just send TXT to 80160 T&C www.txt43.com 1.50p,156,1,for taking part in our mobile survey yesterday! you can now have 500 texts 2 use however you wish. 2 get txts just send txt to 80160 t&c www.txt43.com 1.50p
ham,Not tonight mate. Catching up on some sleep. This is my new number by the way. ,79,0,not tonight mate. catching up on some sleep. this is my new number by the way. 
ham,"Height of ""Oh shit....!!"" situation: A guy throws a luv letter on a gal but falls on her brothers head whos a gay,.;-):-D",121,0,"height of ""oh shit....!!"" situation: a guy throws a luv letter on a gal but falls on her brothers head whos a gay,.;-):-d"
spam,Ur HMV Quiz cash-balance is currently £500 - to maximize ur cash-in now send HMV1 to 86688 only 150p/msg,104,1,ur hmv quiz cash-balance is currently £500 - to maximize ur cash-in now send hmv1 to 86688 only 150p/msg
ham,"So check your errors and if you had difficulties, do correction.",64,0,"so check your errors and if you had difficulties, do correction."
ham,Howz pain?hope u r fine..,25,0,howz pain?hope u r fine..
ham,U wake up already? Thanx 4 e tau sar piah it's quite nice.,58,0,u wake up already? thanx 4 e tau sar piah it's quite nice.
ham,K do I need a login or anything,31,0,k do i need a login or anything
spam,Dont forget you can place as many FREE Requests with 1stchoice.co.uk as you wish. For more Information call 08707808226.,120,1,dont forget you can place as many free requests with 1stchoice.co.uk as you wish. for more information call 08707808226.
ham,LOL ... No just was busy,24,0,lol ... no just was busy
ham,What * u wearing?,17,0,what * u wearing?
ham,Oh:)as usual vijay film or its different?,41,0,oh:)as usual vijay film or its different?
spam,I don't know u and u don't know me. Send CHAT to 86688 now and let's find each other! Only 150p/Msg rcvd. HG/Suite342/2Lands/Row/W1J6HL LDN. 18 years or over.,158,1,i don't know u and u don't know me. send chat to 86688 now and let's find each other! only 150p/msg rcvd. hg/suite342/2lands/row/w1j6hl ldn. 18 years or over.
ham,Have you had a good day? Mine was really busy are you up to much tomorrow night?,80,0,have you had a good day? mine was really busy are you up to much tomorrow night?
ham,And is there a way you can send shade's stuff to her. And she has been wonderful too.,85,0,and is there a way you can send shade's stuff to her. and she has been wonderful too.
ham,Really... I tot ur paper ended long ago... But wat u copied jus now got use? U happy lar... I still haf 2 study :-(,115,0,really... i tot ur paper ended long ago... but wat u copied jus now got use? u happy lar... i still haf 2 study :-(
spam,"Thank you, winner notified by sms. Good Luck! No future marketing reply STOP to 84122 customer services 08450542832",115,1,"thank you, winner notified by sms. good luck! no future marketing reply stop to 84122 customer services 08450542832"
ham,Babe ? I lost you ... :-(,25,0,babe ? i lost you ... :-(
ham,Ok... Help me ask if she's working tmr a not?,45,0,ok... help me ask if she's working tmr a not?
ham,I'm not driving... Raining! Then i'll get caught at e mrt station lor.,70,0,i'm not driving... raining! then i'll get caught at e mrt station lor.
ham,Not a drop in the tank,22,0,not a drop in the tank
ham,(That said can you text him one more time?),43,0,(that said can you text him one more time?)
ham,Ok i go change also...,22,0,ok i go change also...
spam,1000's of girls many local 2 u who r virgins 2 this & r ready 2 4fil ur every sexual need. Can u 4fil theirs? text CUTE to 69911(£1.50p. m),139,1,1000's of girls many local 2 u who r virgins 2 this & r ready 2 4fil ur every sexual need. can u 4fil theirs? text cute to 69911(£1.50p. m)
ham,Did u find a sitter for kaitlyn? I was sick and slept all day yesterday.,72,0,did u find a sitter for kaitlyn? i was sick and slept all day yesterday.
ham,"Sorry man, accidentally left my phone on silent last night and didn't check it til I got up",91,0,"sorry man, accidentally left my phone on silent last night and didn't check it til i got up"
ham,Hey.. Something came up last min.. Think i wun be signing up tmr.. Hee,70,0,hey.. something came up last min.. think i wun be signing up tmr.. hee
ham,He's an adult and would learn from the experience. There's no real danger. I just dont like peeps using drugs they dont need. But no comment,140,0,he's an adult and would learn from the experience. there's no real danger. i just dont like peeps using drugs they dont need. but no comment
ham,Hey! There's veggie pizza... :/,31,0,hey! there's veggie pizza... :/
ham,Yun buying... But school got offer 2000 plus only...,52,0,yun buying... but school got offer 2000 plus only...
ham,You sure your neighbors didnt pick it up,40,0,you sure your neighbors didnt pick it up
ham,K. I will sent it again,23,0,k. i will sent it again
ham,Well. Im computerless. Time to make some oreo truffles,54,0,well. im computerless. time to make some oreo truffles
ham,"Haha yeah I see that now, be there in a sec",43,0,"haha yeah i see that now, be there in a sec"
ham,I am not having her number sir,30,0,i am not having her number sir
ham,Lol now I'm after that hot air balloon!,39,0,lol now i'm after that hot air balloon!
ham,Ok . . now i am in bus. . If i come soon i will come otherwise tomorrow,71,0,ok . . now i am in bus. . if i come soon i will come otherwise tomorrow
ham,Msgs r not time pass.They silently say that I am thinking of U right now and also making U think of me at least 4 a moment. Gd nt.swt drms @Shesil,146,0,msgs r not time pass.they silently say that i am thinking of u right now and also making u think of me at least 4 a moment. gd nt.swt drms @shesil
ham,"Yeah, we can probably swing by once my roommate finishes up with his girl",73,0,"yeah, we can probably swing by once my roommate finishes up with his girl"
spam,"Got what it takes 2 take part in the WRC Rally in Oz? U can with Lucozade Energy! Text RALLY LE to 61200 (25p), see packs or lucozade.co.uk/wrc & itcould be u!",159,1,"got what it takes 2 take part in the wrc rally in oz? u can with lucozade energy! text rally le to 61200 (25p), see packs or lucozade.co.uk/wrc & itcould be u!"
ham,Happy new years melody!,23,0,happy new years melody!
ham,Ü dun need to pick ur gf?,25,0,ü dun need to pick ur gf?
ham,Yay! You better not have told that to 5 other girls either.,59,0,yay! you better not have told that to 5 other girls either.
ham,Horrible u eat macs eat until u forgot abt me already rite... U take so long 2 reply. I thk it's more toot than b4 so b prepared. Now wat shall i eat?,150,0,horrible u eat macs eat until u forgot abt me already rite... u take so long 2 reply. i thk it's more toot than b4 so b prepared. now wat shall i eat?
ham,"Did he say how fantastic I am by any chance, or anything need a bigger life lift as losing the will 2 live, do you think I would be the first person 2 die from N V Q? ",167,0,"did he say how fantastic i am by any chance, or anything need a bigger life lift as losing the will 2 live, do you think i would be the first person 2 die from n v q? "
ham,Just nw i came to hme da..,26,0,just nw i came to hme da..
ham,"I'm outside islands, head towards hard rock and you'll run into me",66,0,"i'm outside islands, head towards hard rock and you'll run into me"
ham,To day class is there are no class.,35,0,to day class is there are no class.
ham,I'm in chennai velachery:),26,0,i'm in chennai velachery:)
ham,You flippin your shit yet?,26,0,you flippin your shit yet?
ham,"K give me a sec, breaking a  &lt;#&gt;  at cstore",49,0,"k give me a sec, breaking a  &lt;#&gt;  at cstore"
ham,Am i that much bad to avoid like this?,38,0,am i that much bad to avoid like this?
ham,"Yo, you around? Just got my car back",36,0,"yo, you around? just got my car back"
ham,Annoying isn't it.,18,0,annoying isn't it.
ham,"Goodmorning, Today i am late for  &lt;#&gt; min.",48,0,"goodmorning, today i am late for  &lt;#&gt; min."
ham,There's no point hangin on to mr not right if he's not makin u happy,68,0,there's no point hangin on to mr not right if he's not makin u happy
ham,All will come alive.better correct any good looking figure there itself..,73,0,all will come alive.better correct any good looking figure there itself..
ham,In that case I guess I'll see you at campus lodge,49,0,in that case i guess i'll see you at campus lodge
ham,We're done...,13,0,we're done...
ham,Come to my home for one last time i wont do anything. Trust me.,63,0,come to my home for one last time i wont do anything. trust me.
ham,I was up all night too worrying about this appt. It's a shame we missed a girls night out with quizzes popcorn and you doing my hair.,133,0,i was up all night too worrying about this appt. it's a shame we missed a girls night out with quizzes popcorn and you doing my hair.
spam,Sex up ur mobile with a FREE sexy pic of Jordan! Just text BABE to 88600. Then every wk get a sexy celeb! PocketBabe.co.uk 4 more pics. 16 £3/wk 087016248,154,1,sex up ur mobile with a free sexy pic of jordan! just text babe to 88600. then every wk get a sexy celeb! pocketbabe.co.uk 4 more pics. 16 £3/wk 087016248
ham,Ok... C ya...,13,0,ok... c ya...
spam,You have 1 new voicemail. Please call 08719181503,49,1,you have 1 new voicemail. please call 08719181503
ham,What he said is not the matter. My mind saying some other matter is there.,74,0,what he said is not the matter. my mind saying some other matter is there.
ham,"Al he does is moan at me if n e thin goes wrong its my fault&al de arguments r my fault&fed up of him of himso y bother? Hav 2go, thanx.xx",138,0,"al he does is moan at me if n e thin goes wrong its my fault&al de arguments r my fault&fed up of him of himso y bother? hav 2go, thanx.xx"
ham,NEFT Transaction with reference number  &lt;#&gt;  for Rs. &lt;DECIMAL&gt;  has been credited to the beneficiary account on  &lt;#&gt;  at  &lt;TIME&gt; : &lt;#&gt;,164,0,neft transaction with reference number  &lt;#&gt;  for rs. &lt;decimal&gt;  has been credited to the beneficiary account on  &lt;#&gt;  at  &lt;time&gt; : &lt;#&gt;
ham,Otherwise had part time job na-tuition..,40,0,otherwise had part time job na-tuition..
ham,I know she called me,20,0,i know she called me
ham,"Me also da, i feel yesterday night  wait til 2day night dear.",61,0,"me also da, i feel yesterday night  wait til 2day night dear."
ham,Thanks for understanding. I've been trying to tell sura that.,61,0,thanks for understanding. i've been trying to tell sura that.
spam,WIN a year supply of CDs 4 a store of ur choice worth £500 & enter our £100 Weekly draw txt MUSIC to 87066 Ts&Cs www.Ldew.com.subs16+1win150ppmx3,145,1,win a year supply of cds 4 a store of ur choice worth £500 & enter our £100 weekly draw txt music to 87066 ts&cs www.ldew.com.subs16+1win150ppmx3
ham,The whole car appreciated the last two! Dad and are having a map reading semi argument but apart from that things are going ok. P.,130,0,the whole car appreciated the last two! dad and are having a map reading semi argument but apart from that things are going ok. p.
spam,"As a SIM subscriber, you are selected to receive a Bonus! Get it delivered to your door, Txt the word OK to No: 88600 to claim. 150p/msg, EXP. 30Apr",148,1,"as a sim subscriber, you are selected to receive a bonus! get it delivered to your door, txt the word ok to no: 88600 to claim. 150p/msg, exp. 30apr"
ham,I need you to be in my strong arms...,37,0,i need you to be in my strong arms...
ham,Also maaaan are you missing out,31,0,also maaaan are you missing out
ham,His bday real is in april .,27,0,his bday real is in april .
ham,Guessin you ain't gonna be here before 9?,41,0,guessin you ain't gonna be here before 9?
ham,Ok then i will come to ur home after half an hour,49,0,ok then i will come to ur home after half an hour
ham,"Yo, the game almost over? Want to go to walmart soon",52,0,"yo, the game almost over? want to go to walmart soon"
ham,"Yeah, probably but not sure. Ilol let u know, but personally I wuldnt bother, then again if ur goin to then I mite as well!!",124,0,"yeah, probably but not sure. ilol let u know, but personally i wuldnt bother, then again if ur goin to then i mite as well!!"
ham,I'll text now! All creepy like so he won't think that we forgot,63,0,i'll text now! all creepy like so he won't think that we forgot
ham,"that would be good … I'll phone you tomo lunchtime, shall I, to organise something?",83,0,"that would be good … i'll phone you tomo lunchtime, shall i, to organise something?"
spam,You have 1 new voicemail. Please call 08719181513.,50,1,you have 1 new voicemail. please call 08719181513.
ham,"Damn, can you make it tonight or do you want to just wait til tomorrow",70,0,"damn, can you make it tonight or do you want to just wait til tomorrow"
ham,K..k..i'm also fine:)when will you complete the course?,55,0,k..k..i'm also fine:)when will you complete the course?
ham,"True. It is passable. And if you get a high score and apply for phd, you get 5years of salary. So it makes life easier.",119,0,"true. it is passable. and if you get a high score and apply for phd, you get 5years of salary. so it makes life easier."
spam,No. 1 Nokia Tone 4 ur mob every week! Just txt NOK to 87021. 1st Tone FREE ! so get txtin now and tell ur friends. 150p/tone. 16 reply HL 4info,143,1,no. 1 nokia tone 4 ur mob every week! just txt nok to 87021. 1st tone free ! so get txtin now and tell ur friends. 150p/tone. 16 reply hl 4info
ham,Prakesh is there know.,22,0,prakesh is there know.
ham,Teach me apps da. When you come to college.,43,0,teach me apps da. when you come to college.
ham,Rofl betta invest in some  anti aging products,46,0,rofl betta invest in some  anti aging products
ham,"sir, you will receive the account no another 1hr time. Sorry for the delay.",75,0,"sir, you will receive the account no another 1hr time. sorry for the delay."
spam,Reply with your name and address and YOU WILL RECEIVE BY POST a weeks completely free accommodation at various global locations www.phb1.com ph:08700435505150p,159,1,reply with your name and address and you will receive by post a weeks completely free accommodation at various global locations www.phb1.com ph:08700435505150p
ham,So ü'll be submitting da project tmr rite?,42,0,so ü'll be submitting da project tmr rite?
spam,FREE entry into our £250 weekly comp just send the word ENTER to 84128 NOW. 18 T&C www.textcomp.com cust care 08712405020.,122,1,free entry into our £250 weekly comp just send the word enter to 84128 now. 18 t&c www.textcomp.com cust care 08712405020.
ham,Jus ans me lar. U'll noe later.,31,0,jus ans me lar. u'll noe later.
ham,I want to send something that can sell fast.  &lt;#&gt; k is not easy money.,76,0,i want to send something that can sell fast.  &lt;#&gt; k is not easy money.
ham,have got * few things to do. may be in * pub later.,51,0,have got * few things to do. may be in * pub later.
ham,1's finish meeting call me.,27,0,1's finish meeting call me.
ham,Lol ok. I'll snatch her purse too.,34,0,lol ok. i'll snatch her purse too.
ham,Hello-/@drivby-:0quit edrunk sorry iff pthis makes no senrd-dnot no how ^ dancce 2 drum n basq!ihave fun 2nhite x ros xxxxxxx,125,0,hello-/@drivby-:0quit edrunk sorry iff pthis makes no senrd-dnot no how ^ dancce 2 drum n basq!ihave fun 2nhite x ros xxxxxxx
ham,How much are we getting?,24,0,how much are we getting?
ham,Is ur paper in e morn or aft tmr?,33,0,is ur paper in e morn or aft tmr?
ham,"Dear relieved of westonzoyland, all going to plan this end too!",63,0,"dear relieved of westonzoyland, all going to plan this end too!"
ham,Hope you are having a great new semester. Do wish you the very best. You are made for greatness.,96,0,hope you are having a great new semester. do wish you the very best. you are made for greatness.
ham,Oh yes I can speak txt 2 u no! Hmm. Did u get  email?,53,0,oh yes i can speak txt 2 u no! hmm. did u get  email?
ham,"I want to show you the world, princess :) how about europe?",59,0,"i want to show you the world, princess :) how about europe?"
ham,Nobody can decide where to eat and dad wants Chinese,52,0,nobody can decide where to eat and dad wants chinese
ham,No shoot me. I'm in the docs waiting room. :/,45,0,no shoot me. i'm in the docs waiting room. :/
ham,Now? I'm going out 4 dinner soon..,34,0,now? i'm going out 4 dinner soon..
ham,Hello which the site to download songs its urgent pls,53,0,hello which the site to download songs its urgent pls
ham,"I do know what u mean,  is the king of not havin credit! I'm goin2bed now. Night night sweet! Only1more sleep! ",111,0,"i do know what u mean,  is the king of not havin credit! i'm goin2bed now. night night sweet! only1more sleep! "
ham,Horrible gal. Me in sch doing some stuff. How come u got mc?,60,0,horrible gal. me in sch doing some stuff. how come u got mc?
ham,"HI HUN! IM NOT COMIN 2NITE-TELL EVERY1 IM SORRY 4 ME, HOPE U AVA GOODTIME!OLI RANG MELNITE IFINK IT MITE B SORTED,BUT IL EXPLAIN EVERYTHIN ON MON.L8RS.x",152,0,"hi hun! im not comin 2nite-tell every1 im sorry 4 me, hope u ava goodtime!oli rang melnite ifink it mite b sorted,but il explain everythin on mon.l8rs.x"
spam,Please CALL 08712402779 immediately as there is an urgent message waiting for you,81,1,please call 08712402779 immediately as there is an urgent message waiting for you
ham,Yeah like if it goes like it did with my friends imma flip my shit in like half an hour,87,0,yeah like if it goes like it did with my friends imma flip my shit in like half an hour
ham,Mum say we wan to go then go... Then she can shun bian watch da glass exhibition... ,84,0,mum say we wan to go then go... then she can shun bian watch da glass exhibition... 
ham,What your plan for pongal?,26,0,what your plan for pongal?
ham,Just wait till end of march when el nino gets himself. Oh.,58,0,just wait till end of march when el nino gets himself. oh.
ham,"Not yet chikku..going to room nw, i'm in bus..",46,0,"not yet chikku..going to room nw, i'm in bus.."
ham,Am also doing in cbe only. But have to pay.,43,0,am also doing in cbe only. but have to pay.
ham,Honey boo I'm missing u.,24,0,honey boo i'm missing u.
ham,"We have sent JD for Customer Service cum Accounts Executive to ur mail id, For details contact us",97,0,"we have sent jd for customer service cum accounts executive to ur mail id, for details contact us"
ham,"Yo, I'm at my parents' gettin cash. Good news: we picked up a downstem",70,0,"yo, i'm at my parents' gettin cash. good news: we picked up a downstem"
ham,"Thank you so much. When we skyped wit kz and sura, we didnt get the pleasure of your company. Hope you are good. We've given you ultimatum oh! We are countin down to aburo. Enjoy!",179,0,"thank you so much. when we skyped wit kz and sura, we didnt get the pleasure of your company. hope you are good. we've given you ultimatum oh! we are countin down to aburo. enjoy!"
spam,"Hungry gay guys feeling hungry and up 4 it, now. Call 08718730555 just 10p/min. To stop texts call 08712460324 (10p/min)",120,1,"hungry gay guys feeling hungry and up 4 it, now. call 08718730555 just 10p/min. to stop texts call 08712460324 (10p/min)"
ham,Ok. No wahala. Just remember that a friend in need ...,54,0,ok. no wahala. just remember that a friend in need ...
ham,I will see in half an hour,26,0,i will see in half an hour
ham,"Im in inperialmusic listening2the weirdest track ever byleafcutter john-sounds like insects being molested&someone plumbing,remixed by evil men on acid!",154,0,"im in inperialmusic listening2the weirdest track ever byleafcutter john-sounds like insects being molested&someone plumbing,remixed by evil men on acid!"
ham,"Hey sorry I didntgive ya a a bellearlier hunny,just been in bedbut mite go 2 thepub l8tr if uwana mt up?loads a luv Jenxxx.",123,0,"hey sorry i didntgive ya a a bellearlier hunny,just been in bedbut mite go 2 thepub l8tr if uwana mt up?loads a luv jenxxx."
ham,SERIOUSLY. TELL HER THOSE EXACT WORDS RIGHT NOW.,48,0,seriously. tell her those exact words right now.
spam,Can U get 2 phone NOW? I wanna chat 2 set up meet Call me NOW on 09096102316 U can cum here 2moro Luv JANE xx Calls£1/minmoremobsEMSPOBox45PO139WA,146,1,can u get 2 phone now? i wanna chat 2 set up meet call me now on 09096102316 u can cum here 2moro luv jane xx calls£1/minmoremobsemspobox45po139wa
ham,"Tee hee. Off to lecture, cheery bye bye.",40,0,"tee hee. off to lecture, cheery bye bye."
ham,"Sorry chikku, my cell got some problem thts y i was nt able to reply u or msg u..",81,0,"sorry chikku, my cell got some problem thts y i was nt able to reply u or msg u.."
ham,If you still havent collected the dough pls let me know so i can go to the place i sent it to get the control number,116,0,if you still havent collected the dough pls let me know so i can go to the place i sent it to get the control number
ham,Ok...,5,0,ok...
spam,network operator. The service is free. For T & C's visit 80488.biz,66,1,network operator. the service is free. for t & c's visit 80488.biz
ham,Let me know how to contact you. I've you settled in a room. Lets know you are ok.,81,0,let me know how to contact you. i've you settled in a room. lets know you are ok.
ham,Wot u up 2 u weirdo?,20,0,wot u up 2 u weirdo?
ham,Can do lor...,13,0,can do lor...
ham,Dont put your phone on silent mode ok,37,0,dont put your phone on silent mode ok
ham,Can i meet ü at 5.. As 4 where depends on where ü wan 2 in lor..,64,0,can i meet ü at 5.. as 4 where depends on where ü wan 2 in lor..
ham,Waiting 4 my tv show 2 start lor... U leh still busy doing ur report?,69,0,waiting 4 my tv show 2 start lor... u leh still busy doing ur report?
ham,Oh ho. Is this the first time u use these type of words,55,0,oh ho. is this the first time u use these type of words
ham,Am I the only one who doesn't stalk profiles?,45,0,am i the only one who doesn't stalk profiles?
ham,"Ever green quote ever told by Jerry in cartoon ""A Person Who Irritates u Always Is the one Who Loves u Vry Much But Fails to Express It...!..!! :-) :-) gud nyt",159,0,"ever green quote ever told by jerry in cartoon ""a person who irritates u always is the one who loves u vry much but fails to express it...!..!! :-) :-) gud nyt"
ham,Yes i thought so. Thanks.,25,0,yes i thought so. thanks.
ham,But if she.s drinkin i'm ok.,28,0,but if she.s drinkin i'm ok.
ham,"Just wondering, the others just took off",40,0,"just wondering, the others just took off"
ham,"Night has ended for another day, morning has come in a special way. May you smile like the sunny rays and leaves your worries at the blue blue bay. Gud mrng",156,0,"night has ended for another day, morning has come in a special way. may you smile like the sunny rays and leaves your worries at the blue blue bay. gud mrng"
ham,"What do you do, my dog ? Must I always wait till the end of your day to have word from you ? Did you run out of time on your cell already?",138,0,"what do you do, my dog ? must i always wait till the end of your day to have word from you ? did you run out of time on your cell already?"
ham,Happy new year to u too!,24,0,happy new year to u too!
ham,"Hey...Great deal...Farm tour 9am to 5pm $95/pax, $50 deposit by 16 May",70,0,"hey...great deal...farm tour 9am to 5pm $95/pax, $50 deposit by 16 may"
ham,Eat jap done oso aft ur lect wat... Ü got lect at 12 rite... ,61,0,eat jap done oso aft ur lect wat... ü got lect at 12 rite... 
ham,"Hey babe! I saw you came online for a second and then you disappeared, what happened ?",86,0,"hey babe! i saw you came online for a second and then you disappeared, what happened ?"
ham,Da my birthdate in certificate is in april but real date is today. But dont publish it. I shall give you a special treat if you keep the secret. Any way thanks for the wishes,174,0,da my birthdate in certificate is in april but real date is today. but dont publish it. i shall give you a special treat if you keep the secret. any way thanks for the wishes
ham,Happy birthday... May all ur dreams come true...,48,0,happy birthday... may all ur dreams come true...
ham,Aiyah u did ok already lar. E nydc at wheellock?,48,0,aiyah u did ok already lar. e nydc at wheellock?
ham,TELL HER I SAID EAT SHIT.,25,0,tell her i said eat shit.
ham,Sure! I am driving but will reach my destination soon.,54,0,sure! i am driving but will reach my destination soon.
ham,"K so am I, how much for an 8th? Fifty?",38,0,"k so am i, how much for an 8th? fifty?"
ham,Your daily text from me – a favour this time,44,0,your daily text from me – a favour this time
ham,Great to hear you are settling well. So what's happenin wit ola?,64,0,great to hear you are settling well. so what's happenin wit ola?
ham,Those cocksuckers. If it makes you feel better ipads are worthless garbage novelty items and you should feel bad for even wanting one,133,0,those cocksuckers. if it makes you feel better ipads are worthless garbage novelty items and you should feel bad for even wanting one
ham,I tot u reach liao. He said t-shirt.,36,0,i tot u reach liao. he said t-shirt.
ham,"FRAN I DECIDED 2 GO N E WAY IM COMPLETELY BROKE AN KNACKERED I GOT UP BOUT 3 C U 2MRW LOVE JANX P.S THIS IS MY DADS FONE, -NO CREDIT",132,0,"fran i decided 2 go n e way im completely broke an knackered i got up bout 3 c u 2mrw love janx p.s this is my dads fone, -no credit"
ham,Your right! I'll make the appointment right now.,48,0,your right! i'll make the appointment right now.
ham,Designation is software developer and may be she get chennai:),62,0,designation is software developer and may be she get chennai:)
spam,Enjoy the jamster videosound gold club with your credits for 2 new videosounds+2 logos+musicnews! get more fun from jamster.co.uk! 16+only Help? call: 09701213186 ,163,1,enjoy the jamster videosound gold club with your credits for 2 new videosounds+2 logos+musicnews! get more fun from jamster.co.uk! 16+only help? call: 09701213186 
spam,"Get 3 Lions England tone, reply lionm 4 mono or lionp 4 poly. 4 more go 2 www.ringtones.co.uk, the original n best. Tones 3GBP network operator rates apply",155,1,"get 3 lions england tone, reply lionm 4 mono or lionp 4 poly. 4 more go 2 www.ringtones.co.uk, the original n best. tones 3gbp network operator rates apply"
ham,I jokin oni lar.. Ü busy then i wun disturb ü.,46,0,i jokin oni lar.. ü busy then i wun disturb ü.
ham,"Ok, be careful ! Don't text and drive !",39,0,"ok, be careful ! don't text and drive !"
ham,"I.ll always be there, even if its just in spirit. I.ll get a bb soon. Just trying to be sure i need it.",103,0,"i.ll always be there, even if its just in spirit. i.ll get a bb soon. just trying to be sure i need it."
ham,U r too much close to my heart. If u go away i will be shattered. Plz stay with me.,83,0,u r too much close to my heart. if u go away i will be shattered. plz stay with me.
ham,I love u 2 babe! R u sure everything is alrite. Is he being an idiot? Txt bak girlie,84,0,i love u 2 babe! r u sure everything is alrite. is he being an idiot? txt bak girlie
ham,How abt making some of the pics bigger?,39,0,how abt making some of the pics bigger?
ham,Got but got 2 colours lor. One colour is quite light n e other is darker lor. Actually i'm done she's styling my hair now.,122,0,got but got 2 colours lor. one colour is quite light n e other is darker lor. actually i'm done she's styling my hair now.
ham,"Whenevr ur sad, Whenevr ur gray, Remembr im here 2 listn 2 watevr u wanna say, Jus walk wid me a little while,&amp; I promise I'll bring back ur smile.:-)",154,0,"whenevr ur sad, whenevr ur gray, remembr im here 2 listn 2 watevr u wanna say, jus walk wid me a little while,&amp; i promise i'll bring back ur smile.:-)"
ham,Why nothing. Ok anyway give me treat,36,0,why nothing. ok anyway give me treat
spam,"Win the newest “Harry Potter and the Order of the Phoenix (Book 5) reply HARRY, answer 5 questions - chance to be the first among readers!",138,1,"win the newest “harry potter and the order of the phoenix (book 5) reply harry, answer 5 questions - chance to be the first among readers!"
ham,Correct. So how was work today,30,0,correct. so how was work today
ham,"Just sent again. Do you scream and moan in bed, princess?",57,0,"just sent again. do you scream and moan in bed, princess?"
ham,"I wake up long ago already... Dunno, what other thing?",54,0,"i wake up long ago already... dunno, what other thing?"
ham,Oh just getting even with u.... u?,34,0,oh just getting even with u.... u?
ham,I thk 50 shd be ok he said plus minus 10.. Did ü leave a line in between paragraphs?,84,0,i thk 50 shd be ok he said plus minus 10.. did ü leave a line in between paragraphs?
ham,Can you call me plz. Your number shows out of coveragd area. I have urgnt call in vasai &amp; have to reach before 4'o clock so call me plz,139,0,can you call me plz. your number shows out of coveragd area. i have urgnt call in vasai &amp; have to reach before 4'o clock so call me plz
ham,Yeah jay's sort of a fucking retard,35,0,yeah jay's sort of a fucking retard
ham,"Sorry, was in the bathroom, sup",31,0,"sorry, was in the bathroom, sup"
spam,Ur balance is now £500. Ur next question is: Who sang 'Uptown Girl' in the 80's ? 2 answer txt ur ANSWER to 83600. Good luck!,125,1,ur balance is now £500. ur next question is: who sang 'uptown girl' in the 80's ? 2 answer txt ur answer to 83600. good luck!
ham,My exam is for february 4. Wish you a great day.,48,0,my exam is for february 4. wish you a great day.
ham,I dont know what to do to come out of this so only am ask questions like this dont mistake me.,94,0,i dont know what to do to come out of this so only am ask questions like this dont mistake me.
ham,"Aight no rush, I'll ask jay",27,0,"aight no rush, i'll ask jay"
ham,Good Morning plz call me sir,28,0,good morning plz call me sir
ham,It's ok lar. U sleep early too... Nite...,41,0,it's ok lar. u sleep early too... nite...
ham,"Oh... Icic... K lor, den meet other day...",42,0,"oh... icic... k lor, den meet other day..."
ham,"Oh ! A half hour is much longer in Syria than Canada, eh ? Wow you must get SO much more work done in a day than us with all that extra time ! *grins*",150,0,"oh ! a half hour is much longer in syria than canada, eh ? wow you must get so much more work done in a day than us with all that extra time ! *grins*"
ham,"Sometimes we put walls around our hearts,not just to be safe from getting hurt.. But to find out who cares enough to break the walls &amp; get closer.. GOODNOON:)",162,0,"sometimes we put walls around our hearts,not just to be safe from getting hurt.. but to find out who cares enough to break the walls &amp; get closer.. goodnoon:)"
ham,"Sweet, we may or may not go to 4U to meet carlos so gauge patty's interest in that",82,0,"sweet, we may or may not go to 4u to meet carlos so gauge patty's interest in that"
ham,Then she buying today? Ü no need to c meh...,44,0,then she buying today? ü no need to c meh...
ham,Aight sorry I take ten years to shower. What's the plan?,56,0,aight sorry i take ten years to shower. what's the plan?
ham,Every monday..nxt week vl be completing..,41,0,every monday..nxt week vl be completing..
ham,Might ax well im there.,23,0,might ax well im there.
ham,Just chill for another 6hrs. If you could sleep the pain is not a surgical emergency so see how it unfolds. Okay,112,0,just chill for another 6hrs. if you could sleep the pain is not a surgical emergency so see how it unfolds. okay
ham,Yeah I'll try to scrounge something up,38,0,yeah i'll try to scrounge something up
ham,Crazy ar he's married. Ü like gd looking guys not me. My frens like say he's korean leona's fave but i dun thk he is. Aft some thinking mayb most prob i'll go.,159,0,crazy ar he's married. ü like gd looking guys not me. my frens like say he's korean leona's fave but i dun thk he is. aft some thinking mayb most prob i'll go.
ham,Were somewhere on Fredericksburg,32,0,were somewhere on fredericksburg
ham,Que pases un buen tiempo or something like that,47,0,que pases un buen tiempo or something like that
ham,Is it ok if I stay the night here? Xavier has a sleeping bag and I'm getting tired,82,0,is it ok if i stay the night here? xavier has a sleeping bag and i'm getting tired
ham,She doesnt need any test.,25,0,she doesnt need any test.
ham,"Nothing much, chillin at home. Any super bowl plan?",51,0,"nothing much, chillin at home. any super bowl plan?"
spam,"FREE2DAY sexy St George's Day pic of Jordan!Txt PIC to 89080 dont miss out, then every wk a saucy celeb!4 more pics c PocketBabe.co.uk 0870241182716 £3/wk",154,1,"free2day sexy st george's day pic of jordan!txt pic to 89080 dont miss out, then every wk a saucy celeb!4 more pics c pocketbabe.co.uk 0870241182716 £3/wk"
ham,Bugis oso near wat... ,22,0,bugis oso near wat... 
ham,Yo theres no class tmrw right?,30,0,yo theres no class tmrw right?
ham,Let Ur Heart Be Ur Compass Ur Mind Ur Map Ur Soul Ur Guide And U Will Never loose in world....gnun - Sent via WAY2SMS.COM,121,0,let ur heart be ur compass ur mind ur map ur soul ur guide and u will never loose in world....gnun - sent via way2sms.com
ham,"Goodnight, sleep well da please take care pa. Please.",53,0,"goodnight, sleep well da please take care pa. please."
ham,Baaaaabe! I misss youuuuu ! Where are you ? I have to go and teach my class at 5 ...,84,0,baaaaabe! i misss youuuuu ! where are you ? i have to go and teach my class at 5 ...
ham,U ned to convince him tht its not possible witot hurting his feeling its the main,81,0,u ned to convince him tht its not possible witot hurting his feeling its the main
ham,"Good afternoon loverboy ! How goes you day ? Any luck come your way? I think of you, sweetie and send my love across the sea to make you smile and happy",152,0,"good afternoon loverboy ! how goes you day ? any luck come your way? i think of you, sweetie and send my love across the sea to make you smile and happy"
ham,If i start sending blackberry torch to nigeria will you find buyer for me?like 4a month. And tell dad not to buy bb from anyone oh.,131,0,if i start sending blackberry torch to nigeria will you find buyer for me?like 4a month. and tell dad not to buy bb from anyone oh.
ham,"&lt;#&gt; %of pple marry with their lovers... becz they hav gud undrstndng dat avoids problems. i sent dis 2 u, u wil get gud news on friday by d person you like. And tomorrow will be the best day of your life. Dont break this chain. If you break you will suffer. send this to  &lt;#&gt;  frnds in &lt;#&gt;  mins whn u read...",327,0,"&lt;#&gt; %of pple marry with their lovers... becz they hav gud undrstndng dat avoids problems. i sent dis 2 u, u wil get gud news on friday by d person you like. and tomorrow will be the best day of your life. dont break this chain. if you break you will suffer. send this to  &lt;#&gt;  frnds in &lt;#&gt;  mins whn u read..."
ham,Yo dude guess who just got arrested the other day,49,0,yo dude guess who just got arrested the other day
ham,Shuhui say change 2 suntec steamboat? U noe where? Where r u now?,65,0,shuhui say change 2 suntec steamboat? u noe where? where r u now?
ham,What does the dance river do?,29,0,what does the dance river do?
ham,"Yetunde, i'm sorry but moji and i seem too busy to be able to go shopping. Can you just please find some other way to get what you wanted us to get. Please forgive me. You can reply free via yahoo messenger.",207,0,"yetunde, i'm sorry but moji and i seem too busy to be able to go shopping. can you just please find some other way to get what you wanted us to get. please forgive me. you can reply free via yahoo messenger."
ham,Hey i will be really pretty late... You want to go for the lesson first? I will join you. I'm only reaching tp mrt,114,0,hey i will be really pretty late... you want to go for the lesson first? i will join you. i'm only reaching tp mrt
spam,"HOT LIVE FANTASIES call now 08707509020 Just 20p per min NTT Ltd, PO Box 1327 Croydon CR9 5WB 0870..k",101,1,"hot live fantasies call now 08707509020 just 20p per min ntt ltd, po box 1327 croydon cr9 5wb 0870..k"
ham,Bbq this sat at mine from 6ish. Ur welcome 2 come,49,0,bbq this sat at mine from 6ish. ur welcome 2 come
ham,"I don't know, same thing that's wrong everyso often, he panicks starts goin on bout not bein good enough …",106,0,"i don't know, same thing that's wrong everyso often, he panicks starts goin on bout not bein good enough …"
ham,Alright. I'm out--have a good night!,36,0,alright. i'm out--have a good night!
ham,Did you try making another butt.,32,0,did you try making another butt.
ham,Hope you are feeling great. Pls fill me in. Abiola,50,0,hope you are feeling great. pls fill me in. abiola
ham,I though we shd go out n have some fun so bar in town or something – sound ok?,78,0,i though we shd go out n have some fun so bar in town or something – sound ok?
ham,"1) Go to write msg 2) Put on Dictionary mode 3)Cover the screen with hand, 4)Press  &lt;#&gt; . 5)Gently remove Ur hand.. Its interesting..:)",141,0,"1) go to write msg 2) put on dictionary mode 3)cover the screen with hand, 4)press  &lt;#&gt; . 5)gently remove ur hand.. its interesting..:)"
spam,"Bears Pic Nick, and Tom, Pete and ... Dick. In fact, all types try gay chat with photo upload call 08718730666 (10p/min). 2 stop texts call 08712460324",151,1,"bears pic nick, and tom, pete and ... dick. in fact, all types try gay chat with photo upload call 08718730666 (10p/min). 2 stop texts call 08712460324"
spam,"500 New Mobiles from 2004, MUST GO! Txt: NOKIA to No: 89545 & collect yours today!From ONLY £1 www.4-tc.biz 2optout 087187262701.50gbp/mtmsg18 TXTAUCTION",153,1,"500 new mobiles from 2004, must go! txt: nokia to no: 89545 & collect yours today!from only £1 www.4-tc.biz 2optout 087187262701.50gbp/mtmsg18 txtauction"
ham,We're finally ready fyi,23,0,we're finally ready fyi
ham,Auntie huai juan never pick up her phone,40,0,auntie huai juan never pick up her phone
spam,Double Mins & Double Txt & 1/2 price Linerental on Latest Orange Bluetooth mobiles. Call MobileUpd8 for the very latest offers. 08000839402 or call2optout/LF56,159,1,double mins & double txt & 1/2 price linerental on latest orange bluetooth mobiles. call mobileupd8 for the very latest offers. 08000839402 or call2optout/lf56
ham,"Ya tel, wats ur problem..",25,0,"ya tel, wats ur problem.."
ham,i dnt wnt to tlk wid u,22,0,i dnt wnt to tlk wid u
ham,"We spend our days waiting for the ideal path to appear in front of us.. But what we forget is.. ""paths are made by walking.. not by waiting.."" Goodnight!",153,0,"we spend our days waiting for the ideal path to appear in front of us.. but what we forget is.. ""paths are made by walking.. not by waiting.."" goodnight!"
ham,Its ok my arm is feeling weak cuz i got a shot so we can go another time,72,0,its ok my arm is feeling weak cuz i got a shot so we can go another time
ham,Please reserve ticket on saturday eve from chennai to thirunelvali and again from tirunelvali to chennai on sunday eve...i already see in net..no ticket available..i want to book ticket through tackle ..,203,0,please reserve ticket on saturday eve from chennai to thirunelvali and again from tirunelvali to chennai on sunday eve...i already see in net..no ticket available..i want to book ticket through tackle ..
ham,"Storming msg: Wen u lift d phne, u say ""HELLO"" Do u knw wt is d real meaning of HELLO?? . . . It's d name of a girl..! . . . Yes.. And u knw who is dat girl?? ""Margaret Hello"" She is d girlfrnd f Grahmbell who invnted telphone... . . . . Moral:One can 4get d name of a person, bt not his girlfrnd... G o o d n i g h t . . .@",324,0,"storming msg: wen u lift d phne, u say ""hello"" do u knw wt is d real meaning of hello?? . . . it's d name of a girl..! . . . yes.. and u knw who is dat girl?? ""margaret hello"" she is d girlfrnd f grahmbell who invnted telphone... . . . . moral:one can 4get d name of a person, bt not his girlfrnd... g o o d n i g h t . . .@"
ham,That's ok. I popped in to ask bout something and she said you'd been in. Are you around tonght wen this girl comes?,115,0,that's ok. i popped in to ask bout something and she said you'd been in. are you around tonght wen this girl comes?
ham,All e best 4 ur exam later.,27,0,all e best 4 ur exam later.
ham,Hope ur head doesn't hurt 2 much ! Am ploughing my way through a pile of ironing ! Staying in with a chinky tonight come round if you like.,139,0,hope ur head doesn't hurt 2 much ! am ploughing my way through a pile of ironing ! staying in with a chinky tonight come round if you like.
ham,Oh k.i think most of wi and nz players unsold.,46,0,oh k.i think most of wi and nz players unsold.
ham,"Haha... Where got so fast lose weight, thk muz go 4 a month den got effect... Gee,later we go aust put bk e weight.",115,0,"haha... where got so fast lose weight, thk muz go 4 a month den got effect... gee,later we go aust put bk e weight."
ham,"I wonder how you got online, my love ? Had you gone to the net cafe ? Did you get your phone recharged ? Were you on a friends net ? I think of you, boytoy",155,0,"i wonder how you got online, my love ? had you gone to the net cafe ? did you get your phone recharged ? were you on a friends net ? i think of you, boytoy"
ham,"Haha just kidding, papa needs drugs",35,0,"haha just kidding, papa needs drugs"
ham,"Thk shld b can... Ya, i wana go 4 lessons... Haha, can go for one whole stretch...",82,0,"thk shld b can... ya, i wana go 4 lessons... haha, can go for one whole stretch..."
ham,Oh ok..,7,0,oh ok..
ham,R we still meeting 4 dinner tonight?,36,0,r we still meeting 4 dinner tonight?
ham,Thats cool! I am a gentleman and will treat you with dignity and respect.,73,0,thats cool! i am a gentleman and will treat you with dignity and respect.
ham,Shall i start from hear.,24,0,shall i start from hear.
ham,Then we wait 4 u lor... No need 2 feel bad lar...,49,0,then we wait 4 u lor... no need 2 feel bad lar...
ham,No did you check? I got his detailed message now,48,0,no did you check? i got his detailed message now
ham,You have registered Sinco as Payee. Log in at icicibank.com and enter URN  &lt;#&gt;  to confirm. Beware of frauds. Do NOT share or disclose URN to anyone.,155,0,you have registered sinco as payee. log in at icicibank.com and enter urn  &lt;#&gt;  to confirm. beware of frauds. do not share or disclose urn to anyone.
ham,"No, I decided that only people who care about stuff vote and caring about stuff is for losers",93,0,"no, i decided that only people who care about stuff vote and caring about stuff is for losers"
ham,Kaiez... Enjoy ur tuition... Gee... Thk e second option sounds beta... I'll go yan jiu den msg u...,99,0,kaiez... enjoy ur tuition... gee... thk e second option sounds beta... i'll go yan jiu den msg u...
ham,cool. We will have fun practicing making babies!,48,0,cool. we will have fun practicing making babies!
ham,Actually getting ready to leave the house.,42,0,actually getting ready to leave the house.
ham,K..k..any special today?,24,0,k..k..any special today?
spam,"URGENT, IMPORTANT INFORMATION FOR O2 USER. TODAY IS YOUR LUCKY DAY! 2 FIND OUT WHY LOG ONTO HTTP://WWW.URAWINNER.COM THERE IS A FANTASTIC SURPRISE AWAITING FOR YOU",163,1,"urgent, important information for o2 user. today is your lucky day! 2 find out why log onto http://www.urawinner.com there is a fantastic surprise awaiting for you"
ham,Then we gotta do it after that,30,0,then we gotta do it after that
ham,"I've got ten bucks, jay is being noncomittal",44,0,"i've got ten bucks, jay is being noncomittal"
ham,Where at were hungry too,24,0,where at were hungry too
ham,Pls speak to that customer machan.,34,0,pls speak to that customer machan.
ham,somewhere out there beneath the pale moon light someone think in of u some where out there where dreams come true... goodnite &amp; sweet dreams,144,0,somewhere out there beneath the pale moon light someone think in of u some where out there where dreams come true... goodnite &amp; sweet dreams
spam,Dear U've been invited to XCHAT. This is our final attempt to contact u! Txt CHAT to 86688 150p/MsgrcvdHG/Suite342/2Lands/Row/W1J6HL LDN 18 yrs,143,1,dear u've been invited to xchat. this is our final attempt to contact u! txt chat to 86688 150p/msgrcvdhg/suite342/2lands/row/w1j6hl ldn 18 yrs
ham,So wats ur opinion abt him and how abt is character?,52,0,so wats ur opinion abt him and how abt is character?
ham,Jay is snickering and tells me that x is totally fucking up the chords as we speak,82,0,jay is snickering and tells me that x is totally fucking up the chords as we speak
ham,No..few hours before.went to hair cut .,39,0,no..few hours before.went to hair cut .
ham,No wonder... Cos i dun rem seeing a silver car... But i thk i saw a black one...,80,0,no wonder... cos i dun rem seeing a silver car... but i thk i saw a black one...
ham,Lmao. Take a pic and send it to me.,35,0,lmao. take a pic and send it to me.
ham,Speak only when you feel your words are better than the silence... Gud mrng:-),78,0,speak only when you feel your words are better than the silence... gud mrng:-)
ham,No. She's currently in scotland for that.,41,0,no. she's currently in scotland for that.
ham,Do you work all this week ?,27,0,do you work all this week ?
spam,Congratulations ur awarded either £500 of CD gift vouchers & Free entry 2 our £100 weekly draw txt MUSIC to 87066 TnCs www.Ldew.com 1 win150ppmx3age16,150,1,congratulations ur awarded either £500 of cd gift vouchers & free entry 2 our £100 weekly draw txt music to 87066 tncs www.ldew.com 1 win150ppmx3age16
ham,Lol great now im getting hungry.,32,0,lol great now im getting hungry.
ham,Yes.. now only saw your message..,33,0,yes.. now only saw your message..
ham,I'll be at mu in like  &lt;#&gt;  seconds,41,0,i'll be at mu in like  &lt;#&gt;  seconds
ham,THING R GOOD THANX GOT EXAMS IN MARCH IVE DONE NO REVISION? IS FRAN STILL WITH BOYF? IVE GOTTA INTERVIW 4 EXETER BIT WORRIED!x,126,0,thing r good thanx got exams in march ive done no revision? is fran still with boyf? ive gotta interviw 4 exeter bit worried!x
ham,"Tell you what, if you make a little spreadsheet and track whose idea it was to smoke to determine who ""smokes too much"" for the entire month of february, I'll come up",166,0,"tell you what, if you make a little spreadsheet and track whose idea it was to smoke to determine who ""smokes too much"" for the entire month of february, i'll come up"
spam,For sale - arsenal dartboard. Good condition but no doubles or trebles!,71,1,for sale - arsenal dartboard. good condition but no doubles or trebles!
ham,Don't look back at the building because you have no coat and i don't want you to get more sick. Just hurry home and wear a coat to the gym!!!,141,0,don't look back at the building because you have no coat and i don't want you to get more sick. just hurry home and wear a coat to the gym!!!
ham,"My painful personal thought- ""I always try to keep everybody happy all the time. But nobody recognises me when i am alone""",122,0,"my painful personal thought- ""i always try to keep everybody happy all the time. but nobody recognises me when i am alone"""
ham,Thanks for ve lovely wisheds. You rock,38,0,thanks for ve lovely wisheds. you rock
ham,You intrepid duo you! Have a great time and see you both soon. ,63,0,you intrepid duo you! have a great time and see you both soon. 
ham,I asked sen to come chennai and search for job.,47,0,i asked sen to come chennai and search for job.
ham,Dad went out oredi... ,22,0,dad went out oredi... 
ham,"I jus hope its true that  missin me cos i'm really missin him! You haven't done anything to feel guilty about, yet.",115,0,"i jus hope its true that  missin me cos i'm really missin him! you haven't done anything to feel guilty about, yet."
ham,Wat so late still early mah. Or we juz go 4 dinner lor. Aiya i dunno...,71,0,wat so late still early mah. or we juz go 4 dinner lor. aiya i dunno...
ham,"Arms fine, how's Cardiff and uni? ",34,0,"arms fine, how's cardiff and uni? "
ham,In fact when do you leave? I think addie goes back to school tues or wed,72,0,in fact when do you leave? i think addie goes back to school tues or wed
ham,"Cool breeze... Bright sun... Fresh flower... Twittering birds... All these waiting to wish u: ""GOODMORNING &amp; HAVE A NICE DAY"" :)",132,0,"cool breeze... bright sun... fresh flower... twittering birds... all these waiting to wish u: ""goodmorning &amp; have a nice day"" :)"
ham,Ya:)going for restaurant..,26,0,ya:)going for restaurant..
ham,"Its ok., i just askd did u knw tht no?",38,0,"its ok., i just askd did u knw tht no?"
spam,Free 1st week entry 2 TEXTPOD 4 a chance 2 win 40GB iPod or £250 cash every wk. Txt POD to 84128 Ts&Cs www.textpod.net custcare 08712405020.,140,1,free 1st week entry 2 textpod 4 a chance 2 win 40gb ipod or £250 cash every wk. txt pod to 84128 ts&cs www.textpod.net custcare 08712405020.
ham,Those ducking chinchillas,25,0,those ducking chinchillas
ham,I am in a marriage function,27,0,i am in a marriage function
ham,Looks like u wil b getting a headstart im leaving here bout 2.30ish but if u r desperate for my company I could head in earlier-we were goin to meet in rummer.,159,0,looks like u wil b getting a headstart im leaving here bout 2.30ish but if u r desperate for my company i could head in earlier-we were goin to meet in rummer.
ham,Don‘t give a flying monkeys wot they think and I certainly don‘t mind. Any friend of mine and all that!,103,0,don‘t give a flying monkeys wot they think and i certainly don‘t mind. any friend of mine and all that!
spam,As a registered optin subscriber ur draw 4 £100 gift voucher will be entered on receipt of a correct ans to 80062 Whats No1 in the BBC charts,141,1,as a registered optin subscriber ur draw 4 £100 gift voucher will be entered on receipt of a correct ans to 80062 whats no1 in the bbc charts
ham,say thanks2. ,13,0,say thanks2. 
ham,Msg me when rajini comes.,25,0,msg me when rajini comes.
ham,Ya! when are ü taking ure practical lessons? I start in june..  ,64,0,ya! when are ü taking ure practical lessons? i start in june..  
ham,"That's good, because I need drugs",33,0,"that's good, because i need drugs"
ham,Stupid.its not possible,23,0,stupid.its not possible
ham,Can ü all decide faster cos my sis going home liao..,52,0,can ü all decide faster cos my sis going home liao..
spam,Summers finally here! Fancy a chat or flirt with sexy singles in yr area? To get MATCHED up just reply SUMMER now. Free 2 Join. OptOut txt STOP Help08714742804,159,1,summers finally here! fancy a chat or flirt with sexy singles in yr area? to get matched up just reply summer now. free 2 join. optout txt stop help08714742804
ham,U sleeping now.. Or you going to take? Haha.. I got spys wat.. Me online checking n replying mails lor..,104,0,u sleeping now.. or you going to take? haha.. i got spys wat.. me online checking n replying mails lor..
spam,CLAIRE here am havin borin time & am now alone U wanna cum over 2nite? Chat now 09099725823 hope 2 C U Luv CLAIRE xx Calls£1/minmoremobsEMSPOBox45PO139WA,153,1,claire here am havin borin time & am now alone u wanna cum over 2nite? chat now 09099725823 hope 2 c u luv claire xx calls£1/minmoremobsemspobox45po139wa
spam,Bought one ringtone and now getting texts costing 3 pound offering more tones etc,81,1,bought one ringtone and now getting texts costing 3 pound offering more tones etc
ham,"Yalru lyfu astne chikku.. Bt innu mundhe lyf ali halla ke bilo (marriage)program edhae, so lyf is nt yet ovr chikku..ali vargu lyfu meow meow:-D",144,0,"yalru lyfu astne chikku.. bt innu mundhe lyf ali halla ke bilo (marriage)program edhae, so lyf is nt yet ovr chikku..ali vargu lyfu meow meow:-d"
ham,Kinda. First one gets in at twelve! Aah. Speak tomo,51,0,kinda. first one gets in at twelve! aah. speak tomo
spam,"09066362231 URGENT! Your mobile No 07xxxxxxxxx won a £2,000 bonus caller prize on 02/06/03! this is the 2nd attempt to reach YOU! call 09066362231 ASAP!",152,1,"09066362231 urgent! your mobile no 07xxxxxxxxx won a £2,000 bonus caller prize on 02/06/03! this is the 2nd attempt to reach you! call 09066362231 asap!"
ham,Ok good then i later come find ü... C lucky i told ü to go earlier... Later pple take finish ü no more again...,111,0,ok good then i later come find ü... c lucky i told ü to go earlier... later pple take finish ü no more again...
ham,Wat makes u thk i'll fall down. But actually i thk i'm quite prone 2 falls. Lucky my dad at home i ask him come n fetch me already.,131,0,wat makes u thk i'll fall down. but actually i thk i'm quite prone 2 falls. lucky my dad at home i ask him come n fetch me already.
spam,"YOU 07801543489 are guaranteed the latests Nokia Phone, a 40GB iPod MP3 player or a £500 prize! Txt word:COLLECT to No:83355! TC-LLC NY-USA 150p/Mt msgrcvd18+",158,1,"you 07801543489 are guaranteed the latests nokia phone, a 40gb ipod mp3 player or a £500 prize! txt word:collect to no:83355! tc-llc ny-usa 150p/mt msgrcvd18+"
ham,I wont touch you with out your permission.,42,0,i wont touch you with out your permission.
spam,Hi its LUCY Hubby at meetins all day Fri & I will B alone at hotel U fancy cumin over? Pls leave msg 2day 09099726395 Lucy x Calls£1/minMobsmoreLKPOBOX177HP51FL,160,1,hi its lucy hubby at meetins all day fri & i will b alone at hotel u fancy cumin over? pls leave msg 2day 09099726395 lucy x calls£1/minmobsmorelkpobox177hp51fl
ham,"7 wonders in My WORLD 7th You 6th Ur style 5th Ur smile 4th Ur Personality 3rd Ur Nature 2nd Ur SMS and 1st ""Ur Lovely Friendship""... good morning dear",151,0,"7 wonders in my world 7th you 6th ur style 5th ur smile 4th ur personality 3rd ur nature 2nd ur sms and 1st ""ur lovely friendship""... good morning dear"
ham,Take some small dose tablet for fever,37,0,take some small dose tablet for fever
ham,Oh. U must have taken your REAL Valentine out shopping first.,61,0,oh. u must have taken your real valentine out shopping first.
ham,"Just sent you an email – to an address with incomm in it, is that right?",72,0,"just sent you an email – to an address with incomm in it, is that right?"
ham,"Will do, you gonna be at blake's all night? I might be able to get out of here a little early",93,0,"will do, you gonna be at blake's all night? i might be able to get out of here a little early"
ham,"Friendship is not a game to play, It is not a word to say, It doesn\'t start on March and ends on May, It is tomorrow, yesterday, today and e",141,0,"friendship is not a game to play, it is not a word to say, it doesn\'t start on march and ends on may, it is tomorrow, yesterday, today and e"
ham,"Nice. Wait...should you be texting right now? I'm not gonna pay your ticket, ya know!",85,0,"nice. wait...should you be texting right now? i'm not gonna pay your ticket, ya know!"
ham,I'm watching lotr w my sis dis aft. So u wan 2 meet me 4 dinner at nite a not?,78,0,i'm watching lotr w my sis dis aft. so u wan 2 meet me 4 dinner at nite a not?
ham,Why you keeping me away like this,33,0,why you keeping me away like this
ham,I think its far more than that but find out. Check google maps for a place from your dorm.,90,0,i think its far more than that but find out. check google maps for a place from your dorm.
ham,My trip was ok but quite tiring lor. Uni starts today but it's ok 4 me cos i'm not taking any modules but jus concentrating on my final yr project.,147,0,my trip was ok but quite tiring lor. uni starts today but it's ok 4 me cos i'm not taking any modules but jus concentrating on my final yr project.
ham,Have you always been saying welp?,33,0,have you always been saying welp?
ham,"I'm a guy, browsin is compulsory",32,0,"i'm a guy, browsin is compulsory"
ham,Purity of friendship between two is not about smiling after reading the forwarded message..Its about smiling just by seeing the name. Gud evng musthu,149,0,purity of friendship between two is not about smiling after reading the forwarded message..its about smiling just by seeing the name. gud evng musthu
ham,"(I should add that I don't really care and if you can't I can at least get this dude to fuck off but hey, your money if you want it)",132,0,"(i should add that i don't really care and if you can't i can at least get this dude to fuck off but hey, your money if you want it)"
ham,"Hello lover! How goes that new job? Are you there now? Are you happy? Do you think of me? I wake, my slave and send you a teasing kiss from across the sea",154,0,"hello lover! how goes that new job? are you there now? are you happy? do you think of me? i wake, my slave and send you a teasing kiss from across the sea"
ham,I told your number to gautham..,31,0,i told your number to gautham..
ham,Tell them no need to investigate about me anywhere.,51,0,tell them no need to investigate about me anywhere.
ham,Ok i juz receive..,18,0,ok i juz receive..
ham,"Cant believe i said so many things to you this morning when all i really wanted to say was good morning, i love you! Have a beautiful morning. See you in the library later.",172,0,"cant believe i said so many things to you this morning when all i really wanted to say was good morning, i love you! have a beautiful morning. see you in the library later."
spam,"Your account has been credited with 500 FREE Text Messages. To activate, just txt the word: CREDIT to No: 80488 T&Cs www.80488.biz",130,1,"your account has been credited with 500 free text messages. to activate, just txt the word: credit to no: 80488 t&cs www.80488.biz"
ham,In the end she might still vomit but its okay. Not everything will come out.,76,0,in the end she might still vomit but its okay. not everything will come out.
ham,How are you with moneY...as in to you...money aint a thing....how are you sha!,78,0,how are you with money...as in to you...money aint a thing....how are you sha!
ham,It has everything to do with the weather. Keep extra warm. Its a cold but nothing serious. Pls lots of vitamin c,112,0,it has everything to do with the weather. keep extra warm. its a cold but nothing serious. pls lots of vitamin c
ham,Hey gals.. Anyone of u going down to e driving centre tmr?,58,0,hey gals.. anyone of u going down to e driving centre tmr?
ham,I'm always on yahoo messenger now. Just send the message to me and i.ll get it you may have to send it in the mobile mode sha but i.ll get it. And will reply.,158,0,i'm always on yahoo messenger now. just send the message to me and i.ll get it you may have to send it in the mobile mode sha but i.ll get it. and will reply.
ham,I'm putting it on now. It should be ready for  &lt;TIME&gt; ,60,0,i'm putting it on now. it should be ready for  &lt;time&gt; 
ham,"Time n Smile r the two crucial things in our life. Sometimes time makes us to forget smile, and sometimes someone's smile makes us to forget time gud noon",154,0,"time n smile r the two crucial things in our life. sometimes time makes us to forget smile, and sometimes someone's smile makes us to forget time gud noon"
spam,"SMS. ac JSco: Energy is high, but u may not know where 2channel it. 2day ur leadership skills r strong. Psychic? Reply ANS w/question. End? Reply END JSCO",154,1,"sms. ac jsco: energy is high, but u may not know where 2channel it. 2day ur leadership skills r strong. psychic? reply ans w/question. end? reply end jsco"
ham,Host-based IDPS for linux systems.,34,0,host-based idps for linux systems.
spam,"HOT LIVE FANTASIES call now 08707509020 Just 20p per min NTT Ltd, PO Box 1327 Croydon CR9 5WB 0870 is a national rate call",122,1,"hot live fantasies call now 08707509020 just 20p per min ntt ltd, po box 1327 croydon cr9 5wb 0870 is a national rate call"
ham,Don no da:)whats you plan?,26,0,don no da:)whats you plan?
ham,Ill be there on  &lt;#&gt;  ok.,31,0,ill be there on  &lt;#&gt;  ok.
ham,Oh my God. I'm almost home,26,0,oh my god. i'm almost home
ham,Total video converter free download type this in google search:),64,0,total video converter free download type this in google search:)
spam,Thanks for the Vote. Now sing along with the stars with Karaoke on your mobile. For a FREE link just reply with SING now.,121,1,thanks for the vote. now sing along with the stars with karaoke on your mobile. for a free link just reply with sing now.
ham,Sounds like something that someone testing me would sayy,56,0,sounds like something that someone testing me would sayy
ham,When u love someone Dont make them to love u as much as u do. But Love them so much that they dont want to be loved by anyone except you... Gud nit.,148,0,when u love someone dont make them to love u as much as u do. but love them so much that they dont want to be loved by anyone except you... gud nit.
ham,"Pete,is this your phone still? Its Jenny from college and Leanne.what are you up to now?:)",90,0,"pete,is this your phone still? its jenny from college and leanne.what are you up to now?:)"
ham,Oops sorry. Just to check that you don't mind picking me up tomo at half eight from station. Would that be ok?,110,0,oops sorry. just to check that you don't mind picking me up tomo at half eight from station. would that be ok?
ham,"Hey sweet, I was wondering when you had a moment if you might come to me ? I want to send a file to someone but it won't go over yahoo for them because their connection sucks, remember when you set up that page for me to go to and download the format disc ? Could you tell me how to do that ? Or do you know some other way to download big files ? Because they can download stuff directly from the internet. Any help would be great, my prey ... *teasing kiss*",458,0,"hey sweet, i was wondering when you had a moment if you might come to me ? i want to send a file to someone but it won't go over yahoo for them because their connection sucks, remember when you set up that page for me to go to and download the format disc ? could you tell me how to do that ? or do you know some other way to download big files ? because they can download stuff directly from the internet. any help would be great, my prey ... *teasing kiss*"
ham,Hows the champ just leaving glasgow!,36,0,hows the champ just leaving glasgow!
ham,K:)all the best:)congrats...,28,0,k:)all the best:)congrats...
ham,I wonder if you'll get this text?,33,0,i wonder if you'll get this text?
ham,I need to come home and give you some good lovin...,51,0,i need to come home and give you some good lovin...
spam,Our brand new mobile music service is now live. The free music player will arrive shortly. Just install on your phone to browse content from the top artists.,157,1,our brand new mobile music service is now live. the free music player will arrive shortly. just install on your phone to browse content from the top artists.
ham,Shall i ask one thing if you dont mistake me.,45,0,shall i ask one thing if you dont mistake me.
ham,Check wid corect speling i.e. Sarcasm,37,0,check wid corect speling i.e. sarcasm
spam,"URGENT! Your Mobile No was awarded a £2,000 Bonus Caller Prize on 1/08/03! This is our 2nd attempt to contact YOU! Call 0871-4719-523 BOX95QU BT National Rate",158,1,"urgent! your mobile no was awarded a £2,000 bonus caller prize on 1/08/03! this is our 2nd attempt to contact you! call 0871-4719-523 box95qu bt national rate"
ham,Are you angry with me. What happen dear,39,0,are you angry with me. what happen dear
ham,I thk u dun haf 2 hint in e forum already lor... Cos i told ron n darren is going 2 tell shuhui.,96,0,i thk u dun haf 2 hint in e forum already lor... cos i told ron n darren is going 2 tell shuhui.
ham,Yup ok thanx...,15,0,yup ok thanx...
ham,Hi:)cts employee how are you?,29,0,hi:)cts employee how are you?
ham,Pls pls find out from aunt nike.,32,0,pls pls find out from aunt nike.
ham,"Wow ... I love you sooo much, you know ? I can barely stand it ! I wonder how your day goes and if you are well, my love ... I think of you and miss you",152,0,"wow ... i love you sooo much, you know ? i can barely stand it ! i wonder how your day goes and if you are well, my love ... i think of you and miss you"
ham,No screaming means shouting..,29,0,no screaming means shouting..
ham,Hey what happen de. Are you alright.,36,0,hey what happen de. are you alright.
ham,Should I have picked up a receipt or something earlier,54,0,should i have picked up a receipt or something earlier
ham,I think chennai well settled?,29,0,i think chennai well settled?
ham,Oh dang! I didn't mean o send that to you! Lol!,47,0,oh dang! i didn't mean o send that to you! lol!
ham,Unfortunately i've just found out that we have to pick my sister up from the airport that evening so don't think i'll be going out at all. We should try to go out one of th,172,0,unfortunately i've just found out that we have to pick my sister up from the airport that evening so don't think i'll be going out at all. we should try to go out one of th
ham,Horrible bf... I now v hungry...,32,0,horrible bf... i now v hungry...
ham,Remember on that day..,22,0,remember on that day..
spam,You have won a Nokia 7250i. This is what you get when you win our FREE auction. To take part send Nokia to 86021 now. HG/Suite342/2Lands Row/W1JHL 16+,150,1,you have won a nokia 7250i. this is what you get when you win our free auction. to take part send nokia to 86021 now. hg/suite342/2lands row/w1jhl 16+
ham,How's it feel? Mr. Your not my real Valentine just my yo Valentine even tho u hardly play!!,91,0,how's it feel? mr. your not my real valentine just my yo valentine even tho u hardly play!!
ham,All sounds good. Fingers . Makes it difficult to type,53,0,all sounds good. fingers . makes it difficult to type
ham,Midnight at the earliest,24,0,midnight at the earliest
ham,You're not sure that I'm not trying to make xavier smoke because I don't want to smoke after being told I smoke too much?,121,0,you're not sure that i'm not trying to make xavier smoke because i don't want to smoke after being told i smoke too much?
ham,K come to nordstrom when you're done,36,0,k come to nordstrom when you're done
ham,Do u konw waht is rael FRIENDSHIP Im gving yuo an exmpel: Jsut ese tihs msg.. Evrey splleing of tihs msg is wrnog.. Bt sitll yuo can raed it wihtuot ayn mitsake.. GOODNIGHT &amp; HAVE A NICE SLEEP..SWEET DREAMS..,212,0,do u konw waht is rael friendship im gving yuo an exmpel: jsut ese tihs msg.. evrey splleing of tihs msg is wrnog.. bt sitll yuo can raed it wihtuot ayn mitsake.. goodnight &amp; have a nice sleep..sweet dreams..
ham,Now press conference da:),25,0,now press conference da:)
spam,"Hello from Orange. For 1 month's free access to games, news and sport, plus 10 free texts and 20 photo messages, reply YES. Terms apply: www.orange.co.uk/ow",156,1,"hello from orange. for 1 month's free access to games, news and sport, plus 10 free texts and 20 photo messages, reply yes. terms apply: www.orange.co.uk/ow"
ham,After completed degree. There is no use in joining finance.,59,0,after completed degree. there is no use in joining finance.
ham,"Good afternoon, my love ! Any job prospects ? Are you missing me ? What do you do ? Are you being lazy and bleak, hmmm ? Or happy and filled with my love ?",155,0,"good afternoon, my love ! any job prospects ? are you missing me ? what do you do ? are you being lazy and bleak, hmmm ? or happy and filled with my love ?"
ham,Shant disturb u anymore... Jia you...,37,0,shant disturb u anymore... jia you...
ham,Bishan lar nearer... No need buy so early cos if buy now i gotta park my car...,79,0,bishan lar nearer... no need buy so early cos if buy now i gotta park my car...
ham,"Me, i dont know again oh",24,0,"me, i dont know again oh"
ham,Dude sux for snake. He got old and raiden got buff,50,0,dude sux for snake. he got old and raiden got buff
ham,He says hi and to get your ass back to south tampa (preferably at a kegger),75,0,he says hi and to get your ass back to south tampa (preferably at a kegger)
ham,In e msg jus now. U said thanks for gift.,41,0,in e msg jus now. u said thanks for gift.
ham,U too...,8,0,u too...
ham,Ok how you dear. Did you call chechi,36,0,ok how you dear. did you call chechi
ham,Yeah we do totes. When u wanna?,31,0,yeah we do totes. when u wanna?
ham,Ok i found dis pierre cardin one which looks normal costs 20 its on sale.,73,0,ok i found dis pierre cardin one which looks normal costs 20 its on sale.
ham,Good sleep is about rhythm. The person has to establish a rhythm that the body will learn and use. If you want to know more :-),127,0,good sleep is about rhythm. the person has to establish a rhythm that the body will learn and use. if you want to know more :-)
ham,Wat r u doing?,14,0,wat r u doing?
ham,Message from . I am at Truro Hospital on ext. You can phone me here. as I have a phone by my side,97,0,message from . i am at truro hospital on ext. you can phone me here. as i have a phone by my side
ham,"Single line with a big meaning::::: ""Miss anything 4 ur ""Best Life"" but, don't miss ur best life for anything... Gud nyt...",123,0,"single line with a big meaning::::: ""miss anything 4 ur ""best life"" but, don't miss ur best life for anything... gud nyt..."
ham,"Just got some gas money, any chance you and the gang want to go on a grand nature adventure?",92,0,"just got some gas money, any chance you and the gang want to go on a grand nature adventure?"
ham,Dnt worry...use ice pieces in a cloth pack.also take 2 tablets.,63,0,dnt worry...use ice pieces in a cloth pack.also take 2 tablets.
ham,Dude just saw a parked car with its sunroof popped up. Sux,58,0,dude just saw a parked car with its sunroof popped up. sux
ham,Get ready to put on your excellent sub face :),46,0,get ready to put on your excellent sub face :)
ham,Tmrw. Im finishing 9 doors,26,0,tmrw. im finishing 9 doors
ham,"The  &lt;#&gt; g that i saw a few days ago, the guy wants sell wifi only for  &lt;#&gt;  and with 3g for  &lt;#&gt; . That's why i blanked him.",143,0,"the  &lt;#&gt; g that i saw a few days ago, the guy wants sell wifi only for  &lt;#&gt;  and with 3g for  &lt;#&gt; . that's why i blanked him."
ham,I am late. I will be there at,29,0,i am late. i will be there at
ham,"whatever, im pretty pissed off.",31,0,"whatever, im pretty pissed off."
ham,I dont have that much image in class.,37,0,i dont have that much image in class.
ham,No:-)i got rumour that you going to buy apartment in chennai:-),63,0,no:-)i got rumour that you going to buy apartment in chennai:-)
ham,Near kalainar tv office.thenampet,33,0,near kalainar tv office.thenampet
spam,Ur cash-balance is currently 500 pounds - to maximize ur cash-in now send GO to 86688 only 150p/msg. CC 08718720201 HG/Suite342/2Lands Row/W1J6HL,145,1,ur cash-balance is currently 500 pounds - to maximize ur cash-in now send go to 86688 only 150p/msg. cc 08718720201 hg/suite342/2lands row/w1j6hl
spam,SMS AUCTION - A BRAND NEW Nokia 7250 is up 4 auction today! Auction is FREE 2 join & take part! Txt NOKIA to 86021 now! HG/Suite342/2Lands Row/W1J6HL,149,1,sms auction - a brand new nokia 7250 is up 4 auction today! auction is free 2 join & take part! txt nokia to 86021 now! hg/suite342/2lands row/w1j6hl
ham,My sis is catching e show in e afternoon so i'm not watching w her. So c u wan 2 watch today or tmr lor.,104,0,my sis is catching e show in e afternoon so i'm not watching w her. so c u wan 2 watch today or tmr lor.
ham,"Sounds gd... Haha... Can... Wah, u yan jiu so fast liao...",58,0,"sounds gd... haha... can... wah, u yan jiu so fast liao..."
ham,No. To be nosy I guess. Idk am I over reacting if I'm freaked?,62,0,no. to be nosy i guess. idk am i over reacting if i'm freaked?
ham,"Remember all those whom i hurt during days of satanic imposter in me.need to pay a price,so be it.may destiny keep me going and as u said pray that i get the mind to get over the same.",184,0,"remember all those whom i hurt during days of satanic imposter in me.need to pay a price,so be it.may destiny keep me going and as u said pray that i get the mind to get over the same."
ham,How to Make a girl Happy? It's not at all difficult to make girls happy. U only need to be... 1. A friend 2. Companion 3. Lover 4. Chef . . .  &lt;#&gt; . Good listener  &lt;#&gt; . Organizer  &lt;#&gt; . Good boyfriend  &lt;#&gt; . Very clean  &lt;#&gt; . Sympathetic  &lt;#&gt; . Athletic  &lt;#&gt; . Warm . . .  &lt;#&gt; . Courageous  &lt;#&gt; . Determined  &lt;#&gt; . True  &lt;#&gt; . Dependable  &lt;#&gt; . Intelligent . . .  &lt;#&gt; . Psychologist  &lt;#&gt; . Pest exterminator  &lt;#&gt; . Psychiatrist  &lt;#&gt; . Healer . .  &lt;#&gt; . Stylist  &lt;#&gt; . Driver . . Aaniye pudunga venaam..,611,0,how to make a girl happy? it's not at all difficult to make girls happy. u only need to be... 1. a friend 2. companion 3. lover 4. chef . . .  &lt;#&gt; . good listener  &lt;#&gt; . organizer  &lt;#&gt; . good boyfriend  &lt;#&gt; . very clean  &lt;#&gt; . sympathetic  &lt;#&gt; . athletic  &lt;#&gt; . warm . . .  &lt;#&gt; . courageous  &lt;#&gt; . determined  &lt;#&gt; . true  &lt;#&gt; . dependable  &lt;#&gt; . intelligent . . .  &lt;#&gt; . psychologist  &lt;#&gt; . pest exterminator  &lt;#&gt; . psychiatrist  &lt;#&gt; . healer . .  &lt;#&gt; . stylist  &lt;#&gt; . driver . . aaniye pudunga venaam..
ham,"Why is that, princess? I bet the brothas are all chasing you!",61,0,"why is that, princess? i bet the brothas are all chasing you!"
ham,"I shall book chez jules for half eight, if that's ok with you?",62,0,"i shall book chez jules for half eight, if that's ok with you?"
ham,Hhahhaahahah rofl wtf nig was leonardo in your room or something,64,0,hhahhaahahah rofl wtf nig was leonardo in your room or something
ham,"Yep, at derek's house now, see you Sunday &lt;3",47,0,"yep, at derek's house now, see you sunday &lt;3"
ham,"It's cool, let me know before it kicks off around  &lt;#&gt; , I'll be out and about all day",92,0,"it's cool, let me know before it kicks off around  &lt;#&gt; , i'll be out and about all day"
ham,I was wondering if it would be okay for you to call uncle john and let him know that things are not the same in nigeria as they r here. That  &lt;#&gt;  dollars is 2years sent and that you know its a strain but i plan to pay back every dime he gives. Every dime so for me to expect anything from you is not practical. Something like that.,338,0,i was wondering if it would be okay for you to call uncle john and let him know that things are not the same in nigeria as they r here. that  &lt;#&gt;  dollars is 2years sent and that you know its a strain but i plan to pay back every dime he gives. every dime so for me to expect anything from you is not practical. something like that.
ham,There are no other charges after transfer charges and you can withdraw anyhow you like,86,0,there are no other charges after transfer charges and you can withdraw anyhow you like
ham,"Dont search love, let love find U. Thats why its called falling in love, bcoz U dont force yourself, U just fall and U know there is smeone to hold U... BSLVYL",159,0,"dont search love, let love find u. thats why its called falling in love, bcoz u dont force yourself, u just fall and u know there is smeone to hold u... bslvyl"
ham,At 4. Let's go to bill millers,30,0,at 4. let's go to bill millers
ham,I love you. You set my soul on fire. It is not just a spark. But it is a flame. A big rawring flame. XoXo,105,0,i love you. you set my soul on fire. it is not just a spark. but it is a flame. a big rawring flame. xoxo
ham,"Somewhr someone is surely made 4 u. And God has decided a perfect time to make u meet dat person. . . . till den, . . . . . Enjoy ur crushes..!!!;-)",148,0,"somewhr someone is surely made 4 u. and god has decided a perfect time to make u meet dat person. . . . till den, . . . . . enjoy ur crushes..!!!;-)"
ham,That's my honeymoon outfit. :),30,0,that's my honeymoon outfit. :)
ham,Will it help if we propose going back again tomorrow,52,0,will it help if we propose going back again tomorrow
spam,PRIVATE! Your 2003 Account Statement for shows 800 un-redeemed S. I. M. points. Call 08719899230 Identifier Code: 41685 Expires 07/11/04,136,1,private! your 2003 account statement for shows 800 un-redeemed s. i. m. points. call 08719899230 identifier code: 41685 expires 07/11/04
ham,Never blame a day in ur life. Good days give u happiness. Bad days give u experience. Both are essential in life! All are Gods blessings! good morning.:,152,0,never blame a day in ur life. good days give u happiness. bad days give u experience. both are essential in life! all are gods blessings! good morning.:
ham,Pls confirm the time to collect the cheque.,43,0,pls confirm the time to collect the cheque.
spam,As a Registered Subscriber yr draw 4 a £100 gift voucher will b entered on receipt of a correct ans. When are the next olympics. Txt ans to 80062,145,1,as a registered subscriber yr draw 4 a £100 gift voucher will b entered on receipt of a correct ans. when are the next olympics. txt ans to 80062
spam,URGENT! Your Mobile number has been awarded with a £2000 prize GUARANTEED. Call 09061790121 from land line. Claim 3030. Valid 12hrs only 150ppm,143,1,urgent! your mobile number has been awarded with a £2000 prize guaranteed. call 09061790121 from land line. claim 3030. valid 12hrs only 150ppm
ham,Daddy will take good care of you :),35,0,daddy will take good care of you :)
ham,"Yeah probably, I still gotta check out with leo",47,0,"yeah probably, i still gotta check out with leo"
ham,K.then any other special?,25,0,k.then any other special?
ham,Carlos is taking his sweet time as usual so let me know when you and patty are done/want to smoke and I'll tell him to haul ass,127,0,carlos is taking his sweet time as usual so let me know when you and patty are done/want to smoke and i'll tell him to haul ass
ham,Ok pa. Nothing problem:-),25,0,ok pa. nothing problem:-)
ham,Have you heard about that job? I'm going to that wildlife talk again tonight if u want2come. Its that2worzels and a wizzle or whatever it is?! ,143,0,have you heard about that job? i'm going to that wildlife talk again tonight if u want2come. its that2worzels and a wizzle or whatever it is?! 
ham,"God picked up a flower and dippeditinaDEW, lovingly touched itwhichturnedinto u, and the he gifted tomeandsaid,THIS FRIEND IS 4U",128,0,"god picked up a flower and dippeditinadew, lovingly touched itwhichturnedinto u, and the he gifted tomeandsaid,this friend is 4u"
ham,When you came to hostel.,24,0,when you came to hostel.
ham,Ok no prob... I'll come after lunch then...,43,0,ok no prob... i'll come after lunch then...
ham,Jus telling u dat i'll b leaving 4 shanghai on 21st instead so we'll haf more time 2 meet up cya...,99,0,jus telling u dat i'll b leaving 4 shanghai on 21st instead so we'll haf more time 2 meet up cya...
ham,Are your freezing ? Are you home yet ? Will you remember to kiss your mom in the morning? Do you love me ? Do you think of me ? Are you missing me yet ?,152,0,are your freezing ? are you home yet ? will you remember to kiss your mom in the morning? do you love me ? do you think of me ? are you missing me yet ?
ham,You all ready for * big day tomorrow?,37,0,you all ready for * big day tomorrow?
ham,I'll probably be around mu a lot,32,0,i'll probably be around mu a lot
ham,645,3,0,645
spam,RT-KIng Pro Video Club>> Need help? info@ringtoneking.co.uk or call 08701237397 You must be 16+ Club credits redeemable at www.ringtoneking.co.uk! Enjoy!,153,1,rt-king pro video club>> need help? info@ringtoneking.co.uk or call 08701237397 you must be 16+ club credits redeemable at www.ringtoneking.co.uk! enjoy!
ham,Thnx dude. u guys out 2nite?,28,0,thnx dude. u guys out 2nite?
ham,Me sef dey laugh you. Meanwhile how's my darling anjie!,55,0,me sef dey laugh you. meanwhile how's my darling anjie!
ham,Mm i had my food da from out,28,0,mm i had my food da from out
ham,"K, makes sense, btw carlos is being difficult so you guys are gonna smoke while I go pick up the second batch and get gas",121,0,"k, makes sense, btw carlos is being difficult so you guys are gonna smoke while i go pick up the second batch and get gas"
ham,Did u download the fring app?,29,0,did u download the fring app?
ham,The 2 oz guy is being kinda flaky but one friend is interested in picking up $ &lt;#&gt;  worth tonight if possible,115,0,the 2 oz guy is being kinda flaky but one friend is interested in picking up $ &lt;#&gt;  worth tonight if possible
ham,Friends that u can stay on fb chat with,39,0,friends that u can stay on fb chat with
ham,"Fuck babe, I miss you sooooo much !! I wish you were here to sleep with me ... My bed is so lonely ... I go now, to sleep ... To dream of you, my love ...",154,0,"fuck babe, i miss you sooooo much !! i wish you were here to sleep with me ... my bed is so lonely ... i go now, to sleep ... to dream of you, my love ..."
ham,"Living is very simple.. Loving is also simple.. Laughing is too simple.. Winning is tooo simple.. But, being 'SIMPLE' is very difficult.. Gud nte.:-",148,0,"living is very simple.. loving is also simple.. laughing is too simple.. winning is tooo simple.. but, being 'simple' is very difficult.. gud nte.:-"
spam,U have a secret admirer who is looking 2 make contact with U-find out who they R*reveal who thinks UR so special-call on 09058094599,132,1,u have a secret admirer who is looking 2 make contact with u-find out who they r*reveal who thinks ur so special-call on 09058094599
ham,"Ah, well that confuses things, doesn‘t it?",42,0,"ah, well that confuses things, doesn‘t it?"
spam,500 free text msgs. Just text ok to 80488 and we'll credit your account,71,1,500 free text msgs. just text ok to 80488 and we'll credit your account
ham,Hi Dear Call me its urgnt. I don't know whats your problem. You don't want to work or if you have any other problem at least tell me. Wating for your reply.,156,0,hi dear call me its urgnt. i don't know whats your problem. you don't want to work or if you have any other problem at least tell me. wating for your reply.
ham,Dear how you. Are you ok?,25,0,dear how you. are you ok?
spam,"You have been selected to stay in 1 of 250 top British hotels - FOR NOTHING! Holiday Worth £350! To Claim, Call London 02072069400. Bx 526, SW73SS",146,1,"you have been selected to stay in 1 of 250 top british hotels - for nothing! holiday worth £350! to claim, call london 02072069400. bx 526, sw73ss"
ham,Yes princess! I want to make you happy...,41,0,yes princess! i want to make you happy...
ham,Sounds like you have many talents! would you like to go on a dinner date next week?,83,0,sounds like you have many talents! would you like to go on a dinner date next week?
ham,I am going to film 2day da. At 6pm. Sorry da.,45,0,i am going to film 2day da. at 6pm. sorry da.
ham,We not watching movie already. Xy wants 2 shop so i'm shopping w her now.,73,0,we not watching movie already. xy wants 2 shop so i'm shopping w her now.
ham,Hello my little party animal! I just thought I'd buzz you as you were with your friends ...*grins*... Reminding you were loved and send a naughty adoring kiss,158,0,hello my little party animal! i just thought i'd buzz you as you were with your friends ...*grins*... reminding you were loved and send a naughty adoring kiss
ham,Yesterday its with me only . Now am going home.,47,0,yesterday its with me only . now am going home.
spam,"Eerie Nokia tones 4u, rply TONE TITLE to 8007 eg TONE DRACULA to 8007 Titles: GHOST, ADDAMSFA, MUNSTERS, EXORCIST, TWILIGHT www.getzed.co.uk POBox36504W45WQ 150p",161,1,"eerie nokia tones 4u, rply tone title to 8007 eg tone dracula to 8007 titles: ghost, addamsfa, munsters, exorcist, twilight www.getzed.co.uk pobox36504w45wq 150p"
ham,"You have come into my life and brought the sun ..Shiny down on me, warming my heart. Putting a constant smile on my face ... Making me feel loved and cared for",159,0,"you have come into my life and brought the sun ..shiny down on me, warming my heart. putting a constant smile on my face ... making me feel loved and cared for"
ham,"No shit, but I wasn't that surprised, so I went and spent the evening with that french guy I met in town here and we fooled around a bit but I didn't let him fuck me",165,0,"no shit, but i wasn't that surprised, so i went and spent the evening with that french guy i met in town here and we fooled around a bit but i didn't let him fuck me"
spam,"0A$NETWORKS allow companies to bill for SMS, so they are responsible for their ""suppliers"", just as a shop has to give a guarantee on what they sell. B. G.",155,1,"0a$networks allow companies to bill for sms, so they are responsible for their ""suppliers"", just as a shop has to give a guarantee on what they sell. b. g."
ham,Great comedy..cant stop laughing da:),37,0,great comedy..cant stop laughing da:)
spam,FreeMsg:Feelin kinda lnly hope u like 2 keep me company! Jst got a cam moby wanna c my pic?Txt or reply DATE to 82242 Msg150p 2rcv Hlp 08712317606 stop to 82242,160,1,freemsg:feelin kinda lnly hope u like 2 keep me company! jst got a cam moby wanna c my pic?txt or reply date to 82242 msg150p 2rcv hlp 08712317606 stop to 82242
ham,"Alright, we're all set here, text the man",41,0,"alright, we're all set here, text the man"
ham,"Hi , where are you? We're at  and they're not keen to go out i kind of am but feel i shouldn't so can we go out tomo, don't mind do you?",136,0,"hi , where are you? we're at  and they're not keen to go out i kind of am but feel i shouldn't so can we go out tomo, don't mind do you?"
ham,Sleeping nt feeling well,24,0,sleeping nt feeling well
ham,U WILL SWITCH YOUR FONE ON DAMMIT!!,35,0,u will switch your fone on dammit!!
ham,India have to take lead:),25,0,india have to take lead:)
ham,I.ll post her out l8r. In class,31,0,i.ll post her out l8r. in class
ham,Thts wat Wright Brother did to fly..,36,0,thts wat wright brother did to fly..
ham,"Evening * v good if somewhat event laden. Will fill you in, don't you worry … Head * ok but throat * wrecked. See you at six then!",130,0,"evening * v good if somewhat event laden. will fill you in, don't you worry … head * ok but throat * wrecked. see you at six then!"
ham,If u laugh really loud.. If u talk spontaneously.. If u dont care what others feel.. U are probably with your dear &amp; best friends.. GOODEVENING Dear..:),156,0,if u laugh really loud.. if u talk spontaneously.. if u dont care what others feel.. u are probably with your dear &amp; best friends.. goodevening dear..:)
ham,ITS A LAPTOP TAKE IT WITH YOU.,30,0,its a laptop take it with you.
ham,I dont have any of your file in my bag..i was in work when you called me.i 'll tell you if i find anything in my room.,118,0,i dont have any of your file in my bag..i was in work when you called me.i 'll tell you if i find anything in my room.
ham,I wan but too early lei... Me outside now wun b home so early... Neva mind then...,82,0,i wan but too early lei... me outside now wun b home so early... neva mind then...
spam,"For ur chance to win a £250 cash every wk TXT: ACTION to 80608. T's&C's www.movietrivia.tv custcare 08712405022, 1x150p/wk",122,1,"for ur chance to win a £250 cash every wk txt: action to 80608. t's&c's www.movietrivia.tv custcare 08712405022, 1x150p/wk"
ham,I was at bugis juz now wat... But now i'm walking home oredi... Ü so late then reply... I oso saw a top dat i like but din buy... Where r ü now? ,145,0,i was at bugis juz now wat... but now i'm walking home oredi... ü so late then reply... i oso saw a top dat i like but din buy... where r ü now? 
ham,At 7 we will go ok na.,22,0,at 7 we will go ok na.
ham,Yes I posted a couple of pics on fb. There's still snow outside too. I'm just waking up :),90,0,yes i posted a couple of pics on fb. there's still snow outside too. i'm just waking up :)
ham,S:-)if we have one good partnership going we will take lead:),61,0,s:-)if we have one good partnership going we will take lead:)
spam,RGENT! This is the 2nd attempt to contact U!U have WON £1250 CALL 09071512433 b4 050703 T&CsBCM4235WC1N3XX. callcost 150ppm mobilesvary. max£7. 50,146,1,rgent! this is the 2nd attempt to contact u!u have won £1250 call 09071512433 b4 050703 t&csbcm4235wc1n3xx. callcost 150ppm mobilesvary. max£7. 50
ham,"Yeah, where's your class at?",28,0,"yeah, where's your class at?"
ham,No just send to you. Bec you in temple na.,42,0,no just send to you. bec you in temple na.
ham,"You aren't coming home between class, right? I need to work out and shower!",75,0,"you aren't coming home between class, right? i need to work out and shower!"
spam,Hi if ur lookin 4 saucy daytime fun wiv busty married woman Am free all next week Chat now 2 sort time 09099726429 JANINExx Calls£1/minMobsmoreLKPOBOX177HP51FL,159,1,hi if ur lookin 4 saucy daytime fun wiv busty married woman am free all next week chat now 2 sort time 09099726429 janinexx calls£1/minmobsmorelkpobox177hp51fl
ham,S but mostly not like that.,27,0,s but mostly not like that.
ham,Ü v ma fan...,13,0,ü v ma fan...
ham,Dunno cos i was v late n when i reach they inside already... But we ate spageddies lor... It's e gals who r laughing at me lor...,129,0,dunno cos i was v late n when i reach they inside already... but we ate spageddies lor... it's e gals who r laughing at me lor...
ham,Guess who spent all last night phasing in and out of the fourth dimension,73,0,guess who spent all last night phasing in and out of the fourth dimension
ham,So now my dad is gonna call after he gets out of work and ask all these crazy questions.,88,0,so now my dad is gonna call after he gets out of work and ask all these crazy questions.
ham,"Yes..but they said its IT.,",27,0,"yes..but they said its it.,"
ham,"Very hurting n meaningful lines ever: ""I compromised everything for my love, But at d end my love compromised me for everything:-("".. Gud mornin:-)",147,0,"very hurting n meaningful lines ever: ""i compromised everything for my love, but at d end my love compromised me for everything:-("".. gud mornin:-)"
ham,Lmao!nice 1,11,0,lmao!nice 1
ham,Glad to see your reply.,23,0,glad to see your reply.
spam,URGENT! We are trying to contact U. Todays draw shows that you have won a £800 prize GUARANTEED. Call 09050001295 from land line. Claim A21. Valid 12hrs only,157,1,urgent! we are trying to contact u. todays draw shows that you have won a £800 prize guaranteed. call 09050001295 from land line. claim a21. valid 12hrs only
spam,Monthly password for wap. mobsi.com is 391784. Use your wap phone not PC.,73,1,monthly password for wap. mobsi.com is 391784. use your wap phone not pc.
ham,Nah dub but je still buff,25,0,nah dub but je still buff
ham,"Painful words- ""I thought being Happy was the most toughest thing on Earth... But, the toughest is acting Happy with all unspoken pain inside..""",144,0,"painful words- ""i thought being happy was the most toughest thing on earth... but, the toughest is acting happy with all unspoken pain inside.."""
ham,"Yeah, that's fine! It's £6 to get in, is that ok? ",50,0,"yeah, that's fine! it's £6 to get in, is that ok? "
ham,Lol where do u come up with these ideas?,40,0,lol where do u come up with these ideas?
ham,"So many people seems to be special at first sight, But only very few will remain special to you till your last sight.. Maintain them till life ends.. Sh!jas",156,0,"so many people seems to be special at first sight, but only very few will remain special to you till your last sight.. maintain them till life ends.. sh!jas"
ham,Okay... We wait ah,18,0,okay... we wait ah
ham,Y lei?,6,0,y lei?
ham,HI BABE U R MOST LIKELY TO BE IN BED BUT IM SO SORRY ABOUT TONIGHT! I REALLY WANNA SEE U TOMORROW SO CALL ME AT 9. LOVE ME XXX,126,0,hi babe u r most likely to be in bed but im so sorry about tonight! i really wanna see u tomorrow so call me at 9. love me xxx
ham,Already am squatting is the new way of walking,46,0,already am squatting is the new way of walking
ham,Do you want bold 2 or bb torch,30,0,do you want bold 2 or bb torch
ham,Cramps stopped. Going back to sleep,35,0,cramps stopped. going back to sleep
spam,todays vodafone numbers ending with 0089(my last four digits) are selected to received a £350 award. If your number matches please call 09063442151 to claim your £350 award,172,1,todays vodafone numbers ending with 0089(my last four digits) are selected to received a £350 award. if your number matches please call 09063442151 to claim your £350 award
spam,Free Top ringtone -sub to weekly ringtone-get 1st week free-send SUBPOLY to 81618-?3 per week-stop sms-08718727870,114,1,free top ringtone -sub to weekly ringtone-get 1st week free-send subpoly to 81618-?3 per week-stop sms-08718727870
ham,Nan sonathaya soladha. Why boss?,32,0,nan sonathaya soladha. why boss?
ham,Bring tat cd don forget,23,0,bring tat cd don forget
ham,I don't know but I'm raping dudes at poker,42,0,i don't know but i'm raping dudes at poker
ham,Weightloss! No more girl friends. Make loads of money on ebay or something. And give thanks to God.,99,0,weightloss! no more girl friends. make loads of money on ebay or something. and give thanks to god.
ham,Was gr8 to see that message. So when r u leaving? Congrats dear. What school and wat r ur plans.,96,0,was gr8 to see that message. so when r u leaving? congrats dear. what school and wat r ur plans.
ham,Ü eatin later but i'm eatin wif my frens now lei... Ü going home first? ,72,0,ü eatin later but i'm eatin wif my frens now lei... ü going home first? 
ham,Finish already... Yar they keep saying i mushy... I so embarrassed ok...,72,0,finish already... yar they keep saying i mushy... i so embarrassed ok...
ham,"Sorry man, my stash ran dry last night and I can't pick up more until sunday",76,0,"sorry man, my stash ran dry last night and i can't pick up more until sunday"
ham,Hai priya are you right. What doctor said pa. Where are you.,60,0,hai priya are you right. what doctor said pa. where are you.
spam,"Free msg. Sorry, a service you ordered from 81303 could not be delivered as you do not have sufficient credit. Please top up to receive the service.",148,1,"free msg. sorry, a service you ordered from 81303 could not be delivered as you do not have sufficient credit. please top up to receive the service."
ham,Please ask mummy to call father,31,0,please ask mummy to call father
ham,Can come my room but cannot come my house cos my house still messy... Haha...,77,0,can come my room but cannot come my house cos my house still messy... haha...
ham,I have lost 10 kilos as of today!,33,0,i have lost 10 kilos as of today!
ham,Just taste fish curry :-P,25,0,just taste fish curry :-p
ham,What can i do? Might accidant tookplace between somewhere ghodbandar rd. Traffic moves slovely. So plz slip &amp; don't worry.,126,0,what can i do? might accidant tookplace between somewhere ghodbandar rd. traffic moves slovely. so plz slip &amp; don't worry.
ham,Yun ah.now ü wkg where?btw if ü go nus sc. Ü wana specialise in wad?,68,0,yun ah.now ü wkg where?btw if ü go nus sc. ü wana specialise in wad?
ham,Yes! I am a one woman man! Please tell me your likes and dislikes in bed...,75,0,yes! i am a one woman man! please tell me your likes and dislikes in bed...
ham,Was doing my test earlier. I appreciate you. Will call you tomorrow.,68,0,was doing my test earlier. i appreciate you. will call you tomorrow.
ham,"How's my loverboy doing ? What does he do that keeps him from coming to his Queen, hmmm ? Doesn't he ache to speak to me ? Miss me desparately ?",144,0,"how's my loverboy doing ? what does he do that keeps him from coming to his queen, hmmm ? doesn't he ache to speak to me ? miss me desparately ?"
ham,U meet other fren dun wan meet me ah... Muz b a guy rite...,59,0,u meet other fren dun wan meet me ah... muz b a guy rite...
ham,"(No promises on when though, haven't even gotten dinner yet)",60,0,"(no promises on when though, haven't even gotten dinner yet)"
ham,I got your back! Do you have any dislikes in bed?,49,0,i got your back! do you have any dislikes in bed?
ham,o turns out i had stereo love on mi phone under the unknown album.,66,0,o turns out i had stereo love on mi phone under the unknown album.
spam,Hard LIVE 121 chat just 60p/min. Choose your girl and connect LIVE. Call 09094646899 now! Cheap Chat UK's biggest live service. VU BCM1896WC1N3XX,145,1,hard live 121 chat just 60p/min. choose your girl and connect live. call 09094646899 now! cheap chat uk's biggest live service. vu bcm1896wc1n3xx
ham,Yeah I don't see why not,24,0,yeah i don't see why not
ham,Asking do u knw them or nt? May be ur frnds or classmates?,58,0,asking do u knw them or nt? may be ur frnds or classmates?
ham,"Sorry about earlier. Putting out fires.Are you around to talk after 9? Or do you actually have a life, lol!",107,0,"sorry about earlier. putting out fires.are you around to talk after 9? or do you actually have a life, lol!"
spam,WOW! The Boys R Back. TAKE THAT 2007 UK Tour. Win VIP Tickets & pre-book with VIP Club. Txt CLUB to 81303. Trackmarque Ltd info@vipclub4u.,138,1,wow! the boys r back. take that 2007 uk tour. win vip tickets & pre-book with vip club. txt club to 81303. trackmarque ltd info@vipclub4u.
ham,"As in missionary hook up, doggy hook up, standing...|",53,0,"as in missionary hook up, doggy hook up, standing...|"
ham,Then u better go sleep.. Dun disturb u liao.. U wake up then msg me lor..,73,0,then u better go sleep.. dun disturb u liao.. u wake up then msg me lor..
ham,Am watching house – very entertaining – am getting the whole hugh laurie thing – even with the stick – indeed especially with the stick.,136,0,am watching house – very entertaining – am getting the whole hugh laurie thing – even with the stick – indeed especially with the stick.
ham,Thought praps you meant another one. Goodo! I'll look tomorrow ,63,0,thought praps you meant another one. goodo! i'll look tomorrow 
ham,"Hi Jon, Pete here, Ive bin 2 Spain recently & hav sum dinero left, Bill said u or ur rents mayb interested in it, I hav 12,000pes, so around £48, tb, James.",157,0,"hi jon, pete here, ive bin 2 spain recently & hav sum dinero left, bill said u or ur rents mayb interested in it, i hav 12,000pes, so around £48, tb, james."
ham,There bold 2  &lt;#&gt; . Is that yours,39,0,there bold 2  &lt;#&gt; . is that yours
ham,You know there is. I shall speak to you in  &lt;#&gt;  minutes then,67,0,you know there is. i shall speak to you in  &lt;#&gt;  minutes then
ham,ALRITE HUNNY!WOT U UP 2 2NITE? DIDNT END UP GOIN DOWN TOWN JUS DA PUB INSTEAD! JUS CHILLIN AT DA MO IN ME BEDROOM!LOVE JEN XXX.,127,0,alrite hunny!wot u up 2 2nite? didnt end up goin down town jus da pub instead! jus chillin at da mo in me bedroom!love jen xxx.
ham,I went to project centre,24,0,i went to project centre
ham,As per your request 'Maangalyam (Alaipayuthe)' has been set as your callertune for all Callers. Press *9 to copy your friends Callertune,136,0,as per your request 'maangalyam (alaipayuthe)' has been set as your callertune for all callers. press *9 to copy your friends callertune
ham,Lol yeah at this point I guess not,34,0,lol yeah at this point i guess not
ham,Doing project w frens lor. ,27,0,doing project w frens lor. 
ham,Lol. Well quality aint bad at all so i aint complaining,55,0,lol. well quality aint bad at all so i aint complaining
ham,"K, can that happen tonight?",27,0,"k, can that happen tonight?"
spam,"Hi, this is Mandy Sullivan calling from HOTMIX FM...you are chosen to receive £5000.00 in our Easter Prize draw.....Please telephone 09041940223 to claim before 29/03/05 or your prize will be transferred to someone else....",223,1,"hi, this is mandy sullivan calling from hotmix fm...you are chosen to receive £5000.00 in our easter prize draw.....please telephone 09041940223 to claim before 29/03/05 or your prize will be transferred to someone else...."
ham,"I think we're going to finn's now, come",39,0,"i think we're going to finn's now, come"
ham,Why tired what special there you had,36,0,why tired what special there you had
ham,I will come tomorrow di,23,0,i will come tomorrow di
ham,K go and sleep well. Take rest:-).,34,0,k go and sleep well. take rest:-).
ham,U guys never invite me anywhere :(,34,0,u guys never invite me anywhere :(
spam,UR GOING 2 BAHAMAS! CallFREEFONE 08081560665 and speak to a live operator to claim either Bahamas cruise of£2000 CASH 18+only. To opt out txt X to 07786200117,158,1,ur going 2 bahamas! callfreefone 08081560665 and speak to a live operator to claim either bahamas cruise of£2000 cash 18+only. to opt out txt x to 07786200117
ham,I can do that! I want to please you both inside and outside the bedroom...,74,0,i can do that! i want to please you both inside and outside the bedroom...
ham,EY! CALM DOWNON THEACUSATIONS.. ITXT U COS IWANA KNOW WOTU R DOIN AT THEW/END... HAVENTCN U IN AGES..RING ME IF UR UP4 NETHING SAT.LOVE J XXX.,142,0,ey! calm downon theacusations.. itxt u cos iwana know wotu r doin at thew/end... haventcn u in ages..ring me if ur up4 nething sat.love j xxx.
ham,I love to wine and dine my lady!,32,0,i love to wine and dine my lady!
spam,Someone has conacted our dating service and entered your phone because they fancy you!To find out who it is call from landline 09111030116. PoBox12n146tf15,155,1,someone has conacted our dating service and entered your phone because they fancy you!to find out who it is call from landline 09111030116. pobox12n146tf15
ham,"Im cool ta luv but v.tired 2 cause i have been doin loads of planning all wk, we have got our social services inspection at the nursery! Take care & spk sn x.",159,0,"im cool ta luv but v.tired 2 cause i have been doin loads of planning all wk, we have got our social services inspection at the nursery! take care & spk sn x."
ham,I don know account details..i will ask my mom and send you.my mom is out of reach now.,86,0,i don know account details..i will ask my mom and send you.my mom is out of reach now.
ham,I think u have the wrong number.,32,0,i think u have the wrong number.
ham,Feel Yourself That You Are Always Happy.. Slowly It Becomes Your Habit &amp; Finally It Becomes Part Of Your Life.. Follow It.. Happy Morning &amp; Have A Happy Day:),166,0,feel yourself that you are always happy.. slowly it becomes your habit &amp; finally it becomes part of your life.. follow it.. happy morning &amp; have a happy day:)
ham,DO NOT B LATE LOVE MUM,22,0,do not b late love mum
ham,Got it..mail panren paru..,26,0,got it..mail panren paru..
ham,* Was thinking about chuckin ur red green n black trainners 2 save carryin them bac on train,92,0,* was thinking about chuckin ur red green n black trainners 2 save carryin them bac on train
ham,Give one miss from that number please,37,0,give one miss from that number please
ham,Jus came back fr lunch wif my sis only. U leh?,46,0,jus came back fr lunch wif my sis only. u leh?
ham,How is your schedule next week? I am out of town this weekend.,62,0,how is your schedule next week? i am out of town this weekend.
ham,Really good:)dhanush rocks once again:),39,0,really good:)dhanush rocks once again:)
ham,Lmao ok I wont be needing u to do my hair anymore.,50,0,lmao ok i wont be needing u to do my hair anymore.
ham,"Miss ya, need ya, want ya, love ya.",35,0,"miss ya, need ya, want ya, love ya."
ham,Sorry i'm not free...,21,0,sorry i'm not free...
ham,Do u ever get a song stuck in your head for no reason and it won't go away til u listen to it like 5 times?,107,0,do u ever get a song stuck in your head for no reason and it won't go away til u listen to it like 5 times?
ham,Nt yet chikku..simple habba..hw abt u?,38,0,nt yet chikku..simple habba..hw abt u?
ham,"Got ur mail Dileep.thank you so muchand look forward to lots of support...very less contacts here,remember one venugopal you mentioned.tomorrow if not late,i shall try to come up till there.goodnight dear.",205,0,"got ur mail dileep.thank you so muchand look forward to lots of support...very less contacts here,remember one venugopal you mentioned.tomorrow if not late,i shall try to come up till there.goodnight dear."
ham,Sometimes Heart Remembrs someone Very much... Forgets someone soon... Bcoz Heart will not like everyone. But liked ones will be Remembered Everytime... BSLVYL,158,0,sometimes heart remembrs someone very much... forgets someone soon... bcoz heart will not like everyone. but liked ones will be remembered everytime... bslvyl
ham,Joy's father is John. Then John is the NAME of Joy's father. Mandan,67,0,joy's father is john. then john is the name of joy's father. mandan
spam,Hi 07734396839 IBH Customer Loyalty Offer: The NEW NOKIA6600 Mobile from ONLY £10 at TXTAUCTION!Txt word:START to No:81151 & get Yours Now!4T&,142,1,hi 07734396839 ibh customer loyalty offer: the new nokia6600 mobile from only £10 at txtauction!txt word:start to no:81151 & get yours now!4t&
ham,Hi this is yijue... It's regarding the 3230 textbook it's intro to algorithms second edition... I'm selling it for $50...,121,0,hi this is yijue... it's regarding the 3230 textbook it's intro to algorithms second edition... i'm selling it for $50...
spam,SMS AUCTION You have won a Nokia 7250i. This is what you get when you win our FREE auction. To take part send Nokia to 86021 now. HG/Suite342/2Lands Row/W1JHL 16+,162,1,sms auction you have won a nokia 7250i. this is what you get when you win our free auction. to take part send nokia to 86021 now. hg/suite342/2lands row/w1jhl 16+
ham,"K, want us to come by now?",26,0,"k, want us to come by now?"
ham,How. Its a little difficult but its a simple way to enter this place,68,0,how. its a little difficult but its a simple way to enter this place
ham,Ha... Both of us doing e same thing. But i got tv 2 watch. U can thk of where 2 go tonight or u already haf smth in mind...,123,0,ha... both of us doing e same thing. but i got tv 2 watch. u can thk of where 2 go tonight or u already haf smth in mind...
ham,Dont show yourself. How far. Put new pictures up on facebook.,61,0,dont show yourself. how far. put new pictures up on facebook.
ham,Watching tv now. I got new job :),33,0,watching tv now. i got new job :)
ham,"Good afternoon sexy buns! How goes the job search ? I wake and you are my first thought as always, my love. I wish your fine and happy and know I adore you!",156,0,"good afternoon sexy buns! how goes the job search ? i wake and you are my first thought as always, my love. i wish your fine and happy and know i adore you!"
ham,"I'm not coming over, do whatever you want",41,0,"i'm not coming over, do whatever you want"
ham,"Its ok chikku, and its my 1 of favourite song..:-)",50,0,"its ok chikku, and its my 1 of favourite song..:-)"
ham,Did u see what I posted on your Facebook?,41,0,did u see what i posted on your facebook?
spam,Call FREEPHONE 0800 542 0578 now!,33,1,call freephone 0800 542 0578 now!
spam,Buy Space Invaders 4 a chance 2 win orig Arcade Game console. Press 0 for Games Arcade (std WAP charge) See o2.co.uk/games 4 Terms + settings. No purchase,154,1,buy space invaders 4 a chance 2 win orig arcade game console. press 0 for games arcade (std wap charge) see o2.co.uk/games 4 terms + settings. no purchase
spam,BIG BROTHER ALERT! The computer has selected u for 10k cash or #150 voucher. Call 09064018838. NTT PO Box CRO1327 18+ BT Landline Cost 150ppm mobiles vary,154,1,big brother alert! the computer has selected u for 10k cash or #150 voucher. call 09064018838. ntt po box cro1327 18+ bt landline cost 150ppm mobiles vary
ham,";-( oh well, c u later",22,0,";-( oh well, c u later"
ham,My uncles in Atlanta. Wish you guys a great semester.,53,0,my uncles in atlanta. wish you guys a great semester.
ham,No dear i do have free messages without any recharge. Hi hi hi,62,0,no dear i do have free messages without any recharge. hi hi hi
ham,I dun believe u. I thk u told him.,34,0,i dun believe u. i thk u told him.
ham,"Do you know why god created gap between your fingers..? So that, One who is made for you comes &amp; fills those gaps by holding your hand with LOVE..!",151,0,"do you know why god created gap between your fingers..? so that, one who is made for you comes &amp; fills those gaps by holding your hand with love..!"
ham,Yes:)sura in sun tv.:)lol.,26,0,yes:)sura in sun tv.:)lol.
ham,Arun can u transfr me d amt,27,0,arun can u transfr me d amt
ham,Takin a shower now but yeah I'll leave when I'm done,52,0,takin a shower now but yeah i'll leave when i'm done
ham,Am not working but am up to eyes in philosophy so will text u later when a bit more free for chat...,100,0,am not working but am up to eyes in philosophy so will text u later when a bit more free for chat...
ham,U havent lost me ill always b here 4u.i didnt intend 2 hurt u but I never knew how u felt about me when Iwas+marine&thats what itried2tell urmom.i careabout u,161,0,u havent lost me ill always b here 4u.i didnt intend 2 hurt u but i never knew how u felt about me when iwas+marine&thats what itried2tell urmom.i careabout u
spam,"WIN: We have a winner! Mr. T. Foley won an iPod! More exciting prizes soon, so keep an eye on ur mobile or visit www.win-82050.co.uk",132,1,"win: we have a winner! mr. t. foley won an ipod! more exciting prizes soon, so keep an eye on ur mobile or visit www.win-82050.co.uk"
ham,You bad girl. I can still remember them,39,0,you bad girl. i can still remember them
ham,How much i gave to you. Morning.,32,0,how much i gave to you. morning.
ham,"I hope your alright babe? I worry that you might have felt a bit desparate when you learned the job was a fake ? I am here waiting when you come back, my love",158,0,"i hope your alright babe? i worry that you might have felt a bit desparate when you learned the job was a fake ? i am here waiting when you come back, my love"
ham,"Hey, can you tell me blake's address? Carlos wanted me to meet him there but I got lost and he's not answering his phone",120,0,"hey, can you tell me blake's address? carlos wanted me to meet him there but i got lost and he's not answering his phone"
ham,Can i get your opinion on something first?,42,0,can i get your opinion on something first?
ham,That one week leave i put know that time. Why.,46,0,that one week leave i put know that time. why.
ham,"If we hit it off, you can move in with me :)",44,0,"if we hit it off, you can move in with me :)"
ham,excellent. I spent  &lt;#&gt;  years in the Air Force. Iraq and afghanistan. I am stable and honest. do you like traveling?,123,0,excellent. i spent  &lt;#&gt;  years in the air force. iraq and afghanistan. i am stable and honest. do you like traveling?
ham,I wanna watch that movie,24,0,i wanna watch that movie
ham,Ok lor thanx... Ü in school?,28,0,ok lor thanx... ü in school?
ham,I'm in class. Did you get my text.,34,0,i'm in class. did you get my text.
ham,The bus leaves at  &lt;#&gt; ,29,0,the bus leaves at  &lt;#&gt; 
ham,God bless.get good sleep my dear...i will pray!,47,0,god bless.get good sleep my dear...i will pray!
spam,Todays Voda numbers ending 1225 are selected to receive a £50award. If you have a match please call 08712300220 quoting claim code 3100 standard rates app ,155,1,todays voda numbers ending 1225 are selected to receive a £50award. if you have a match please call 08712300220 quoting claim code 3100 standard rates app 
ham,Do have a nice day today. I love you so dearly.,47,0,do have a nice day today. i love you so dearly.
ham,Aiyo a bit pai seh ü noe... Scared he dun rem who i am then die... Hee... But he become better lookin oredi leh...,114,0,aiyo a bit pai seh ü noe... scared he dun rem who i am then die... hee... but he become better lookin oredi leh...
ham,"Aight, I'll ask a few of my roommates",37,0,"aight, i'll ask a few of my roommates"
ham,"Now, whats your house # again ? And do you have any beer there ?",64,0,"now, whats your house # again ? and do you have any beer there ?"
ham,Do ü all wan 2 meet up n combine all the parts? How's da rest of da project going?,82,0,do ü all wan 2 meet up n combine all the parts? how's da rest of da project going?
ham,Getting tickets 4 walsall tue 6 th march. My mate is getting me them on sat. ill pay my treat. Want 2 go. Txt bak .Terry,120,0,getting tickets 4 walsall tue 6 th march. my mate is getting me them on sat. ill pay my treat. want 2 go. txt bak .terry
ham,Yes we are chatting too.,24,0,yes we are chatting too.
ham,HI ITS JESS I DONT KNOW IF YOU ARE AT WORK BUT CALL ME WHEN U CAN IM AT HOME ALL EVE. XXX,89,0,hi its jess i dont know if you are at work but call me when u can im at home all eve. xxx
ham,Sian... Aft meeting supervisor got work 2 do liao... U working now?,67,0,sian... aft meeting supervisor got work 2 do liao... u working now?
ham,Are you going to write ccna exam this week??,44,0,are you going to write ccna exam this week??
ham,Well i will watch shrek in 3D!!B),33,0,well i will watch shrek in 3d!!b)
ham,Am i that much dirty fellow?,28,0,am i that much dirty fellow?
ham,Dunno dat's wat he told me. Ok lor...,37,0,dunno dat's wat he told me. ok lor...
ham,I'll probably be by tomorrow (or even later tonight if something's going on),76,0,i'll probably be by tomorrow (or even later tonight if something's going on)
ham,I couldn't say no as he is a dying man and I feel sad for him so I will go and I just wanted you to know I would probably be gone late into your night,150,0,i couldn't say no as he is a dying man and i feel sad for him so i will go and i just wanted you to know i would probably be gone late into your night
ham,If you're thinking of lifting me one then no.,45,0,if you're thinking of lifting me one then no.
ham,Same as u... Dun wan... Y u dun like me already ah... Wat u doing now? Still eating?,84,0,same as u... dun wan... y u dun like me already ah... wat u doing now? still eating?
ham,Sent me ur email id soon,24,0,sent me ur email id soon
ham,"Dude. What's up. How Teresa. Hope you have been okay. When i didnt hear from these people, i called them and they had received the package since dec  &lt;#&gt; . Just thot you'ld like to know. Do have a fantastic year and all the best with your reading. Plus if you can really really Bam first aid for Usmle, then your work is done.",332,0,"dude. what's up. how teresa. hope you have been okay. when i didnt hear from these people, i called them and they had received the package since dec  &lt;#&gt; . just thot you'ld like to know. do have a fantastic year and all the best with your reading. plus if you can really really bam first aid for usmle, then your work is done."
ham,Hey gorgeous man. My work mobile number is. Have a good one babe. Squishy Mwahs.,80,0,hey gorgeous man. my work mobile number is. have a good one babe. squishy mwahs.
spam,"Hottest pics straight to your phone!! See me getting Wet and Wanting, just for you xx Text PICS to 89555 now! txt costs 150p textoperator g696ga 18 XxX",151,1,"hottest pics straight to your phone!! see me getting wet and wanting, just for you xx text pics to 89555 now! txt costs 150p textoperator g696ga 18 xxx"
ham,That's the way you should stay oh.,34,0,that's the way you should stay oh.
ham,Hello- thanx for taking that call. I got a job! Starts on monday!,65,0,hello- thanx for taking that call. i got a job! starts on monday!
ham,What time is ur flight tmr?,27,0,what time is ur flight tmr?
ham,When should I come over?,24,0,when should i come over?
ham,I have a rather prominent bite mark on my right cheek,53,0,i have a rather prominent bite mark on my right cheek
ham,* Will be september by then!,28,0,* will be september by then!
ham,Are you wet right now?,22,0,are you wet right now?
ham,And how's your husband.,23,0,and how's your husband.
spam,"Hack Chat. Get backdoor entry into 121 chat rooms at a fraction of the cost. Reply NEO69 or call 09050280520, to subscribe 25p pm. DPS, Bcm box 8027 Ldn, wc1n3xx",161,1,"hack chat. get backdoor entry into 121 chat rooms at a fraction of the cost. reply neo69 or call 09050280520, to subscribe 25p pm. dps, bcm box 8027 ldn, wc1n3xx"
ham,Are we doing the norm tomorrow? I finish just a 4.15 cos of st tests. Need to sort library stuff out at some point tomo - got letter from today - access til end march so i better get move on!,191,0,are we doing the norm tomorrow? i finish just a 4.15 cos of st tests. need to sort library stuff out at some point tomo - got letter from today - access til end march so i better get move on!
ham,Yeah. I got a list with only u and Joanna if I'm feeling really anti social,75,0,yeah. i got a list with only u and joanna if i'm feeling really anti social
ham,I am in your office na.,23,0,i am in your office na.
ham,Are you comingdown later?,25,0,are you comingdown later?
ham,Super da:)good replacement for murali,37,0,super da:)good replacement for murali
ham,Da is good good player.why he is unsold.,40,0,da is good good player.why he is unsold.
ham,Hi. || Do u want | to join me with sts later? || Meeting them at five. || Call u after class.,93,0,hi. || do u want | to join me with sts later? || meeting them at five. || call u after class.
ham,Its on in engalnd! But telly has decided it won't let me watch it and mia and elliot were kissing! Damn it!,107,0,its on in engalnd! but telly has decided it won't let me watch it and mia and elliot were kissing! damn it!
spam,"FREE NOKIA Or Motorola with upto 12mths 1/2price linerental, 500 FREE x-net mins&100txt/mth FREE B'tooth*. Call Mobileupd8 on 08001950382 or call 2optout/D3WV",158,1,"free nokia or motorola with upto 12mths 1/2price linerental, 500 free x-net mins&100txt/mth free b'tooth*. call mobileupd8 on 08001950382 or call 2optout/d3wv"
ham,I dont want to hear philosophy. Just say what happen,52,0,i dont want to hear philosophy. just say what happen
ham,You got job in wipro:)you will get every thing in life in 2 or 3 years.,71,0,you got job in wipro:)you will get every thing in life in 2 or 3 years.
ham,Then cant get da laptop? My matric card wif ü lei... ,53,0,then cant get da laptop? my matric card wif ü lei... 
ham,Dunno da next show aft 6 is 850. Toa payoh got 650.,51,0,dunno da next show aft 6 is 850. toa payoh got 650.
spam,"This is the 2nd time we have tried 2 contact u. U have won the 750 Pound prize. 2 claim is easy, call 08718726970 NOW! Only 10p per min. BT-national-rate ",154,1,"this is the 2nd time we have tried 2 contact u. u have won the 750 pound prize. 2 claim is easy, call 08718726970 now! only 10p per min. bt-national-rate "
ham,I just made some payments so dont have that much. Sorry. Would you want it fedex or the other way.,98,0,i just made some payments so dont have that much. sorry. would you want it fedex or the other way.
ham,They did't play one day last year know even though they have very good team.. Like india.,89,0,they did't play one day last year know even though they have very good team.. like india.
ham,K.:)you are the only girl waiting in reception ah?,50,0,k.:)you are the only girl waiting in reception ah?
ham,"Say this slowly.? GOD,I LOVE YOU &amp; I NEED YOU,CLEAN MY HEART WITH YOUR BLOOD.Send this to Ten special people &amp; u c miracle tomorrow, do it,pls,pls do it...",163,0,"say this slowly.? god,i love you &amp; i need you,clean my heart with your blood.send this to ten special people &amp; u c miracle tomorrow, do it,pls,pls do it..."
ham,I hate when she does this. She turns what should be a fun shopping trip into an annoying day of how everything would look in her house.,135,0,i hate when she does this. she turns what should be a fun shopping trip into an annoying day of how everything would look in her house.
ham,"Sir, i am waiting for your call.",32,0,"sir, i am waiting for your call."
ham,What's up. Do you want me to come online?,41,0,what's up. do you want me to come online?
ham,"It could work, we'll reach a consensus at the next meeting",58,0,"it could work, we'll reach a consensus at the next meeting"
ham,Aiyah then i wait lor. Then u entertain me. Hee...,50,0,aiyah then i wait lor. then u entertain me. hee...
ham,"The last thing i ever wanted to do was hurt you. And i didn't think it would have. You'd laugh, be embarassed, delete the tag and keep going. But as far as i knew, it wasn't even up. The fact that you even felt like i would do it to hurt you shows you really don't know me at all. It was messy wednesday, but it wasn't bad. The problem i have with it is you HAVE the time to clean it, but you choose not to. You skype, you take pictures, you sleep, you want to go out. I don't mind a few things here and there, but when you don't make the bed, when you throw laundry on top of it, when i can't have a friend in the house because i'm embarassed that there's underwear and bras strewn on the bed, pillows on the floor, that's something else. You used to be good about at least making the bed.",790,0,"the last thing i ever wanted to do was hurt you. and i didn't think it would have. you'd laugh, be embarassed, delete the tag and keep going. but as far as i knew, it wasn't even up. the fact that you even felt like i would do it to hurt you shows you really don't know me at all. it was messy wednesday, but it wasn't bad. the problem i have with it is you have the time to clean it, but you choose not to. you skype, you take pictures, you sleep, you want to go out. i don't mind a few things here and there, but when you don't make the bed, when you throw laundry on top of it, when i can't have a friend in the house because i'm embarassed that there's underwear and bras strewn on the bed, pillows on the floor, that's something else. you used to be good about at least making the bed."
ham,I'll let you know when it kicks in,34,0,i'll let you know when it kicks in
ham,You call him now ok i said call him,35,0,you call him now ok i said call him
ham,Call to the number which is available in appointment. And ask to connect the call to waheed fathima.,100,0,call to the number which is available in appointment. and ask to connect the call to waheed fathima.
ham,Or ü go buy wif him then i meet ü later can?,44,0,or ü go buy wif him then i meet ü later can?
ham,Mmmm ... Fuck ... Not fair ! You know my weaknesses ! *grins* *pushes you to your knee's* *exposes my belly and pulls your head to it* Don't forget ... I know yours too *wicked smile*,183,0,mmmm ... fuck ... not fair ! you know my weaknesses ! *grins* *pushes you to your knee's* *exposes my belly and pulls your head to it* don't forget ... i know yours too *wicked smile*
ham,Today my system sh get ready.all is well and i am also in the deep well,71,0,today my system sh get ready.all is well and i am also in the deep well
ham,Mom wants to know where you at,30,0,mom wants to know where you at
ham,"Aight, I'll text you when I'm back",34,0,"aight, i'll text you when i'm back"
ham,Dont know supports ass and srt i thnk. I think ps3 can play through usb too,75,0,dont know supports ass and srt i thnk. i think ps3 can play through usb too
ham,Oh ok i didnt know what you meant. Yep i am baby jontin,55,0,oh ok i didnt know what you meant. yep i am baby jontin
spam,You have WON a guaranteed £1000 cash or a £2000 prize.To claim yr prize call our customer service representative on,115,1,you have won a guaranteed £1000 cash or a £2000 prize.to claim yr prize call our customer service representative on
spam,Would you like to see my XXX pics they are so hot they were nearly banned in the uk!,84,1,would you like to see my xxx pics they are so hot they were nearly banned in the uk!
ham,This pen thing is beyond a joke. Wont a Biro do? Don't do a masters as can't do this ever again! ,97,0,this pen thing is beyond a joke. wont a biro do? don't do a masters as can't do this ever again! 
ham,I AM AT A PARTY WITH ALEX NICHOLS,33,0,i am at a party with alex nichols
spam,U have a secret admirer who is looking 2 make contact with U-find out who they R*reveal who thinks UR so special-call on 09058094594,132,1,u have a secret admirer who is looking 2 make contact with u-find out who they r*reveal who thinks ur so special-call on 09058094594
ham,Just seeing your missed call my dear brother. Do have a gr8 day.,64,0,just seeing your missed call my dear brother. do have a gr8 day.
ham,Ok.. Ü finishing soon?,22,0,ok.. ü finishing soon?
ham,"Sorry, I can't help you on this.",32,0,"sorry, i can't help you on this."
ham,"Come to me, slave. Your doing it again ... Going into your shell and unconsciously avoiding me ... You are making me unhappy :-(",128,0,"come to me, slave. your doing it again ... going into your shell and unconsciously avoiding me ... you are making me unhappy :-("
ham,I love your ass! Do you enjoy doggy style? :),45,0,i love your ass! do you enjoy doggy style? :)
ham,I think asking for a gym is the excuse for lazy people. I jog.,62,0,i think asking for a gym is the excuse for lazy people. i jog.
spam,Dear 0776xxxxxxx U've been invited to XCHAT. This is our final attempt to contact u! Txt CHAT to 86688 150p/MsgrcvdHG/Suite342/2Lands/Row/W1J6HL LDN 18yrs ,155,1,dear 0776xxxxxxx u've been invited to xchat. this is our final attempt to contact u! txt chat to 86688 150p/msgrcvdhg/suite342/2lands/row/w1j6hl ldn 18yrs 
spam,Urgent! Please call 09061743811 from landline. Your ABTA complimentary 4* Tenerife Holiday or £5000 cash await collection SAE T&Cs Box 326 CW25WX 150ppm,152,1,urgent! please call 09061743811 from landline. your abta complimentary 4* tenerife holiday or £5000 cash await collection sae t&cs box 326 cw25wx 150ppm
ham,No. On the way home. So if not for the long dry spell the season would have been over,85,0,no. on the way home. so if not for the long dry spell the season would have been over
ham,I gotta collect da car at 6 lei.,32,0,i gotta collect da car at 6 lei.
ham,Ok but knackered. Just came home and went to sleep! Not good at this full time work lark.,89,0,ok but knackered. just came home and went to sleep! not good at this full time work lark.
ham,Probably earlier than that if the station's where I think it is,63,0,probably earlier than that if the station's where i think it is
spam,CALL 09090900040 & LISTEN TO EXTREME DIRTY LIVE CHAT GOING ON IN THE OFFICE RIGHT NOW TOTAL PRIVACY NO ONE KNOWS YOUR [sic] LISTENING 60P MIN 24/7MP 0870753331018+,163,1,call 09090900040 & listen to extreme dirty live chat going on in the office right now total privacy no one knows your [sic] listening 60p min 24/7mp 0870753331018+
spam,"FreeMsg Hey U, i just got 1 of these video/pic fones, reply WILD to this txt & ill send U my pics, hurry up Im so bored at work xxx (18 150p/rcvd STOP2stop)",156,1,"freemsg hey u, i just got 1 of these video/pic fones, reply wild to this txt & ill send u my pics, hurry up im so bored at work xxx (18 150p/rcvd stop2stop)"
ham,"Uh, heads up we don't have THAT much left",41,0,"uh, heads up we don't have that much left"
ham,I tot u outside cos darren say u come shopping. Of course we nice wat. We jus went sim lim look at mp3 player.,110,0,i tot u outside cos darren say u come shopping. of course we nice wat. we jus went sim lim look at mp3 player.
ham,"Aight, sounds good. When do you want me to come down?",53,0,"aight, sounds good. when do you want me to come down?"
ham,Wat would u like 4 ur birthday?,31,0,wat would u like 4 ur birthday?
ham,I love working from home :),27,0,i love working from home :)
ham,And miss vday the parachute and double coins??? U must not know me very well...,79,0,and miss vday the parachute and double coins??? u must not know me very well...
ham,My sister got placed in birla soft da:-),40,0,my sister got placed in birla soft da:-)
spam,Free entry in 2 a weekly comp for a chance to win an ipod. Txt POD to 80182 to get entry (std txt rate) T&C's apply 08452810073 for details 18+,143,1,free entry in 2 a weekly comp for a chance to win an ipod. txt pod to 80182 to get entry (std txt rate) t&c's apply 08452810073 for details 18+
ham,Wah... Okie okie... Muz make use of e unlimited... Haha... ,59,0,wah... okie okie... muz make use of e unlimited... haha... 
ham,"There're some people by mu, I'm at the table by lambda",54,0,"there're some people by mu, i'm at the table by lambda"
ham,And stop being an old man. You get to build snowman snow angels and snowball fights.,84,0,and stop being an old man. you get to build snowman snow angels and snowball fights.
ham,ELLO BABE U OK?,15,0,ello babe u ok?
ham,Hello beautiful r u ok? I've kinda ad a row wiv and he walked out the pub?? I wanted a night wiv u Miss u ,106,0,hello beautiful r u ok? i've kinda ad a row wiv and he walked out the pub?? i wanted a night wiv u miss u 
ham,Then u going ikea str aft dat?,30,0,then u going ikea str aft dat?
ham,Becoz its  &lt;#&gt;  jan whn al the post ofice is in holiday so she cn go fr the post ofice...got it duffer,108,0,becoz its  &lt;#&gt;  jan whn al the post ofice is in holiday so she cn go fr the post ofice...got it duffer
ham,Lol grr my mom is taking forever with my prescription. Pharmacy is like 2 minutes away. Ugh.,92,0,lol grr my mom is taking forever with my prescription. pharmacy is like 2 minutes away. ugh.
ham,For real tho this sucks. I can't even cook my whole electricity is out. And I'm hungry.,87,0,for real tho this sucks. i can't even cook my whole electricity is out. and i'm hungry.
ham,You want to go? ,16,0,you want to go? 
spam,New TEXTBUDDY Chat 2 horny guys in ur area 4 just 25p Free 2 receive Search postcode or at gaytextbuddy.com. TXT ONE name to 89693. 08715500022 rpl Stop 2 cnl,158,1,new textbuddy chat 2 horny guys in ur area 4 just 25p free 2 receive search postcode or at gaytextbuddy.com. txt one name to 89693. 08715500022 rpl stop 2 cnl
ham,Its not that time of the month nor mid of the time?,51,0,its not that time of the month nor mid of the time?
ham,Fffff. Can you text kadeem or are you too far gone,50,0,fffff. can you text kadeem or are you too far gone
ham,We not leaving yet. Ok lor then we go elsewhere n eat. U thk...,63,0,we not leaving yet. ok lor then we go elsewhere n eat. u thk...
ham,Is fujitsu s series lifebook good?,34,0,is fujitsu s series lifebook good?
ham,Yar i wanted 2 scold u yest but late already... I where got zhong se qing you? If u ask me b4 he ask me then i'll go out w u all lor. N u still can act so real.,160,0,yar i wanted 2 scold u yest but late already... i where got zhong se qing you? if u ask me b4 he ask me then i'll go out w u all lor. n u still can act so real.
ham,Dont know you bring some food,29,0,dont know you bring some food
ham,No current and food here. I am alone also,41,0,no current and food here. i am alone also
ham,I'll be in sch fr 4-6... I dun haf da book in sch... It's at home...,68,0,i'll be in sch fr 4-6... i dun haf da book in sch... it's at home...
ham,Hello. They are going to the village pub at 8 so either come here or there accordingly. Ok?,91,0,hello. they are going to the village pub at 8 so either come here or there accordingly. ok?
ham,Ok,2,0,ok
ham,We don call like  &lt;#&gt;  times oh. No give us hypertension oh.,66,0,we don call like  &lt;#&gt;  times oh. no give us hypertension oh.
ham,"Dont give a monkeys wot they think and i certainly don't mind. Any friend of mine&all that! Just don't sleep wiv , that wud be annoyin!",135,0,"dont give a monkeys wot they think and i certainly don't mind. any friend of mine&all that! just don't sleep wiv , that wud be annoyin!"
ham,Omg it could snow here tonite!,30,0,omg it could snow here tonite!
spam,Call from 08702490080 - tells u 2 call 09066358152 to claim £5000 prize. U have 2 enter all ur mobile & personal details @ the prompts. Careful!,144,1,call from 08702490080 - tells u 2 call 09066358152 to claim £5000 prize. u have 2 enter all ur mobile & personal details @ the prompts. careful!
spam,Free 1st week entry 2 TEXTPOD 4 a chance 2 win 40GB iPod or £250 cash every wk. Txt VPOD to 81303 Ts&Cs www.textpod.net custcare 08712405020.,141,1,free 1st week entry 2 textpod 4 a chance 2 win 40gb ipod or £250 cash every wk. txt vpod to 81303 ts&cs www.textpod.net custcare 08712405020.
ham,Carry on not disturbing both of you,35,0,carry on not disturbing both of you
ham,What pa tell me.. I went to bath:-),35,0,what pa tell me.. i went to bath:-)
ham,Jus finished avatar nigro,25,0,jus finished avatar nigro
ham,R u over scratching it?,23,0,r u over scratching it?
ham,Hope you are having a great day.,32,0,hope you are having a great day.
ham,Did either of you have any idea's? Do you know of anyplaces doing something?,76,0,did either of you have any idea's? do you know of anyplaces doing something?
ham,"My planning usually stops at ""find hella weed, smoke hella weed""",64,0,"my planning usually stops at ""find hella weed, smoke hella weed"""
ham,"The fact that you're cleaning shows you know why i'm upset. Your priority is constantly ""what i want to do,"" not ""what i need to do.""",133,0,"the fact that you're cleaning shows you know why i'm upset. your priority is constantly ""what i want to do,"" not ""what i need to do."""
ham,Excellent! Are you ready to moan and scream in ecstasy?,55,0,excellent! are you ready to moan and scream in ecstasy?
spam,More people are dogging in your area now. Call 09090204448 and join like minded guys. Why not arrange 1 yourself. There's 1 this evening. A£1.50 minAPN LS278BB,159,1,more people are dogging in your area now. call 09090204448 and join like minded guys. why not arrange 1 yourself. there's 1 this evening. a£1.50 minapn ls278bb
ham,Dude avatar 3d was imp. At one point i thought there were actually flies in the room and almost tried hittng one as a reflex,124,0,dude avatar 3d was imp. at one point i thought there were actually flies in the room and almost tried hittng one as a reflex
spam,"WELL DONE! Your 4* Costa Del Sol Holiday or £5000 await collection. Call 09050090044 Now toClaim. SAE, TCs, POBox334, Stockport, SK38xh, Cost£1.50/pm, Max10mins",160,1,"well done! your 4* costa del sol holiday or £5000 await collection. call 09050090044 now toclaim. sae, tcs, pobox334, stockport, sk38xh, cost£1.50/pm, max10mins"
ham,K...k:)why cant you come here and search job:),46,0,k...k:)why cant you come here and search job:)
ham,I got lousy sleep. I kept waking up every 2 hours to see if my cat wanted to come in. I worry about him when its cold :(,120,0,i got lousy sleep. i kept waking up every 2 hours to see if my cat wanted to come in. i worry about him when its cold :(
ham,"Yeah, I'll leave in a couple minutes &amp; let you know when I get to mu",72,0,"yeah, i'll leave in a couple minutes &amp; let you know when i get to mu"
ham,Can ü call me at 10:10 to make sure dat i've woken up...,56,0,can ü call me at 10:10 to make sure dat i've woken up...
ham,Hey we can go jazz power yoga hip hop kb and yogasana ,54,0,hey we can go jazz power yoga hip hop kb and yogasana 
ham,The battery is for mr adewale my uncle. Aka Egbon,49,0,the battery is for mr adewale my uncle. aka egbon
ham,Wait 2 min..stand at bus stop,29,0,wait 2 min..stand at bus stop
ham,Oh ic. I thought you meant mary jane.,37,0,oh ic. i thought you meant mary jane.
ham,Haha... Really oh no... How? Then will they deduct your lesson tmr?,67,0,haha... really oh no... how? then will they deduct your lesson tmr?
ham,Nah im goin 2 the wrks with j wot bout u?,41,0,nah im goin 2 the wrks with j wot bout u?
ham,Then just eat a shit and wait for ur monkey face bitch.......... U asshole..................,92,0,then just eat a shit and wait for ur monkey face bitch.......... u asshole..................
ham,Good night. Am going to sleep.,30,0,good night. am going to sleep.
ham,"Aight I'll grab something to eat too, text me when you're back at mu",68,0,"aight i'll grab something to eat too, text me when you're back at mu"
ham,Take something for pain. If it moves however to any side in the next 6hrs see a doctor.,87,0,take something for pain. if it moves however to any side in the next 6hrs see a doctor.
ham,"Lol ... Oh no babe, I wont be sliding into your place after midnight, but thanks for the invite",95,0,"lol ... oh no babe, i wont be sliding into your place after midnight, but thanks for the invite"
ham,Howz that persons story,23,0,howz that persons story
spam,Guess what! Somebody you know secretly fancies you! Wanna find out who it is? Give us a call on 09065394973 from Landline DATEBox1282EssexCM61XN 150p/min 18,156,1,guess what! somebody you know secretly fancies you! wanna find out who it is? give us a call on 09065394973 from landline datebox1282essexcm61xn 150p/min 18
ham,LOL that would be awesome payback.,34,0,lol that would be awesome payback.
spam,it to 80488. Your 500 free text messages are valid until 31 December 2005.,74,1,it to 80488. your 500 free text messages are valid until 31 december 2005.
ham,"Honeybee Said: *I'm d Sweetest in d World* God Laughed &amp; Said: *Wait,U Havnt Met d Person Reading This Msg* MORAL: Even GOD Can Crack Jokes! GM+GN+GE+GN:)",158,0,"honeybee said: *i'm d sweetest in d world* god laughed &amp; said: *wait,u havnt met d person reading this msg* moral: even god can crack jokes! gm+gn+ge+gn:)"
ham,Thanks. It was only from tescos but quite nice. All gone now. Speak soon ,73,0,thanks. it was only from tescos but quite nice. all gone now. speak soon 
ham,What's a feathery bowa? Is that something guys have that I don't know about?,76,0,what's a feathery bowa? is that something guys have that i don't know about?
ham,Even i cant close my eyes you are in me our vava playing umma :-D,65,0,even i cant close my eyes you are in me our vava playing umma :-d
ham,2 laptop... I noe infra but too slow lar... I wan fast one,58,0,2 laptop... i noe infra but too slow lar... i wan fast one
spam,You have won a guaranteed £200 award or even £1000 cashto claim UR award call free on 08000407165 (18+) 2 stop getstop on 88222 PHP,131,1,you have won a guaranteed £200 award or even £1000 cashto claim ur award call free on 08000407165 (18+) 2 stop getstop on 88222 php
ham,Nvm it's ok...,14,0,nvm it's ok...
ham,Enjoy ur life. . Good night,27,0,enjoy ur life. . good night
ham,Yes but can we meet in town cos will go to gep and then home. You could text at bus stop. And don't worry we'll have finished by march … ish!,141,0,yes but can we meet in town cos will go to gep and then home. you could text at bus stop. and don't worry we'll have finished by march … ish!
ham,Thats cool. Where should i cum? On you or in you? :),52,0,thats cool. where should i cum? on you or in you? :)
ham,Delhi and chennai still silent.,31,0,delhi and chennai still silent.
ham,Lol alright i was thinkin that too haha,39,0,lol alright i was thinkin that too haha
spam,Reply to win £100 weekly! Where will the 2006 FIFA World Cup be held? Send STOP to 87239 to end service,103,1,reply to win £100 weekly! where will the 2006 fifa world cup be held? send stop to 87239 to end service
ham,No I'm in the same boat. Still here at my moms. Check me out on yo. I'm half naked.,83,0,no i'm in the same boat. still here at my moms. check me out on yo. i'm half naked.
ham,Shhhhh nobody is supposed to know!,34,0,shhhhh nobody is supposed to know!
ham,"Sorry, I'll call later in meeting any thing related to trade please call Arul. &lt;#&gt; ",89,0,"sorry, i'll call later in meeting any thing related to trade please call arul. &lt;#&gt; "
ham,Hey i will be late... i'm at amk. Need to drink tea or coffee,61,0,hey i will be late... i'm at amk. need to drink tea or coffee
spam,Urgent! Please call 09061743810 from landline. Your ABTA complimentary 4* Tenerife Holiday or #5000 cash await collection SAE T&Cs Box 326 CW25WX 150 ppm,153,1,urgent! please call 09061743810 from landline. your abta complimentary 4* tenerife holiday or #5000 cash await collection sae t&cs box 326 cw25wx 150 ppm
ham,The length is e same but e top shorter n i got a fringe now. I thk i'm not going liao. Too lazy. Dun wan 2 distract u also.,123,0,the length is e same but e top shorter n i got a fringe now. i thk i'm not going liao. too lazy. dun wan 2 distract u also.
ham,S..antha num corrct dane,24,0,s..antha num corrct dane
ham,The basket's gettin full so I might be by tonight,49,0,the basket's gettin full so i might be by tonight
ham,HI DARLIN IVE JUST GOT BACK AND I HAD A REALLY NICE NIGHT AND THANKS SO MUCH FOR THE LIFT SEE U TOMORROW XXX,108,0,hi darlin ive just got back and i had a really nice night and thanks so much for the lift see u tomorrow xxx
ham,No other Valentines huh? The proof is on your fb page. Ugh I'm so glad I really DIDN'T watch your rupaul show you TOOL!,119,0,no other valentines huh? the proof is on your fb page. ugh i'm so glad i really didn't watch your rupaul show you tool!
spam,Free tones Hope you enjoyed your new content. text stop to 61610 to unsubscribe. help:08712400602450p Provided by tones2you.co.uk,129,1,free tones hope you enjoyed your new content. text stop to 61610 to unsubscribe. help:08712400602450p provided by tones2you.co.uk
ham,Eh den sat u book e kb liao huh...,34,0,eh den sat u book e kb liao huh...
ham,Have you been practising your curtsey?,38,0,have you been practising your curtsey?
ham,Lol boo I was hoping for a laugh,32,0,lol boo i was hoping for a laugh
ham,"YEH I AM DEF UP4 SOMETHING SAT,JUST GOT PAYED2DAY & I HAVBEEN GIVEN A£50 PAY RISE 4MY WORK & HAVEBEEN MADE PRESCHOOLCO-ORDINATOR 2I AM FEELINGOOD LUV",149,0,"yeh i am def up4 something sat,just got payed2day & i havbeen given a£50 pay rise 4my work & havebeen made preschoolco-ordinator 2i am feelingood luv"
ham,"Well, I have to leave for my class babe ... You never came back to me ... :-( ... Hope you have a nice sleep, my love",117,0,"well, i have to leave for my class babe ... you never came back to me ... :-( ... hope you have a nice sleep, my love"
ham,LMAO where's your fish memory when I need it?,45,0,lmao where's your fish memory when i need it?
ham,But i'll b going 2 sch on mon. My sis need 2 take smth.,55,0,but i'll b going 2 sch on mon. my sis need 2 take smth.
ham,Idea will soon get converted to live:),38,0,idea will soon get converted to live:)
spam,TheMob>Yo yo yo-Here comes a new selection of hot downloads for our members to get for FREE! Just click & open the next link sent to ur fone...,143,1,themob>yo yo yo-here comes a new selection of hot downloads for our members to get for free! just click & open the next link sent to ur fone...
ham,S....s...india going to draw the series after many years in south african soil..,80,0,s....s...india going to draw the series after many years in south african soil..
ham,"Goodmorning, today i am late for  &lt;DECIMAL&gt; min.",54,0,"goodmorning, today i am late for  &lt;decimal&gt; min."
ham,Can't take any major roles in community outreach. You rock mel,62,0,can't take any major roles in community outreach. you rock mel
ham,Shopping lor. Them raining mah hard 2 leave orchard.,52,0,shopping lor. them raining mah hard 2 leave orchard.
ham,Hi here. have birth at on the  to  at 8lb 7oz. Mother and baby doing brilliantly.,81,0,hi here. have birth at on the  to  at 8lb 7oz. mother and baby doing brilliantly.
ham,See the forwarding message for proof,36,0,see the forwarding message for proof
ham,"I can't keep going through this. It was never my intention to run you out, but if you choose to do that rather than keep the room clean so *I* don't have to say no to visitors, then maybe that's the best choice. Yes, I wanted you to be embarassed, so maybe you'd feel for once how I feel when i have a friend who wants to drop buy and i have to say no, as happened this morning. I've tried everything. I don't know what else to do.",431,0,"i can't keep going through this. it was never my intention to run you out, but if you choose to do that rather than keep the room clean so *i* don't have to say no to visitors, then maybe that's the best choice. yes, i wanted you to be embarassed, so maybe you'd feel for once how i feel when i have a friend who wants to drop buy and i have to say no, as happened this morning. i've tried everything. i don't know what else to do."
ham,Dunno lei... I thk mum lazy to go out... I neva ask her yet...,62,0,dunno lei... i thk mum lazy to go out... i neva ask her yet...
ham,"Do whatever you want. You know what the rules are. We had a talk earlier this week about what had to start happening, you showing responsibility. Yet, every week it's can i bend the rule this way? What about that way? Do whatever. I'm tired of having thia same argument with you every week. And a  &lt;#&gt;  movie DOESNT inlude the previews. You're still getting in after 1.",375,0,"do whatever you want. you know what the rules are. we had a talk earlier this week about what had to start happening, you showing responsibility. yet, every week it's can i bend the rule this way? what about that way? do whatever. i'm tired of having thia same argument with you every week. and a  &lt;#&gt;  movie doesnt inlude the previews. you're still getting in after 1."
ham,"Beautiful Truth against Gravity.. Read carefully: ""Our heart feels light when someone is in it.. But it feels very heavy when someone leaves it.."" GOODMORNING",158,0,"beautiful truth against gravity.. read carefully: ""our heart feels light when someone is in it.. but it feels very heavy when someone leaves it.."" goodmorning"
spam,Great News! Call FREEFONE 08006344447 to claim your guaranteed £1000 CASH or £2000 gift. Speak to a live operator NOW!,118,1,great news! call freefone 08006344447 to claim your guaranteed £1000 cash or £2000 gift. speak to a live operator now!
ham,Ambrith..madurai..met u in arun dha marrge..remembr?,52,0,ambrith..madurai..met u in arun dha marrge..remembr?
ham,Just re read it and I have no shame but tell me how he takes it and if he runs I will blame u 4 ever!! Not really 4 ever just a long time ,138,0,just re read it and i have no shame but tell me how he takes it and if he runs i will blame u 4 ever!! not really 4 ever just a long time 
ham,"Princess, is your kitty shaved or natural?",42,0,"princess, is your kitty shaved or natural?"
ham,"Better than bb. If he wont use it, his wife will or them doctor",63,0,"better than bb. if he wont use it, his wife will or them doctor"
ham,Ya it came a while ago,22,0,ya it came a while ago
ham,From tomorrow onwards eve 6 to 3 work.,38,0,from tomorrow onwards eve 6 to 3 work.
ham,Anything lor but toa payoh got place 2 walk meh...,50,0,anything lor but toa payoh got place 2 walk meh...
ham,"I don't have anybody's number, I still haven't thought up a tactful way to ask alex",83,0,"i don't have anybody's number, i still haven't thought up a tactful way to ask alex"
spam,"U can WIN £100 of Music Gift Vouchers every week starting NOW Txt the word DRAW to 87066 TsCs www.ldew.com SkillGame,1Winaweek, age16.150ppermessSubscription",157,1,"u can win £100 of music gift vouchers every week starting now txt the word draw to 87066 tscs www.ldew.com skillgame,1winaweek, age16.150ppermesssubscription"
ham,Is there any movie theatre i can go to and watch unlimited movies and just pay once?,84,0,is there any movie theatre i can go to and watch unlimited movies and just pay once?
ham,U having lunch alone? I now so bored...,39,0,u having lunch alone? i now so bored...
ham,"Yes obviously, but you are the eggs-pert and the potato head… Speak soon! ",74,0,"yes obviously, but you are the eggs-pert and the potato head… speak soon! "
ham,"Nah man, my car is meant to be crammed full of people",53,0,"nah man, my car is meant to be crammed full of people"
ham,No got new job at bar in airport on satsgettin 4.47per hour but means no lie in! keep in touch,94,0,no got new job at bar in airport on satsgettin 4.47per hour but means no lie in! keep in touch
ham,Kallis is ready for bat in 2nd innings,38,0,kallis is ready for bat in 2nd innings
ham,Thanx but my birthday is over already.,38,0,thanx but my birthday is over already.
ham,"Ugh y can't u just apologize, admit u were wrong and ask me to take u back?",75,0,"ugh y can't u just apologize, admit u were wrong and ask me to take u back?"
ham,"I noe la... U wana pei bf oso rite... K lor, other days den...",62,0,"i noe la... u wana pei bf oso rite... k lor, other days den..."
ham,"Yes, i'm small kid.. And boost is the secret of my energy..",59,0,"yes, i'm small kid.. and boost is the secret of my energy.."
ham,IM GONNA MISS U SO MUCH,23,0,im gonna miss u so much
ham,Is avatar supposed to have subtoitles,37,0,is avatar supposed to have subtoitles
ham,Simply sitting and watching match in office..,45,0,simply sitting and watching match in office..
ham,You can jot down things you want to remember later.,51,0,you can jot down things you want to remember later.
ham,Oh sorry please its over,24,0,oh sorry please its over
ham,Hey are we going for the lo lesson or gym? ,43,0,hey are we going for the lo lesson or gym? 
ham,"Dont pack what you can buy at any store.like cereals. If you must pack food, pack gari or something 9ja that you will miss.",123,0,"dont pack what you can buy at any store.like cereals. if you must pack food, pack gari or something 9ja that you will miss."
ham,You always make things bigger than they are,43,0,you always make things bigger than they are
ham,Ü dun wan to watch infernal affair?,35,0,ü dun wan to watch infernal affair?
ham,"Me not waking up until 4 in the afternoon, sup",46,0,"me not waking up until 4 in the afternoon, sup"
ham,I can send you a pic if you like :),35,0,i can send you a pic if you like :)
ham,Okay... I booked all already... Including the one at bugis.,59,0,okay... i booked all already... including the one at bugis.
ham,"Aight fuck it, I'll get it later",32,0,"aight fuck it, i'll get it later"
ham,No de. But call me after some time. Ill tell you k,50,0,no de. but call me after some time. ill tell you k
ham,So dont use hook up any how,27,0,so dont use hook up any how
ham,How much is blackberry bold2 in nigeria.,40,0,how much is blackberry bold2 in nigeria.
ham,Hi where you. You in home or calicut?,37,0,hi where you. you in home or calicut?
ham,Hey darlin.. i can pick u up at college if u tell me wen & where 2 mt.. love Pete xx,84,0,hey darlin.. i can pick u up at college if u tell me wen & where 2 mt.. love pete xx
spam,"Call 09094100151 to use ur mins! Calls cast 10p/min (mob vary). Service provided by AOM, just GBP5/month. AOM Box61,M60 1ER until u stop. Ages 18+ only!",152,1,"call 09094100151 to use ur mins! calls cast 10p/min (mob vary). service provided by aom, just gbp5/month. aom box61,m60 1er until u stop. ages 18+ only!"
ham,"Oh... I was thkin of goin yogasana at 10 den no nd to go at 3 den can rush to parco 4 nb... Okie lor, u call me when ready...",125,0,"oh... i was thkin of goin yogasana at 10 den no nd to go at 3 den can rush to parco 4 nb... okie lor, u call me when ready..."
ham,Y so late but i need to go n get da laptop...,45,0,y so late but i need to go n get da laptop...
ham,"Sir, I am waiting for your mail.",32,0,"sir, i am waiting for your mail."
ham,.Please charge my mobile when you get up in morning.,52,0,.please charge my mobile when you get up in morning.
ham,"Nothing, i got msg frm tht unknown no..",39,0,"nothing, i got msg frm tht unknown no.."
ham,Ugh fuck it I'm resubbing to eve,32,0,ugh fuck it i'm resubbing to eve
ham,He didn't see his shadow. We get an early spring yay,52,0,he didn't see his shadow. we get an early spring yay
ham,I did. One slice and one breadstick. Lol,40,0,i did. one slice and one breadstick. lol
ham,"Hey ! I want you ! I crave you ! I miss you ! I need you ! I love you, Ahmad Saeed al Hallaq ...",96,0,"hey ! i want you ! i crave you ! i miss you ! i need you ! i love you, ahmad saeed al hallaq ..."
ham,Is there any training tomorrow?,31,0,is there any training tomorrow?
spam,"URGENT! Your mobile No *********** WON a £2,000 Bonus Caller Prize on 02/06/03! This is the 2nd attempt to reach YOU! Call 09066362220 ASAP! BOX97N7QP, 150ppm",158,1,"urgent! your mobile no *********** won a £2,000 bonus caller prize on 02/06/03! this is the 2nd attempt to reach you! call 09066362220 asap! box97n7qp, 150ppm"
ham,Pass dis to all ur contacts n see wat u get! Red;i'm in luv wid u. Blue;u put a smile on my face. Purple;u r realy hot. Pink;u r so swt. Orange;i thnk i lyk u. Green;i realy wana go out wid u. Yelow;i wnt u bck. Black;i'm jealous of u. Brown;i miss you Nw plz giv me one color,276,0,pass dis to all ur contacts n see wat u get! red;i'm in luv wid u. blue;u put a smile on my face. purple;u r realy hot. pink;u r so swt. orange;i thnk i lyk u. green;i realy wana go out wid u. yelow;i wnt u bck. black;i'm jealous of u. brown;i miss you nw plz giv me one color
ham,Cos daddy arranging time c wat time fetch ü mah...,50,0,cos daddy arranging time c wat time fetch ü mah...
ham,Then. You are eldest know.,26,0,then. you are eldest know.
ham,Who's there say hi to our drugdealer,36,0,who's there say hi to our drugdealer
ham,Its hard to believe things like this. All can say lie but think twice before saying anything to me.,99,0,its hard to believe things like this. all can say lie but think twice before saying anything to me.
spam,"Eerie Nokia tones 4u, rply TONE TITLE to 8007 eg TONE DRACULA to 8007 Titles: GHOST, ADDAMSFA, MUNSTERS, EXORCIST, TWILIGHT www.getzed.co.uk POBox36504W45WQ 150p ",162,1,"eerie nokia tones 4u, rply tone title to 8007 eg tone dracula to 8007 titles: ghost, addamsfa, munsters, exorcist, twilight www.getzed.co.uk pobox36504w45wq 150p "
spam,Sexy Singles are waiting for you! Text your AGE followed by your GENDER as wither M or F E.G.23F. For gay men text your AGE followed by a G. e.g.23G.,149,1,sexy singles are waiting for you! text your age followed by your gender as wither m or f e.g.23f. for gay men text your age followed by a g. e.g.23g.
ham,Good night my dear.. Sleepwell&amp;Take care,44,0,good night my dear.. sleepwell&amp;take care
ham,That is wondarfull song,23,0,that is wondarfull song
spam,"FreeMsg: Claim ur 250 SMS messages-Text OK to 84025 now!Use web2mobile 2 ur mates etc. Join Txt250.com for 1.50p/wk. T&C BOX139, LA32WU. 16 . Remove txtX or stop",161,1,"freemsg: claim ur 250 sms messages-text ok to 84025 now!use web2mobile 2 ur mates etc. join txt250.com for 1.50p/wk. t&c box139, la32wu. 16 . remove txtx or stop"
ham,Yar lor actually we quite fast... Cos da ge slow wat... Haha...,63,0,yar lor actually we quite fast... cos da ge slow wat... haha...
ham,Must come later.. I normally bathe him in da afternoon mah..,60,0,must come later.. i normally bathe him in da afternoon mah..
ham,"Trust me. Even if isn't there, its there.",41,0,"trust me. even if isn't there, its there."
ham,Hey hun-onbus goin 2 meet him. He wants 2go out 4a meal but I donyt feel like it cuz have 2 get last bus home!But hes sweet latelyxxx,133,0,hey hun-onbus goin 2 meet him. he wants 2go out 4a meal but i donyt feel like it cuz have 2 get last bus home!but hes sweet latelyxxx
spam,85233 FREE>Ringtone!Reply REAL,30,1,85233 free>ringtone!reply real
ham,I can take you at like noon,27,0,i can take you at like noon
ham,Where is it. Is there any opening for mca.,42,0,where is it. is there any opening for mca.
ham,I'm aight. Wat's happening on your side.,40,0,i'm aight. wat's happening on your side.
ham,I'm done oredi...,17,0,i'm done oredi...
ham,"you are sweet as well, princess. Please tell me your likes and dislikes in bed...",81,0,"you are sweet as well, princess. please tell me your likes and dislikes in bed..."
ham,How are you. Wish you a great semester,38,0,how are you. wish you a great semester
ham,Moji i love you more than words. Have a rich day,48,0,moji i love you more than words. have a rich day
ham,Dude how do you like the buff wind.,35,0,dude how do you like the buff wind.
ham,"alright babe, justthought id sayhey! how u doin?nearly the endof me wk offdam nevamind!We will have 2Hook up sn if uwant m8? loveJen x.",136,0,"alright babe, justthought id sayhey! how u doin?nearly the endof me wk offdam nevamind!we will have 2hook up sn if uwant m8? lovejen x."
spam,Well done ENGLAND! Get the official poly ringtone or colour flag on yer mobile! text TONE or FLAG to 84199 NOW! Opt-out txt ENG STOP. Box39822 W111WX £1.50,155,1,well done england! get the official poly ringtone or colour flag on yer mobile! text tone or flag to 84199 now! opt-out txt eng stop. box39822 w111wx £1.50
ham,"No i'm not. I can't give you everything you want and need. You actually could do better for yourself on yor own--you've got more money than i do. I can't get work, i can't get a man, i can't pay the rent, i can't even fill my fucking gas tank. yes, i'm stressed and depressed. I didn't even call home for thanksgiving cuz i'll have to tell them i,m up to nothing.",363,0,"no i'm not. i can't give you everything you want and need. you actually could do better for yourself on yor own--you've got more money than i do. i can't get work, i can't get a man, i can't pay the rent, i can't even fill my fucking gas tank. yes, i'm stressed and depressed. i didn't even call home for thanksgiving cuz i'll have to tell them i,m up to nothing."
ham,S:-)kallis wont play in first two odi:-),40,0,s:-)kallis wont play in first two odi:-)
ham,Then get some cash together and I'll text jason,47,0,then get some cash together and i'll text jason
ham,"Oh, my love, it's soooo good to hear from you. Omg I missed you so much today. I'm sorry your having problems with the provider but thank you for tming me",154,0,"oh, my love, it's soooo good to hear from you. omg i missed you so much today. i'm sorry your having problems with the provider but thank you for tming me"
spam,"Final Chance! Claim ur £150 worth of discount vouchers today! Text YES to 85023 now! SavaMob, member offers mobile! T Cs SavaMob POBOX84, M263UZ. £3.00 Subs 16",159,1,"final chance! claim ur £150 worth of discount vouchers today! text yes to 85023 now! savamob, member offers mobile! t cs savamob pobox84, m263uz. £3.00 subs 16"
ham,"Probably, want to pick up more?",31,0,"probably, want to pick up more?"
ham,I'm done...,11,0,i'm done...
ham,Are you the cutest girl in the world or what,44,0,are you the cutest girl in the world or what
ham,"No dice, art class 6 thru 9 :( thanks though. Any idea what time I should come tomorrow?",88,0,"no dice, art class 6 thru 9 :( thanks though. any idea what time i should come tomorrow?"
spam,"SMS SERVICES. for your inclusive text credits, pls goto www.comuk.net login= ***** unsubscribe with STOP. no extra charge. help:08700469649. PO BOX420. IP4 5WE",159,1,"sms services. for your inclusive text credits, pls goto www.comuk.net login= ***** unsubscribe with stop. no extra charge. help:08700469649. po box420. ip4 5we"
ham,Oh Howda gud gud.. Mathe en samachara chikku:-),47,0,oh howda gud gud.. mathe en samachara chikku:-)
ham,I thk 530 lor. But dunno can get tickets a not. Wat u doing now?,64,0,i thk 530 lor. but dunno can get tickets a not. wat u doing now?
ham,Audrie lousy autocorrect,24,0,audrie lousy autocorrect
ham,Its a site to simulate the test. It just gives you very tough questions to test your readiness.,95,0,its a site to simulate the test. it just gives you very tough questions to test your readiness.
ham,Anyway seriously hit me up when you're back because otherwise I have to light up with armand and he always has shit and/or is vomiting,134,0,anyway seriously hit me up when you're back because otherwise i have to light up with armand and he always has shit and/or is vomiting
ham,I fetch yun or u fetch?,23,0,i fetch yun or u fetch?
ham,Thank you. I like you as well...,32,0,thank you. i like you as well...
ham,"Hmmm ... And imagine after you've come home from that having to rub my feet, make me dinner and help me get ready for my date ! Are you sure your ready for that kind of life ?",175,0,"hmmm ... and imagine after you've come home from that having to rub my feet, make me dinner and help me get ready for my date ! are you sure your ready for that kind of life ?"
ham,Lara said she can loan me  &lt;#&gt; .,38,0,lara said she can loan me  &lt;#&gt; .
ham,Do we have any spare power supplies,35,0,do we have any spare power supplies
ham,Yar he quite clever but aft many guesses lor. He got ask me 2 bring but i thk darren not so willing 2 go. Aiya they thk leona still not attach wat.,147,0,yar he quite clever but aft many guesses lor. he got ask me 2 bring but i thk darren not so willing 2 go. aiya they thk leona still not attach wat.
spam,You are a winner you have been specially selected to receive £1000 cash or a £2000 award. Speak to a live operator to claim call 087123002209am-7pm. Cost 10p,157,1,you are a winner you have been specially selected to receive £1000 cash or a £2000 award. speak to a live operator to claim call 087123002209am-7pm. cost 10p
ham,"Yeah, don't go to bed, I'll be back before midnight",51,0,"yeah, don't go to bed, i'll be back before midnight"
spam,"Sunshine Hols. To claim ur med holiday send a stamped self address envelope to Drinks on Us UK, PO Box 113, Bray, Wicklow, Eire. Quiz Starts Saturday! Unsub Stop",161,1,"sunshine hols. to claim ur med holiday send a stamped self address envelope to drinks on us uk, po box 113, bray, wicklow, eire. quiz starts saturday! unsub stop"
ham,Well I wasn't available as I washob nobbing with last night so they had to ask Nickey Platt instead of me!;,107,0,well i wasn't available as i washob nobbing with last night so they had to ask nickey platt instead of me!;
ham,"It's that time of the week again, ryan",38,0,"it's that time of the week again, ryan"
ham,Wish u many many returns of the day.. Happy birthday vikky..,60,0,wish u many many returns of the day.. happy birthday vikky..
spam,"U can WIN £100 of Music Gift Vouchers every week starting NOW Txt the word DRAW to 87066 TsCs www.Idew.com SkillGame, 1Winaweek, age16. 150ppermessSubscription",159,1,"u can win £100 of music gift vouchers every week starting now txt the word draw to 87066 tscs www.idew.com skillgame, 1winaweek, age16. 150ppermesssubscription"
ham,I hope you know I'm still mad at you.,37,0,i hope you know i'm still mad at you.
ham,"Argh my 3g is spotty, anyway the only thing I remember from the research we did was that province and sterling were the only problem-free places we looked at",157,0,"argh my 3g is spotty, anyway the only thing i remember from the research we did was that province and sterling were the only problem-free places we looked at"
ham,In xam hall boy asked girl Tell me the starting term for dis answer I can den manage on my own After lot of hesitation n lookin around silently she said THE! intha ponnungale ipaditan;),185,0,in xam hall boy asked girl tell me the starting term for dis answer i can den manage on my own after lot of hesitation n lookin around silently she said the! intha ponnungale ipaditan;)
ham,Do you know when the result.,28,0,do you know when the result.
ham,"Sorry im getting up now, feel really bad- totally rejected that kinda me thing.",79,0,"sorry im getting up now, feel really bad- totally rejected that kinda me thing."
ham,You do got a shitload of diamonds though,40,0,you do got a shitload of diamonds though
ham,Tessy..pls do me a favor. Pls convey my birthday wishes to Nimya..pls dnt forget it. Today is her birthday Shijas,113,0,tessy..pls do me a favor. pls convey my birthday wishes to nimya..pls dnt forget it. today is her birthday shijas
ham,Well I'm going to be an aunty!,30,0,well i'm going to be an aunty!
ham,Mine here like all fr china then so noisy.,42,0,mine here like all fr china then so noisy.
ham,Later i guess. I needa do mcat study too.,41,0,later i guess. i needa do mcat study too.
ham,S...from the training manual it show there is no tech process:)its all about password reset and troubleshooting:),113,0,s...from the training manual it show there is no tech process:)its all about password reset and troubleshooting:)
spam,Your B4U voucher w/c 27/03 is MARSMS. Log onto www.B4Utele.com for discount credit. To opt out reply stop. Customer care call 08717168528,137,1,your b4u voucher w/c 27/03 is marsms. log onto www.b4utele.com for discount credit. to opt out reply stop. customer care call 08717168528
ham,"Spoke with uncle john today. He strongly feels that you need to sacrifice to keep me here. He's going to call you. When he does, i beg you to just listen. Dont make any promises or make it clear things are not easy. And i need you to please let us work things out. As long as i keep expecting help, my creativity will be stifled so pls just keep him happy, no promises on your part.",382,0,"spoke with uncle john today. he strongly feels that you need to sacrifice to keep me here. he's going to call you. when he does, i beg you to just listen. dont make any promises or make it clear things are not easy. and i need you to please let us work things out. as long as i keep expecting help, my creativity will be stifled so pls just keep him happy, no promises on your part."
ham,"Carlos took a while (again), we leave in a minute",49,0,"carlos took a while (again), we leave in a minute"
ham,Well done and ! luv ya all ,27,0,well done and ! luv ya all 
ham,Then why you came to hostel.,28,0,then why you came to hostel.
ham,K still are you loving me.,26,0,k still are you loving me.
ham,But i juz remembered i gotta bathe my dog today..,49,0,but i juz remembered i gotta bathe my dog today..
ham,After the drug she will be able to eat.,39,0,after the drug she will be able to eat.
ham,Alright took the morphine. Back in yo.,38,0,alright took the morphine. back in yo.
ham,You see the requirements please,31,0,you see the requirements please
ham,You stayin out of trouble stranger!!saw Dave the other day hes sorted now!still with me bloke when u gona get a girl MR!ur mum still Thinks we will get 2GETHA! ,161,0,you stayin out of trouble stranger!!saw dave the other day hes sorted now!still with me bloke when u gona get a girl mr!ur mum still thinks we will get 2getha! 
spam,FreeMsg: Hey - I'm Buffy. 25 and love to satisfy men. Home alone feeling randy. Reply 2 C my PIX! QlynnBV Help08700621170150p a msg Send stop to stop txts,154,1,freemsg: hey - i'm buffy. 25 and love to satisfy men. home alone feeling randy. reply 2 c my pix! qlynnbv help08700621170150p a msg send stop to stop txts
ham,So can collect ur laptop?,25,0,so can collect ur laptop?
ham,"Ok. Can be later showing around 8-8:30 if you want + cld have drink before. Wld prefer not to spend money on nosh if you don't mind, as doing that nxt wk.",154,0,"ok. can be later showing around 8-8:30 if you want + cld have drink before. wld prefer not to spend money on nosh if you don't mind, as doing that nxt wk."
ham,I will once i get home,22,0,i will once i get home
ham,Waaaat?? Lololo ok next time then!,34,0,waaaat?? lololo ok next time then!
ham,"The table's occupied, I'm waiting by the tree",45,0,"the table's occupied, i'm waiting by the tree"
ham,I surely dont forgot to come:)i will always be in touch in with you:-),70,0,i surely dont forgot to come:)i will always be in touch in with you:-)
ham,Hi kindly give us back our documents which we submitted for loan from STAPATI,77,0,hi kindly give us back our documents which we submitted for loan from stapati
ham,I dont have i shall buy one dear,32,0,i dont have i shall buy one dear
ham,Oh god i am happy to see your message after 3 days,50,0,oh god i am happy to see your message after 3 days
ham,What year. And how many miles.,30,0,what year. and how many miles.
ham,Hey cutie. How goes it? Here in WALES its kinda ok. There is like hills and shit but i still avent killed myself. ,114,0,hey cutie. how goes it? here in wales its kinda ok. there is like hills and shit but i still avent killed myself. 
ham,"Sad story of a Man - Last week was my b'day. My Wife did'nt wish me. My Parents forgot n so did my Kids . I went to work. Even my Colleagues did not wish. As I entered my cabin my PA said, '' Happy B'day Boss !!''. I felt special. She askd me 4 lunch. After lunch she invited me to her apartment. We went there. She said,'' do u mind if I go into the bedroom for a minute ? '' ''OK'', I sed in a sexy mood. She came out 5 minuts latr wid a cake...n My Wife, My Parents, My Kidz, My Friends n My Colleagues. All screaming.. SURPRISE !! and I was waiting on the sofa.. ... ..... ' NAKED...!",588,0,"sad story of a man - last week was my b'day. my wife did'nt wish me. my parents forgot n so did my kids . i went to work. even my colleagues did not wish. as i entered my cabin my pa said, '' happy b'day boss !!''. i felt special. she askd me 4 lunch. after lunch she invited me to her apartment. we went there. she said,'' do u mind if i go into the bedroom for a minute ? '' ''ok'', i sed in a sexy mood. she came out 5 minuts latr wid a cake...n my wife, my parents, my kidz, my friends n my colleagues. all screaming.. surprise !! and i was waiting on the sofa.. ... ..... ' naked...!"
ham,I think you should go the honesty road. Call the bank tomorrow. Its the tough decisions that make us great people.,114,0,i think you should go the honesty road. call the bank tomorrow. its the tough decisions that make us great people.
spam,FREE for 1st week! No1 Nokia tone 4 ur mob every week just txt NOKIA to 87077 Get txting and tell ur mates. zed POBox 36504 W45WQ norm150p/tone 16+,147,1,free for 1st week! no1 nokia tone 4 ur mob every week just txt nokia to 87077 get txting and tell ur mates. zed pobox 36504 w45wq norm150p/tone 16+
ham,No. Its not specialisation. Can work but its slave labor. Will look for it this month sha cos no shakara 4 beggar.,114,0,no. its not specialisation. can work but its slave labor. will look for it this month sha cos no shakara 4 beggar.
ham,Is she replying. Has boye changed his phone number,50,0,is she replying. has boye changed his phone number
ham,hi my darlin im on my way to London and we have just been smashed into by another driver! and have a big dent! im really missing u what have u been up to? xxx,158,0,hi my darlin im on my way to london and we have just been smashed into by another driver! and have a big dent! im really missing u what have u been up to? xxx
ham,"Nothing really, just making sure everybody's up to speed",56,0,"nothing really, just making sure everybody's up to speed"
ham,I'm not coming home 4 dinner.,29,0,i'm not coming home 4 dinner.
ham,"Thank you. And by the way, I just lost.",39,0,"thank you. and by the way, i just lost."
ham,Yes.he have good crickiting mind,32,0,yes.he have good crickiting mind
ham,Thx. All will be well in a few months,37,0,thx. all will be well in a few months
ham,"CAN I PLEASE COME UP NOW IMIN TOWN.DONTMATTER IF URGOIN OUTL8R,JUST REALLYNEED 2DOCD.PLEASE DONTPLEASE DONTIGNORE MYCALLS,U NO THECD ISV.IMPORTANT TOME 4 2MORO",159,0,"can i please come up now imin town.dontmatter if urgoin outl8r,just reallyneed 2docd.please dontplease dontignore mycalls,u no thecd isv.important tome 4 2moro"
ham,I wont. So wat's wit the guys,29,0,i wont. so wat's wit the guys
ham,Yavnt tried yet and never played original either,48,0,yavnt tried yet and never played original either
ham,"Hiya, had a good day? Have you spoken to since the weekend?",59,0,"hiya, had a good day? have you spoken to since the weekend?"
ham,See? I thought it all through,29,0,see? i thought it all through
ham,get ready to moan and scream :),31,0,get ready to moan and scream :)
ham,Oh k :)why you got job then whats up?,37,0,oh k :)why you got job then whats up?
ham,"I don,t think so. You don't need to be going out that late on a school night. ESPECIALLY when the one class you have is the one you missed last wednesday and probably failed a test in on friday",193,0,"i don,t think so. you don't need to be going out that late on a school night. especially when the one class you have is the one you missed last wednesday and probably failed a test in on friday"
ham,And popping &lt;#&gt; ibuprofens was no help.,45,0,and popping &lt;#&gt; ibuprofens was no help.
ham,"Babe ! How goes that day ? What are you doing ? Where are you ? I sip my cappuccino and think of you, my love ... I send a kiss to you from across the sea",154,0,"babe ! how goes that day ? what are you doing ? where are you ? i sip my cappuccino and think of you, my love ... i send a kiss to you from across the sea"
ham,Ok.,3,0,ok.
ham,PS U no ur a grown up now right?,32,0,ps u no ur a grown up now right?
ham,"Chinatown got porridge, claypot rice, yam cake, fishhead beehoon... Either we eat cheap den go cafe n tok or go nydc or somethin...",131,0,"chinatown got porridge, claypot rice, yam cake, fishhead beehoon... either we eat cheap den go cafe n tok or go nydc or somethin..."
ham,I know a few people I can hit up and fuck to the yes,52,0,i know a few people i can hit up and fuck to the yes
ham,Purity of friendship between two is not about smiling after reading the forwarded message..Its about smiling just by seeing the name. Gud evng,142,0,purity of friendship between two is not about smiling after reading the forwarded message..its about smiling just by seeing the name. gud evng
ham,So is there anything specific I should be doing with regards to jaklin or what because idk what the fuck,104,0,so is there anything specific i should be doing with regards to jaklin or what because idk what the fuck
ham,Oh god. I'm gonna Google nearby cliffs now.,43,0,oh god. i'm gonna google nearby cliffs now.
spam,FREE camera phones with linerental from 4.49/month with 750 cross ntwk mins. 1/2 price txt bundle deals also avble. Call 08001950382 or call2optout/J MF,152,1,free camera phones with linerental from 4.49/month with 750 cross ntwk mins. 1/2 price txt bundle deals also avble. call 08001950382 or call2optout/j mf
ham,Yup i shd haf ard 10 pages if i add figures... Ü all got how many pages?,72,0,yup i shd haf ard 10 pages if i add figures... ü all got how many pages?
ham,"Ooh, 4got, i'm gonna start belly dancing in moseley weds 6.30 if u want 2 join me, they have a cafe too. ",105,0,"ooh, 4got, i'm gonna start belly dancing in moseley weds 6.30 if u want 2 join me, they have a cafe too. "
ham,Thankyou so much for the call. I appreciate your care.,54,0,thankyou so much for the call. i appreciate your care.
ham,Congrats ! Treat pending.i am not on mail for 2 days.will mail once thru.Respect mother at home.check mails.,108,0,congrats ! treat pending.i am not on mail for 2 days.will mail once thru.respect mother at home.check mails.
ham,I called but no one pick up e phone. I ask both of them already they said ok.,77,0,i called but no one pick up e phone. i ask both of them already they said ok.
ham,Hi my email address has changed now it is ,42,0,hi my email address has changed now it is 
ham,"V-aluable. A-ffectionate. L-oveable. E-ternal. N-oble. T-ruthful. I-ntimate. N-atural. E-namous. Happy ""VALENTINES DAY"" in advance",130,0,"v-aluable. a-ffectionate. l-oveable. e-ternal. n-oble. t-ruthful. i-ntimate. n-atural. e-namous. happy ""valentines day"" in advance"
ham,"Not much, just some textin'. How bout you?",42,0,"not much, just some textin'. how bout you?"
ham,Bring it if you got it,22,0,bring it if you got it
ham,I'm in a movie. Call me 4 wat?,30,0,i'm in a movie. call me 4 wat?
ham,Not sure I have the stomach for it ...,38,0,not sure i have the stomach for it ...
ham,Haha... can... But i'm having dinner with my cousin...,54,0,haha... can... but i'm having dinner with my cousin...
ham,"A boy was late 2 home. His father: ""POWER OF FRNDSHIP""",54,0,"a boy was late 2 home. his father: ""power of frndship"""
ham,"(And my man carlos is definitely coming by mu tonight, no excuses)",66,0,"(and my man carlos is definitely coming by mu tonight, no excuses)"
ham,soon you will have the real thing princess! Do i make you wet? :),65,0,soon you will have the real thing princess! do i make you wet? :)
ham,Raji..pls do me a favour. Pls convey my Birthday wishes to Nimya. Pls. Today is her birthday.,93,0,raji..pls do me a favour. pls convey my birthday wishes to nimya. pls. today is her birthday.
ham,"Haha, my legs and neck are killing me and my amigos are hoping to end the night with a burn, think I could swing by in like an hour?",132,0,"haha, my legs and neck are killing me and my amigos are hoping to end the night with a burn, think i could swing by in like an hour?"
spam,"URGENT! Your mobile No 07xxxxxxxxx won a £2,000 bonus caller prize on 02/06/03! this is the 2nd attempt to reach YOU! call 09066362231 ASAP! BOX97N7QP, 150PPM",158,1,"urgent! your mobile no 07xxxxxxxxx won a £2,000 bonus caller prize on 02/06/03! this is the 2nd attempt to reach you! call 09066362231 asap! box97n7qp, 150ppm"
ham,Usually the body takes care of it buy making sure it doesnt progress. Can we pls continue this talk on saturday.,112,0,usually the body takes care of it buy making sure it doesnt progress. can we pls continue this talk on saturday.
spam,"URGENT!! Your 4* Costa Del Sol Holiday or £5000 await collection. Call 09050090044 Now toClaim. SAE, TC s, POBox334, Stockport, SK38xh, Cost£1.50/pm, Max10mins",159,1,"urgent!! your 4* costa del sol holiday or £5000 await collection. call 09050090044 now toclaim. sae, tc s, pobox334, stockport, sk38xh, cost£1.50/pm, max10mins"
ham,"Hmm well, night night ",22,0,"hmm well, night night "
ham,Just wanted to say holy shit you guys weren't kidding about this bud,68,0,just wanted to say holy shit you guys weren't kidding about this bud
ham,"Just gettin a bit arty with my collages at the mo, well tryin 2 ne way! Got a roast in a min lovely i shall enjoy that!",119,0,"just gettin a bit arty with my collages at the mo, well tryin 2 ne way! got a roast in a min lovely i shall enjoy that!"
ham,"This is one of the days you have a billion classes, right?",58,0,"this is one of the days you have a billion classes, right?"
ham,"Goodmorning, today i am late for 2hrs. Because of back pain.",60,0,"goodmorning, today i am late for 2hrs. because of back pain."
ham,Ok then i'll let him noe later n ask him call u tmr...,54,0,ok then i'll let him noe later n ask him call u tmr...
ham,OK i'm waliking ard now... Do u wan me 2 buy anything go ur house?,66,0,ok i'm waliking ard now... do u wan me 2 buy anything go ur house?
ham,* Will have two more cartons off u and is very pleased with shelves,67,0,* will have two more cartons off u and is very pleased with shelves
ham,Nice talking to you! please dont forget my pix :) i want to see all of you...,77,0,nice talking to you! please dont forget my pix :) i want to see all of you...
spam,You have WON a guaranteed £1000 cash or a £2000 prize. To claim yr prize call our customer service representative on 08714712379 between 10am-7pm Cost 10p,154,1,you have won a guaranteed £1000 cash or a £2000 prize. to claim yr prize call our customer service representative on 08714712379 between 10am-7pm cost 10p
ham,But really quite funny lor wat... Then u shd haf run shorter distance wat...,76,0,but really quite funny lor wat... then u shd haf run shorter distance wat...
ham,I notice you like looking in the shit mirror youre turning into a right freak,77,0,i notice you like looking in the shit mirror youre turning into a right freak
ham,Great. I was getting worried about you. Just know that a wonderful and caring person like you will have only the best in life. Know that u r wonderful and God's love is yours.,175,0,great. i was getting worried about you. just know that a wonderful and caring person like you will have only the best in life. know that u r wonderful and god's love is yours.
spam,"Thanks for your ringtone order, ref number K718. Your mobile will be charged £4.50. Should your tone not arrive please call customer services on 09065069120",156,1,"thanks for your ringtone order, ref number k718. your mobile will be charged £4.50. should your tone not arrive please call customer services on 09065069120"
ham,"I prefer my free days... Tues, wed, fri oso can... Ü ask those workin lor...",76,0,"i prefer my free days... tues, wed, fri oso can... ü ask those workin lor..."
ham,Alrite jod hows the revision goin? Keris bin doin a smidgin. N e way u wanna cum over after college?xx,102,0,alrite jod hows the revision goin? keris bin doin a smidgin. n e way u wanna cum over after college?xx
ham,If you have belive me. Come to my home.,39,0,if you have belive me. come to my home.
ham,Oh k.k..where did you take test?,32,0,oh k.k..where did you take test?
ham,Those were my exact intentions,30,0,those were my exact intentions
ham,haha but no money leh... Later got to go for tuition... Haha and looking for empty slots for driving lessons,108,0,haha but no money leh... later got to go for tuition... haha and looking for empty slots for driving lessons
ham,"Hey... Thk we juz go accordin to wat we discussed yest lor, except no kb on sun... Cos there's nt much lesson to go if we attend kb on sat...",141,0,"hey... thk we juz go accordin to wat we discussed yest lor, except no kb on sun... cos there's nt much lesson to go if we attend kb on sat..."
ham,"K, wen ur free come to my home and also tel vikky i hav sent mail to him also.. Better come evening il be free today aftr 6pm..:-)",130,0,"k, wen ur free come to my home and also tel vikky i hav sent mail to him also.. better come evening il be free today aftr 6pm..:-)"
ham,Nothing just getting msgs by dis name wit different no's..,58,0,nothing just getting msgs by dis name wit different no's..
ham,What's your room number again? Wanna make sure I'm knocking on the right door,77,0,what's your room number again? wanna make sure i'm knocking on the right door
ham,"Si.como no?!listened2the plaid album-quite gd&the new air1 which is hilarious-also boughtbraindancea comp.ofstuff on aphexs ;abel,u hav2hear it!c u sn xxxx",158,0,"si.como no?!listened2the plaid album-quite gd&the new air1 which is hilarious-also boughtbraindancea comp.ofstuff on aphexs ;abel,u hav2hear it!c u sn xxxx"
ham,Pls tell nelson that the bb's are no longer comin. The money i was expecting aint coming,88,0,pls tell nelson that the bb's are no longer comin. the money i was expecting aint coming
ham,"Give her something to drink, if she takes it and doesn't vomit then you her temp might drop. If she unmits however let me know.",127,0,"give her something to drink, if she takes it and doesn't vomit then you her temp might drop. if she unmits however let me know."
ham,Think you sent the text to the home phone. That cant display texts. If you still want to send it his number is,110,0,think you sent the text to the home phone. that cant display texts. if you still want to send it his number is
ham,Every day i use to sleep after  &lt;#&gt;  so only.,51,0,every day i use to sleep after  &lt;#&gt;  so only.
ham,K I'll call you when I'm close,30,0,k i'll call you when i'm close
ham,U buy newspapers already?,25,0,u buy newspapers already?
ham,Nope wif my sis lor... Aft bathing my dog then i can bathe... Looks like it's going 2 rain soon.,96,0,nope wif my sis lor... aft bathing my dog then i can bathe... looks like it's going 2 rain soon.
ham,Boo I'm on my way to my moms. She's making tortilla soup. Yummmm,64,0,boo i'm on my way to my moms. she's making tortilla soup. yummmm
ham,No management puzzeles.,23,0,no management puzzeles.
ham,How did you find out in a way that didn't include all of these details,70,0,how did you find out in a way that didn't include all of these details
spam,"Hi ya babe x u 4goten bout me?' scammers getting smart..Though this is a regular vodafone no, if you respond you get further prem rate msg/subscription. Other nos used also. Beware!",181,1,"hi ya babe x u 4goten bout me?' scammers getting smart..though this is a regular vodafone no, if you respond you get further prem rate msg/subscription. other nos used also. beware!"
spam,Back 2 work 2morro half term over! Can U C me 2nite 4 some sexy passion B4 I have 2 go back? Chat NOW 09099726481 Luv DENA Calls £1/minMobsmoreLKPOBOX177HP51FL,159,1,back 2 work 2morro half term over! can u c me 2nite 4 some sexy passion b4 i have 2 go back? chat now 09099726481 luv dena calls £1/minmobsmorelkpobox177hp51fl
ham,will you like to be spoiled? :),31,0,will you like to be spoiled? :)
spam,"Thanks for your ringtone order, ref number R836. Your mobile will be charged £4.50. Should your tone not arrive please call customer services on 09065069154",156,1,"thanks for your ringtone order, ref number r836. your mobile will be charged £4.50. should your tone not arrive please call customer services on 09065069154"
ham,I am getting threats from your sales executive Shifad as i raised complaint against him. Its an official message.,113,0,i am getting threats from your sales executive shifad as i raised complaint against him. its an official message.
ham,hope things went well at 'doctors' ;) reminds me i still need 2go.did u c d little thing i left in the lounge?,110,0,hope things went well at 'doctors' ;) reminds me i still need 2go.did u c d little thing i left in the lounge?
ham,Den wat will e schedule b lk on sun?,36,0,den wat will e schedule b lk on sun?
ham,Lol enjoy role playing much?,28,0,lol enjoy role playing much?
ham,Ok. Me watching tv too.,23,0,ok. me watching tv too.
ham,"I just lov this line: ""Hurt me with the truth, I don't mind,i wil tolerat.bcs ur my someone..... But, Never comfort me with a lie"" gud ni8 and sweet dreams",155,0,"i just lov this line: ""hurt me with the truth, i don't mind,i wil tolerat.bcs ur my someone..... but, never comfort me with a lie"" gud ni8 and sweet dreams"
ham,"Just checked out, heading out to drop off my stuff now",54,0,"just checked out, heading out to drop off my stuff now"
ham,Here got lots of hair dresser fr china.,39,0,here got lots of hair dresser fr china.
ham,Sad story of a Man - Last week was my b'day. My Wife did'nt wish me. My Parents forgot n so did my Kids . I went to work. Even my Colleagues did not wish.,154,0,sad story of a man - last week was my b'day. my wife did'nt wish me. my parents forgot n so did my kids . i went to work. even my colleagues did not wish.
ham,Ill call you evening ill some ideas.,36,0,ill call you evening ill some ideas.
spam,SplashMobile: Choose from 1000s of gr8 tones each wk! This is a subscrition service with weekly tones costing 300p. U have one credit - kick back and ENJOY,155,1,splashmobile: choose from 1000s of gr8 tones each wk! this is a subscrition service with weekly tones costing 300p. u have one credit - kick back and enjoy
ham,Did you show him and wot did he say or could u not c him 4 dust?,64,0,did you show him and wot did he say or could u not c him 4 dust?
ham,It should take about  &lt;#&gt;  min,36,0,it should take about  &lt;#&gt;  min
spam,Not heard from U4 a while. Call 4 rude chat private line 01223585334 to cum. Wan 2C pics of me gettin shagged then text PIX to 8552. 2End send STOP 8552 SAM xxx,160,1,not heard from u4 a while. call 4 rude chat private line 01223585334 to cum. wan 2c pics of me gettin shagged then text pix to 8552. 2end send stop 8552 sam xxx
spam,<Forwarded from 88877>FREE entry into our £250 weekly comp just send the word ENTER to 88877 NOW. 18 T&C www.textcomp.com,121,1,<forwarded from 88877>free entry into our £250 weekly comp just send the word enter to 88877 now. 18 t&c www.textcomp.com
ham,Finish liao... U?,17,0,finish liao... u?
spam,88066 FROM 88066 LOST 3POUND HELP,33,1,88066 from 88066 lost 3pound help
ham,Haha i think i did too,22,0,haha i think i did too
ham,U know we watchin at lido?,26,0,u know we watchin at lido?
ham,Life spend with someone for a lifetime may be meaningless but a few moments spent with someone who really love you means more than life itself..,144,0,life spend with someone for a lifetime may be meaningless but a few moments spent with someone who really love you means more than life itself..
ham,"Haha awesome, I've been to 4u a couple times. Who all's coming?",63,0,"haha awesome, i've been to 4u a couple times. who all's coming?"
ham,Cold. Dont be sad dear,22,0,cold. dont be sad dear
ham,Think I could stop by in like an hour or so? My roommate's looking to stock up for a trip,89,0,think i could stop by in like an hour or so? my roommate's looking to stock up for a trip
ham,Is that on the telly? No its Brdget Jones!,42,0,is that on the telly? no its brdget jones!
ham,Hello! How r u? Im bored. Inever thought id get bored with the tv but I am. Tell me something exciting has happened there? Anything! =/,135,0,hello! how r u? im bored. inever thought id get bored with the tv but i am. tell me something exciting has happened there? anything! =/
ham,Hmm...Bad news...Hype park plaza $700 studio taken...Only left 2 bedrm-$900...,78,0,hmm...bad news...hype park plaza $700 studio taken...only left 2 bedrm-$900...
ham,"Sorry, I'll call later in meeting",33,0,"sorry, i'll call later in meeting"
ham,R ü comin back for dinner?,26,0,r ü comin back for dinner?
ham,"I hav almost reached. Call, i m unable to connect u.",52,0,"i hav almost reached. call, i m unable to connect u."
ham,Whom you waited for yesterday,29,0,whom you waited for yesterday
ham,I reach home safe n sound liao...,33,0,i reach home safe n sound liao...
ham,"Velly good, yes please!",23,0,"velly good, yes please!"
ham,"Hi, wkend ok but journey terrible. Wk not good as have huge back log of marking to do",85,0,"hi, wkend ok but journey terrible. wk not good as have huge back log of marking to do"
ham,I have had two more letters from . I will copy them for you cos one has a message for you. Speak soon,101,0,i have had two more letters from . i will copy them for you cos one has a message for you. speak soon
ham,Alex knows a guy who sells mids but he's down in south tampa and I don't think I could set it up before like 8,110,0,alex knows a guy who sells mids but he's down in south tampa and i don't think i could set it up before like 8
ham,Dont you have message offer,27,0,dont you have message offer
spam,Had your mobile 11mths ? Update for FREE to Oranges latest colour camera mobiles & unlimited weekend calls. Call Mobile Upd8 on freefone 08000839402 or 2StopTx,159,1,had your mobile 11mths ? update for free to oranges latest colour camera mobiles & unlimited weekend calls. call mobile upd8 on freefone 08000839402 or 2stoptx
ham,"HEY THERE BABE, HOW U DOIN? WOT U UP 2 2NITE LOVE ANNIE X.",58,0,"hey there babe, how u doin? wot u up 2 2nite love annie x."
ham,Remind me how to get there and I shall do so,44,0,remind me how to get there and i shall do so
ham,:-( that's not v romantic!,26,0,:-( that's not v romantic!
ham,Hello. Damn this christmas thing. I think i have decided to keep this mp3 that doesnt work.,91,0,hello. damn this christmas thing. i think i have decided to keep this mp3 that doesnt work.
spam,You have 1 new message. Please call 08718738034.,48,1,you have 1 new message. please call 08718738034.
ham,HI DARLIN IM MISSIN U HOPE YOU ARE HAVING A GOOD TIME. WHEN ARE U BACK AND WHAT TIME IF U CAN GIVE ME A CALL AT HOME. JESS XX,125,0,hi darlin im missin u hope you are having a good time. when are u back and what time if u can give me a call at home. jess xx
spam,<Forwarded from 21870000>Hi - this is your Mailbox Messaging SMS alert. You have 4 messages. You have 21 matches. Please call back on 09056242159 to retrieve your messages and matches,183,1,<forwarded from 21870000>hi - this is your mailbox messaging sms alert. you have 4 messages. you have 21 matches. please call back on 09056242159 to retrieve your messages and matches
ham,Draw va?i dont think so:),25,0,draw va?i dont think so:)
ham,Dont pick up d call when something important is There to tell. Hrishi,69,0,dont pick up d call when something important is there to tell. hrishi
ham,Nothin comes to my mind. Ü help me buy hanger lor. Ur laptop not heavy?,71,0,nothin comes to my mind. ü help me buy hanger lor. ur laptop not heavy?
ham,"&lt;#&gt; , that's all? Guess that's easy enough",48,0,"&lt;#&gt; , that's all? guess that's easy enough"
ham,We can make a baby in yo tho,28,0,we can make a baby in yo tho
ham,Should I tell my friend not to come round til like  &lt;#&gt; ish?,66,0,should i tell my friend not to come round til like  &lt;#&gt; ish?
ham,Friendship poem: Dear O Dear U R Not Near But I Can Hear Dont Get Fear Live With Cheer No More Tear U R Always my Dear. Gud ni8,127,0,friendship poem: dear o dear u r not near but i can hear dont get fear live with cheer no more tear u r always my dear. gud ni8
ham,Still in the area of the restaurant. Ill try to come back soon,62,0,still in the area of the restaurant. ill try to come back soon
ham,"Aight that'll work, thanks",26,0,"aight that'll work, thanks"
spam,Moby Pub Quiz.Win a £100 High Street prize if u know who the new Duchess of Cornwall will be? Txt her first name to 82277.unsub STOP £1.50 008704050406 SP Arrow,160,1,moby pub quiz.win a £100 high street prize if u know who the new duchess of cornwall will be? txt her first name to 82277.unsub stop £1.50 008704050406 sp arrow
ham,"I have 2 sleeping bags, 1 blanket and paper and  phone details. Anything else?",78,0,"i have 2 sleeping bags, 1 blanket and paper and  phone details. anything else?"
spam,You have won a Nokia 7250i. This is what you get when you win our FREE auction. To take part send Nokia to 86021 now. HG/Suite342/2Lands Row/W1JHL 16+ ,151,1,you have won a nokia 7250i. this is what you get when you win our free auction. to take part send nokia to 86021 now. hg/suite342/2lands row/w1jhl 16+ 
spam,"Congratulations! Thanks to a good friend U have WON the £2,000 Xmas prize. 2 claim is easy, just call 08718726971 NOW! Only 10p per minute. BT-national-rate.",157,1,"congratulations! thanks to a good friend u have won the £2,000 xmas prize. 2 claim is easy, just call 08718726971 now! only 10p per minute. bt-national-rate."
spam,"tddnewsletter@emc1.co.uk (More games from TheDailyDraw) Dear Helen, Dozens of Free Games - with great prizesWith..",114,1,"tddnewsletter@emc1.co.uk (more games from thedailydraw) dear helen, dozens of free games - with great prizeswith.."
ham,So what do you guys do.,23,0,so what do you guys do.
ham,Also that chat was awesome but don't make it regular unless you can see her in person,85,0,also that chat was awesome but don't make it regular unless you can see her in person
ham,That's significant but dont worry.,34,0,that's significant but dont worry.
ham,That's cause your old. I live to be high.,41,0,that's cause your old. i live to be high.
ham,"Waqt se pehle or naseeb se zyada kisi ko kuch nahi milta,Zindgi wo nahi he jo hum sochte hai Zindgi wo hai jo ham jeetey hai..........",134,0,"waqt se pehle or naseeb se zyada kisi ko kuch nahi milta,zindgi wo nahi he jo hum sochte hai zindgi wo hai jo ham jeetey hai.........."
ham,On the way to office da..,25,0,on the way to office da..
ham,In which place do you want da.,30,0,in which place do you want da.
ham,This pain couldn't have come at a worse time.,45,0,this pain couldn't have come at a worse time.
ham,Should I be stalking u?,23,0,should i be stalking u?
ham,Sorry dude. Dont know how i forgot. Even after Dan reminded me. Sorry. Hope you guys had fun.,93,0,sorry dude. dont know how i forgot. even after dan reminded me. sorry. hope you guys had fun.
ham,Ok lor.,7,0,ok lor.
ham,Apps class varaya elaya.,24,0,apps class varaya elaya.
spam,"URGENT! Your mobile number *************** WON a £2000 Bonus Caller prize on 10/06/03! This is the 2nd attempt to reach you! Call 09066368753 ASAP! Box 97N7QP, 150ppm",166,1,"urgent! your mobile number *************** won a £2000 bonus caller prize on 10/06/03! this is the 2nd attempt to reach you! call 09066368753 asap! box 97n7qp, 150ppm"
ham,That day you asked about anand number. Why:-),45,0,that day you asked about anand number. why:-)
ham,Am surfing online store. For offers do you want to buy any thing.,65,0,am surfing online store. for offers do you want to buy any thing.
ham,Long beach lor. Expected... U having dinner now?,48,0,long beach lor. expected... u having dinner now?
ham,At home by the way,18,0,at home by the way
ham,We are both fine. Thanks,24,0,we are both fine. thanks
ham,What happen to her tell the truth,33,0,what happen to her tell the truth
ham,Do you like Italian food?,25,0,do you like italian food?
ham,Which is weird because I know I had it at one point,51,0,which is weird because i know i had it at one point
ham,Aww you must be nearly dead!Well Jez isComing over toDo some workAnd that whillTake forever!,92,0,aww you must be nearly dead!well jez iscoming over todo some workand that whilltake forever!
ham,Tell your friends what you plan to do on Valentines day @ &lt;URL&gt;,69,0,tell your friends what you plan to do on valentines day @ &lt;url&gt;
ham,"Alright, see you in a bit",25,0,"alright, see you in a bit"
ham,Cheers for the message Zogtorius. Ive been staring at my phone for an age deciding whether to text or not.,107,0,cheers for the message zogtorius. ive been staring at my phone for an age deciding whether to text or not.
ham,I will take care of financial problem.i will help:),51,0,i will take care of financial problem.i will help:)
ham,Tell dear what happen to you. Why you talking to me like an alian,65,0,tell dear what happen to you. why you talking to me like an alian
spam,Double your mins & txts on Orange or 1/2 price linerental - Motorola and SonyEricsson with B/Tooth FREE-Nokia FREE Call MobileUpd8 on 08000839402 or2optout/HV9D,160,1,double your mins & txts on orange or 1/2 price linerental - motorola and sonyericsson with b/tooth free-nokia free call mobileupd8 on 08000839402 or2optout/hv9d
ham,"Hi this is yijue, can i meet u at 11 tmr?",41,0,"hi this is yijue, can i meet u at 11 tmr?"
ham,Its posible dnt live in  &lt;#&gt; century cm frwd n thnk different,67,0,its posible dnt live in  &lt;#&gt; century cm frwd n thnk different
ham,But i dint slept in afternoon.,30,0,but i dint slept in afternoon.
ham,That seems unnecessarily affectionate,37,0,that seems unnecessarily affectionate
ham,Yar else i'll thk of all sorts of funny things.,47,0,yar else i'll thk of all sorts of funny things.
spam,"Download as many ringtones as u like no restrictions, 1000s 2 choose. U can even send 2 yr buddys. Txt Sir to 80082 £3 ",119,1,"download as many ringtones as u like no restrictions, 1000s 2 choose. u can even send 2 yr buddys. txt sir to 80082 £3 "
ham,Thats cool. How was your day?,29,0,thats cool. how was your day?
spam,Please CALL 08712402902 immediately as there is an urgent message waiting for you.,82,1,please call 08712402902 immediately as there is an urgent message waiting for you.
ham,R we going with the  &lt;#&gt;  bus?,36,0,r we going with the  &lt;#&gt;  bus?
ham,"Hello, my love ! How went your day ? Are you alright ? I think of you, my sweet and send a jolt to your heart to remind you ... I LOVE YOU! Can you hear it ? I screamed it across the sea for all the world to hear. Ahmad al Hallaq is loved ! and owned ! *possessive passionate kiss*",281,0,"hello, my love ! how went your day ? are you alright ? i think of you, my sweet and send a jolt to your heart to remind you ... i love you! can you hear it ? i screamed it across the sea for all the world to hear. ahmad al hallaq is loved ! and owned ! *possessive passionate kiss*"
ham,No..he joined today itself.,27,0,no..he joined today itself.
ham,Okay same with me. Well thanks for the clarification,52,0,okay same with me. well thanks for the clarification
ham,I'll talk to the others and probably just come early tomorrow then,66,0,i'll talk to the others and probably just come early tomorrow then
spam,"Spook up your mob with a Halloween collection of a logo & pic message plus a free eerie tone, txt CARD SPOOK to 8007 zed 08701417012150p per logo/pic",149,1,"spook up your mob with a halloween collection of a logo & pic message plus a free eerie tone, txt card spook to 8007 zed 08701417012150p per logo/pic"
ham,"Had the money issue weigh me down but thanks to you, I can breathe easier now. I.ll make sure you dont regret it. Thanks.",121,0,"had the money issue weigh me down but thanks to you, i can breathe easier now. i.ll make sure you dont regret it. thanks."
ham,Hi. I'm sorry i missed your call. Can you pls call back.,56,0,hi. i'm sorry i missed your call. can you pls call back.
spam,"Fantasy Football is back on your TV. Go to Sky Gamestar on Sky Active and play £250k Dream Team. Scoring starts on Saturday, so register now!SKY OPT OUT to 88088",161,1,"fantasy football is back on your tv. go to sky gamestar on sky active and play £250k dream team. scoring starts on saturday, so register now!sky opt out to 88088"
ham,Ok then no need to tell me anything i am going to sleep good night,66,0,ok then no need to tell me anything i am going to sleep good night
ham,Ok try to do week end course in coimbatore.,43,0,ok try to do week end course in coimbatore.
spam,Tone Club: Your subs has now expired 2 re-sub reply MONOC 4 monos or POLYC 4 polys 1 weekly @ 150p per week Txt STOP 2 stop This msg free Stream 0871212025016,158,1,tone club: your subs has now expired 2 re-sub reply monoc 4 monos or polyc 4 polys 1 weekly @ 150p per week txt stop 2 stop this msg free stream 0871212025016
ham,V nice! Off 2 sheffield tom 2 air my opinions on categories 2 b used 2 measure ethnicity in next census. Busy transcribing. :-),127,0,v nice! off 2 sheffield tom 2 air my opinions on categories 2 b used 2 measure ethnicity in next census. busy transcribing. :-)
ham,If you r @ home then come down within 5 min,43,0,if you r @ home then come down within 5 min
ham,"A Boy loved a gal. He propsd bt she didnt mind. He gv lv lttrs, Bt her frnds threw thm. Again d boy decided 2 aproach d gal , dt time a truck was speeding towards d gal. Wn it was about 2 hit d girl,d boy ran like hell n saved her. She asked 'hw cn u run so fast?' D boy replied ""Boost is d secret of my energy"" n instantly d girl shouted ""our energy"" n Thy lived happily 2gthr drinking boost evrydy Moral of d story:- I hv free msgs:D;): gud ni8",446,0,"a boy loved a gal. he propsd bt she didnt mind. he gv lv lttrs, bt her frnds threw thm. again d boy decided 2 aproach d gal , dt time a truck was speeding towards d gal. wn it was about 2 hit d girl,d boy ran like hell n saved her. she asked 'hw cn u run so fast?' d boy replied ""boost is d secret of my energy"" n instantly d girl shouted ""our energy"" n thy lived happily 2gthr drinking boost evrydy moral of d story:- i hv free msgs:d;): gud ni8"
ham,"That day ü say ü cut ur hair at paragon, is it called hair sense? Do ü noe how much is a hair cut? ",99,0,"that day ü say ü cut ur hair at paragon, is it called hair sense? do ü noe how much is a hair cut? "
ham,"Hmm, too many of them unfortunately... Pics obviously arent hot cakes. Its kinda fun tho",88,0,"hmm, too many of them unfortunately... pics obviously arent hot cakes. its kinda fun tho"
ham,Watching tv lor... Y she so funny we bluff her 4 wat. Izzit because she thk it's impossible between us?,103,0,watching tv lor... y she so funny we bluff her 4 wat. izzit because she thk it's impossible between us?
spam,XMAS Prize draws! We are trying to contact U. Todays draw shows that you have won a £2000 prize GUARANTEED. Call 09058094565 from land line. Valid 12hrs only,157,1,xmas prize draws! we are trying to contact u. todays draw shows that you have won a £2000 prize guaranteed. call 09058094565 from land line. valid 12hrs only
ham,Dunno lei he neva say...,24,0,dunno lei he neva say...
ham,Thanx 4 2day! U r a goodmate I THINK UR RITE SARY! ASUSUAL!1 U CHEERED ME UP! LOVE U FRANYxxxxx,95,0,thanx 4 2day! u r a goodmate i think ur rite sary! asusual!1 u cheered me up! love u franyxxxxx
ham,I'm on my way home. Went to change batt 4 my watch then go shop a bit lor.,74,0,i'm on my way home. went to change batt 4 my watch then go shop a bit lor.
spam,YES! The only place in town to meet exciting adult singles is now in the UK. Txt CHAT to 86688 now! 150p/Msg.,109,1,yes! the only place in town to meet exciting adult singles is now in the uk. txt chat to 86688 now! 150p/msg.
ham,"Hi, Mobile no.  &lt;#&gt;  has added you in their contact list on www.fullonsms.com It s a great place to send free sms to people For more visit fullonsms.com",158,0,"hi, mobile no.  &lt;#&gt;  has added you in their contact list on www.fullonsms.com it s a great place to send free sms to people for more visit fullonsms.com"
ham,"Good evening Sir, hope you are having a nice day. I wanted to bring it to your notice that I have been late in paying rent for the past few months and have had to pay a $ &lt;#&gt;  charge. I felt it would be inconsiderate of me to nag about something you give at great cost to yourself and that's why i didnt speak up. I however am in a recession and wont be able to pay the charge this month hence my askin well ahead of month's end. Can you please help. Thank you for everything.",482,0,"good evening sir, hope you are having a nice day. i wanted to bring it to your notice that i have been late in paying rent for the past few months and have had to pay a $ &lt;#&gt;  charge. i felt it would be inconsiderate of me to nag about something you give at great cost to yourself and that's why i didnt speak up. i however am in a recession and wont be able to pay the charge this month hence my askin well ahead of month's end. can you please help. thank you for everything."
ham,"If i let you do this, i want you in the house by 8am.",53,0,"if i let you do this, i want you in the house by 8am."
ham,"Best line said in Love: . ""I will wait till the day I can forget u Or The day u realize that u cannot forget me.""... Gn",119,0,"best line said in love: . ""i will wait till the day i can forget u or the day u realize that u cannot forget me.""... gn"
ham,I will reach before ten morning,31,0,i will reach before ten morning
ham,Your pussy is perfect!,22,0,your pussy is perfect!
spam,"Someone has contacted our dating service and entered your phone becausethey fancy you! To find out who it is call from a landline 09058098002. PoBox1, W14RG 150p",161,1,"someone has contacted our dating service and entered your phone becausethey fancy you! to find out who it is call from a landline 09058098002. pobox1, w14rg 150p"
ham,No message..no responce..what happend?,38,0,no message..no responce..what happend?
ham,Also where's the piece,22,0,also where's the piece
ham,"wiskey Brandy Rum Gin Beer Vodka Scotch Shampain Wine ""KUDI""yarasu dhina vaazhthukkal. ..",89,0,"wiskey brandy rum gin beer vodka scotch shampain wine ""kudi""yarasu dhina vaazhthukkal. .."
ham,Boo. How's things? I'm back at home and a little bored already :-(,66,0,boo. how's things? i'm back at home and a little bored already :-(
ham,First has she gained more than  &lt;#&gt; kg since she took in. Second has she done the blood sugar tests. If she has and its ok and her blood pressure is within normal limits then no worries,191,0,first has she gained more than  &lt;#&gt; kg since she took in. second has she done the blood sugar tests. if she has and its ok and her blood pressure is within normal limits then no worries
ham,PICK UR FONE UP NOW U DUMB?,27,0,pick ur fone up now u dumb?
ham,"Thanks da thangam, i feel very very happy dear. I also miss you da.",67,0,"thanks da thangam, i feel very very happy dear. i also miss you da."
ham,"Okey doke. I'm at home, but not dressed cos laying around ill! Speak to you later bout times and stuff. ",104,0,"okey doke. i'm at home, but not dressed cos laying around ill! speak to you later bout times and stuff. "
ham,I don't run away frm u... I walk slowly &amp; it kills me that u don't care enough to stop me...,96,0,i don't run away frm u... i walk slowly &amp; it kills me that u don't care enough to stop me...
ham,"Babe, I'm back ... Come back to me ...",38,0,"babe, i'm back ... come back to me ..."
ham,Well you told others you'd marry them...,40,0,well you told others you'd marry them...
ham,Neshanth..tel me who r u?,25,0,neshanth..tel me who r u?
ham,YO YO YO BYATCH WHASSUP?,24,0,yo yo yo byatch whassup?
ham,Oh... Kay... On sat right?,26,0,oh... kay... on sat right?
ham,Hi! This is Roger from CL. How are you?,39,0,hi! this is roger from cl. how are you?
spam,Babe: U want me dont u baby! Im nasty and have a thing 4 filthyguys. Fancy a rude time with a sexy bitch. How about we go slo n hard! Txt XXX SLO(4msgs),152,1,babe: u want me dont u baby! im nasty and have a thing 4 filthyguys. fancy a rude time with a sexy bitch. how about we go slo n hard! txt xxx slo(4msgs)
ham,Oh oh... Wasted... Den muz chiong on sat n sun liao...,54,0,oh oh... wasted... den muz chiong on sat n sun liao...
ham,Jesus christ bitch I'm trying to give you drugs answer your fucking phone,73,0,jesus christ bitch i'm trying to give you drugs answer your fucking phone
ham,Please give it 2  or i will pick it up on Tuesday evening about 8 if that is ok.,80,0,please give it 2  or i will pick it up on tuesday evening about 8 if that is ok.
ham,I'm meeting Darren...,21,0,i'm meeting darren...
ham,"One of best dialogue in cute reltnship..!! ""Wen i Die, Dont Come Near My Body..!! Bcoz My Hands May Not Come 2 Wipe Ur Tears Off That Time..!Gud ni8",148,0,"one of best dialogue in cute reltnship..!! ""wen i die, dont come near my body..!! bcoz my hands may not come 2 wipe ur tears off that time..!gud ni8"
ham,"Solve d Case : A Man Was Found Murdered On  &lt;DECIMAL&gt; . &lt;#&gt;  AfterNoon. 1,His wife called Police. 2,Police questioned everyone. 3,Wife: Sir,I was sleeping, when the murder took place. 4.Cook: I was cooking. 5.Gardener: I was picking vegetables. 6.House-Maid: I went 2 d post office. 7.Children: We went 2 play. 8.Neighbour: We went 2 a marriage. Police arrested d murderer Immediately. Who's It? Reply With Reason, If U r Brilliant.",444,0,"solve d case : a man was found murdered on  &lt;decimal&gt; . &lt;#&gt;  afternoon. 1,his wife called police. 2,police questioned everyone. 3,wife: sir,i was sleeping, when the murder took place. 4.cook: i was cooking. 5.gardener: i was picking vegetables. 6.house-maid: i went 2 d post office. 7.children: we went 2 play. 8.neighbour: we went 2 a marriage. police arrested d murderer immediately. who's it? reply with reason, if u r brilliant."
ham,Dear where you will be when i reach there,41,0,dear where you will be when i reach there
ham,Aww that's the first time u said u missed me without asking if I missed u first. You DO love me! :),99,0,aww that's the first time u said u missed me without asking if i missed u first. you do love me! :)
ham,Ok... Thanx... Gd nite 2 ü too...,33,0,ok... thanx... gd nite 2 ü too...
ham,"Come to me right now, Ahmad",27,0,"come to me right now, ahmad"
ham,Lol please do. Actually send a pic of yourself right now. I wanna see. Pose with a comb and hair dryer or something.,116,0,lol please do. actually send a pic of yourself right now. i wanna see. pose with a comb and hair dryer or something.
ham,O was not into fps then.,24,0,o was not into fps then.
ham,Huh means computational science... Y they like dat one push here n there...,75,0,huh means computational science... y they like dat one push here n there...
ham,"Could you not read me, my Love ? I answered you",47,0,"could you not read me, my love ? i answered you"
ham,Oh... Lk tt den we take e one tt ends at cine lor... Dun wan yogasana oso can... ,81,0,oh... lk tt den we take e one tt ends at cine lor... dun wan yogasana oso can... 
ham,"Madam,regret disturbance.might receive a reference check from DLF Premarica.kindly be informed.Rgds,Rakhesh,Kerala.",115,0,"madam,regret disturbance.might receive a reference check from dlf premarica.kindly be informed.rgds,rakhesh,kerala."
spam,SMS SERVICES For your inclusive text credits pls gotto www.comuk.net login 3qxj9 unsubscribe with STOP no extra charge help 08702840625 comuk.220cm2 9AE,152,1,sms services for your inclusive text credits pls gotto www.comuk.net login 3qxj9 unsubscribe with stop no extra charge help 08702840625 comuk.220cm2 9ae
ham,Oic... Then better quickly go bathe n settle down...,52,0,oic... then better quickly go bathe n settle down...
ham,Err... Cud do. I'm going to  at 8pm. I haven't got a way to contact him until then.,83,0,err... cud do. i'm going to  at 8pm. i haven't got a way to contact him until then.
ham,A bloo bloo bloo I'll miss the first bowl,41,0,a bloo bloo bloo i'll miss the first bowl
ham,Lmao but its so fun...,22,0,lmao but its so fun...
ham,Oh k k:)but he is not a big hitter.anyway good,46,0,oh k k:)but he is not a big hitter.anyway good
ham,Hey!!! I almost forgot ... Happy B-day babe ! I love ya!!,57,0,hey!!! i almost forgot ... happy b-day babe ! i love ya!!
spam,Valentines Day Special! Win over £1000 in our quiz and take your partner on the trip of a lifetime! Send GO to 83600 now. 150p/msg rcvd. CustCare:08718720201,157,1,valentines day special! win over £1000 in our quiz and take your partner on the trip of a lifetime! send go to 83600 now. 150p/msg rcvd. custcare:08718720201
ham,Do you think i can move  &lt;#&gt;  in a week,45,0,do you think i can move  &lt;#&gt;  in a week
ham,She.s find. I sent you an offline message to know how anjola's now.,67,0,she.s find. i sent you an offline message to know how anjola's now.
spam,Guess who am I?This is the first time I created a web page WWW.ASJESUS.COM read all I wrote. I'm waiting for your opinions. I want to be your friend 1/1,152,1,guess who am i?this is the first time i created a web page www.asjesus.com read all i wrote. i'm waiting for your opinions. i want to be your friend 1/1
ham,How was txting and driving,26,0,how was txting and driving
ham,That's good. Lets thank God. Please complete the drug. Have lots of water. And have a beautiful day.,100,0,that's good. lets thank god. please complete the drug. have lots of water. and have a beautiful day.
ham,Really dun bluff me leh... U sleep early too. Nite...,53,0,really dun bluff me leh... u sleep early too. nite...
ham,"Indians r poor but India is not a poor country. Says one of the swiss bank directors. He says that "" &lt;#&gt;  lac crore"" of Indian money is deposited in swiss banks which can be used for 'taxless' budget for  &lt;#&gt;  yrs. Can give  &lt;#&gt;  crore jobs to all Indians. From any village to Delhi 4 lane roads. Forever free power suply to more than  &lt;#&gt;  social projects. Every citizen can get monthly  &lt;#&gt; /- for  &lt;#&gt;  yrs. No need of World Bank &amp; IMF loan. Think how our money is blocked by rich politicians. We have full rights against corrupt politicians. Itna forward karo ki pura INDIA padhe.g.m.""",629,0,"indians r poor but india is not a poor country. says one of the swiss bank directors. he says that "" &lt;#&gt;  lac crore"" of indian money is deposited in swiss banks which can be used for 'taxless' budget for  &lt;#&gt;  yrs. can give  &lt;#&gt;  crore jobs to all indians. from any village to delhi 4 lane roads. forever free power suply to more than  &lt;#&gt;  social projects. every citizen can get monthly  &lt;#&gt; /- for  &lt;#&gt;  yrs. no need of world bank &amp; imf loan. think how our money is blocked by rich politicians. we have full rights against corrupt politicians. itna forward karo ki pura india padhe.g.m."""
ham,Uncle boye. I need movies oh. Guide me. Plus you know torrents are not particularly legal here. And the system is slowing down. What should i do. Have a gr8 day. Plus have you started cos i dont meet you online. How was the honey moon.,235,0,uncle boye. i need movies oh. guide me. plus you know torrents are not particularly legal here. and the system is slowing down. what should i do. have a gr8 day. plus have you started cos i dont meet you online. how was the honey moon.
ham,Oh ya ya. I remember da. .,26,0,oh ya ya. i remember da. .
ham,Btw regarding that we should really try to see if anyone else can be our 4th guy before we commit to a random dude,114,0,btw regarding that we should really try to see if anyone else can be our 4th guy before we commit to a random dude
spam,"For ur chance to win £250 cash every wk TXT: PLAY to 83370. T's&C's www.music-trivia.net custcare 08715705022, 1x150p/wk.",121,1,"for ur chance to win £250 cash every wk txt: play to 83370. t's&c's www.music-trivia.net custcare 08715705022, 1x150p/wk."
ham,I not busy juz dun wan 2 go so early.. Hee.. ,45,0,i not busy juz dun wan 2 go so early.. hee.. 
ham,Rightio. 11.48 it is then. Well arent we all up bright and early this morning.,78,0,rightio. 11.48 it is then. well arent we all up bright and early this morning.
ham,"Great. I'm in church now, will holla when i get out",51,0,"great. i'm in church now, will holla when i get out"
ham,Back in brum! Thanks for putting us up and keeping us all and happy. See you soon ,82,0,back in brum! thanks for putting us up and keeping us all and happy. see you soon 
ham,I donno if they are scorable,28,0,i donno if they are scorable
ham,&lt;#&gt;  great loxahatchee xmas tree burning update: you can totally see stars here,85,0,&lt;#&gt;  great loxahatchee xmas tree burning update: you can totally see stars here
ham,"Yes but i dont care! I need you bad, princess!",46,0,"yes but i dont care! i need you bad, princess!"
ham,"The guy (kadeem) hasn't been selling since the break, I know one other guy but he's paranoid as fuck and doesn't like selling without me there and I can't be up there til late tonight",183,0,"the guy (kadeem) hasn't been selling since the break, i know one other guy but he's paranoid as fuck and doesn't like selling without me there and i can't be up there til late tonight"
ham,Tmr then ü brin lar... Aiya later i come n c lar... Mayb ü neva set properly ü got da help sheet wif ü...,105,0,tmr then ü brin lar... aiya later i come n c lar... mayb ü neva set properly ü got da help sheet wif ü...
ham,Do u knw dis no. &lt;#&gt; ?,28,0,do u knw dis no. &lt;#&gt; ?
ham,Then she dun believe wat?,25,0,then she dun believe wat?
ham,K..give back my thanks.,23,0,k..give back my thanks.
ham,I know complain num only..bettr directly go to bsnl offc nd apply for it..,74,0,i know complain num only..bettr directly go to bsnl offc nd apply for it..
ham,Okay. I've seen it. So i should pick it on friday?,50,0,okay. i've seen it. so i should pick it on friday?
ham,How much she payed. Suganya.,28,0,how much she payed. suganya.
ham,Left dessert. U wan me 2 go suntec look 4 u?,44,0,left dessert. u wan me 2 go suntec look 4 u?
ham,"Abeg, make profit. But its a start. Are you using it to get sponsors for the next event?",88,0,"abeg, make profit. but its a start. are you using it to get sponsors for the next event?"
ham,Onum ela pa. Normal than.,25,0,onum ela pa. normal than.
ham,K.k..how is your sister kids?,29,0,k.k..how is your sister kids?
ham,"Cool, I'll text you when I'm on the way",39,0,"cool, i'll text you when i'm on the way"
ham,Nope. Meanwhile she talk say make i greet you.,46,0,nope. meanwhile she talk say make i greet you.
ham,i cant talk to you now.i will call when i can.dont keep calling.,64,0,i cant talk to you now.i will call when i can.dont keep calling.
ham,Anything lar...,15,0,anything lar...
ham,"Rose needs water, season needs change, poet needs imagination..My phone needs ur sms and i need ur lovely frndship forever....",126,0,"rose needs water, season needs change, poet needs imagination..my phone needs ur sms and i need ur lovely frndship forever...."
ham,"Good afternoon, babe. How goes that day ? Any job prospects yet ? I miss you, my love ... *sighs* ... :-(",105,0,"good afternoon, babe. how goes that day ? any job prospects yet ? i miss you, my love ... *sighs* ... :-("
ham,They will pick up and drop in car.so no problem..,49,0,they will pick up and drop in car.so no problem..
ham,S.i think he is waste for rr..,30,0,s.i think he is waste for rr..
ham,He is world famamus....,23,0,he is world famamus....
ham,Is there coming friday is leave for pongal?do you get any news from your work place.,84,0,is there coming friday is leave for pongal?do you get any news from your work place.
ham,Lol well don't do it without me. We could have a big sale together.,67,0,lol well don't do it without me. we could have a big sale together.
ham,* Am on my way,14,0,* am on my way
ham,Eat at old airport road... But now 630 oredi... Got a lot of pple...,68,0,eat at old airport road... but now 630 oredi... got a lot of pple...
ham,"sry can't talk on phone, with parents",37,0,"sry can't talk on phone, with parents"
ham,Ok lor wat time ü finish?,25,0,ok lor wat time ü finish?
ham,"Princess, i like to make love  &lt;#&gt;  times per night. Hope thats not a problem!",84,0,"princess, i like to make love  &lt;#&gt;  times per night. hope thats not a problem!"
ham,Mm i am on the way to railway,29,0,mm i am on the way to railway
ham,"I'm done. I'm sorry. I hope your next space gives you everything you want. Remember all the furniture is yours. If i'm not around when you move it, just lock all the locks and leave the key with jenne.",201,0,"i'm done. i'm sorry. i hope your next space gives you everything you want. remember all the furniture is yours. if i'm not around when you move it, just lock all the locks and leave the key with jenne."
ham,Not yet. Just i'd like to keep in touch and it will be the easiest way to do that from barcelona. By the way how ru and how is the house?,137,0,not yet. just i'd like to keep in touch and it will be the easiest way to do that from barcelona. by the way how ru and how is the house?
spam,"Sppok up ur mob with a Halloween collection of nokia logo&pic message plus a FREE eerie tone, txt CARD SPOOK to 8007",116,1,"sppok up ur mob with a halloween collection of nokia logo&pic message plus a free eerie tone, txt card spook to 8007"
spam,"Urgent! call 09066612661 from landline. Your complementary 4* Tenerife Holiday or £10,000 cash await collection SAE T&Cs PO Box 3 WA14 2PX 150ppm 18+ Sender: Hol Offer",167,1,"urgent! call 09066612661 from landline. your complementary 4* tenerife holiday or £10,000 cash await collection sae t&cs po box 3 wa14 2px 150ppm 18+ sender: hol offer"
ham,K.:)do it at evening da:)urgent:),33,0,k.:)do it at evening da:)urgent:)
ham,Pansy! You've been living in a jungle for two years! Its my driving you should be more worried about!,101,0,pansy! you've been living in a jungle for two years! its my driving you should be more worried about!
ham,Mm have some kanji dont eat anything heavy ok,45,0,mm have some kanji dont eat anything heavy ok
ham,Only if you promise your getting out as SOON as you can. And you'll text me in the morning to let me know you made it in ok.,124,0,only if you promise your getting out as soon as you can. and you'll text me in the morning to let me know you made it in ok.
ham,Lol that's different. I don't go trying to find every real life photo you ever took.,84,0,lol that's different. i don't go trying to find every real life photo you ever took.
ham,I dont thnk its a wrong calling between us,42,0,i dont thnk its a wrong calling between us
ham,K ill drink.pa then what doing. I need srs model pls send it to my mail id pa.,78,0,k ill drink.pa then what doing. i need srs model pls send it to my mail id pa.
ham,Aiyah e rain like quite big leh. If drizzling i can at least run home.,70,0,aiyah e rain like quite big leh. if drizzling i can at least run home.
ham,I have 2 docs appointments next week.:/ I'm tired of them shoving stuff up me. Ugh why couldn't I have had a normal body?,121,0,i have 2 docs appointments next week.:/ i'm tired of them shoving stuff up me. ugh why couldn't i have had a normal body?
ham,Dun b sad.. It's over.. Dun thk abt it already. Concentrate on ur other papers k.,81,0,dun b sad.. it's over.. dun thk abt it already. concentrate on ur other papers k.
ham,"Greetings me, ! Consider yourself excused.",42,0,"greetings me, ! consider yourself excused."
ham,No drama Pls.i have had enough from you and family while i am struggling in the hot sun in a strange place.No reason why there should be an ego of not going 'IF NOT INVITED' when actually its necessity to go.wait for very serious reppurcussions.,245,0,no drama pls.i have had enough from you and family while i am struggling in the hot sun in a strange place.no reason why there should be an ego of not going 'if not invited' when actually its necessity to go.wait for very serious reppurcussions.
ham,they released another Italian one today and it has a cosign option,66,0,they released another italian one today and it has a cosign option
ham,"You at mu? You should try to figure out how much money everyone has for gas and alcohol, jay and I are trying to figure out our weed budget",139,0,"you at mu? you should try to figure out how much money everyone has for gas and alcohol, jay and i are trying to figure out our weed budget"
spam,WINNER! As a valued network customer you hvae been selected to receive a £900 reward! To collect call 09061701444. Valid 24 hours only. ACL03530150PM,149,1,winner! as a valued network customer you hvae been selected to receive a £900 reward! to collect call 09061701444. valid 24 hours only. acl03530150pm
ham,HCL chennai requires FRESHERS for voice process.Excellent english needed.Salary upto  &lt;#&gt; .Call Ms.Suman  &lt;#&gt;  for Telephonic interview -via Indyarocks.com,167,0,hcl chennai requires freshers for voice process.excellent english needed.salary upto  &lt;#&gt; .call ms.suman  &lt;#&gt;  for telephonic interview -via indyarocks.com
ham,Dai what this da.. Can i send my resume to this id.,51,0,dai what this da.. can i send my resume to this id.
ham,"I know where the  &lt;#&gt;  is, I'll be there around 5",55,0,"i know where the  &lt;#&gt;  is, i'll be there around 5"
ham,Yup i've finished c ü there...,30,0,yup i've finished c ü there...
ham,Remember to ask alex about his pizza,36,0,remember to ask alex about his pizza
ham,No da..today also i forgot..,28,0,no da..today also i forgot..
ham,"Ola would get back to you maybe not today but I ve told him you can be his direct link in the US in getting cars he bids for online, you arrange shipping and you get a cut. Or U????? For a partnership where U????? Invest money for shipping and he takes care of the rest!U??Wud b self reliant soon dnt worry",306,0,"ola would get back to you maybe not today but i ve told him you can be his direct link in the us in getting cars he bids for online, you arrange shipping and you get a cut. or u????? for a partnership where u????? invest money for shipping and he takes care of the rest!u??wud b self reliant soon dnt worry"
ham,Fwiw the reason I'm only around when it's time to smoke is that because of gas I can only afford to be around when someone tells me to be and that apparently only happens when somebody wants to light up,202,0,fwiw the reason i'm only around when it's time to smoke is that because of gas i can only afford to be around when someone tells me to be and that apparently only happens when somebody wants to light up
ham,"Hello, my boytoy! I made it home and my constant thought is of you, my love. I hope your having a nice visit but I can't wait till you come home to me ...*kiss*",160,0,"hello, my boytoy! i made it home and my constant thought is of you, my love. i hope your having a nice visit but i can't wait till you come home to me ...*kiss*"
ham,Congrats kano..whr s the treat maga?,36,0,congrats kano..whr s the treat maga?
ham,Who u talking about?,20,0,who u talking about?
ham,Yup...,6,0,yup...
ham,"U wake up already? Wat u doing? U picking us up later rite? I'm taking sq825, reaching ard 7 smth 8 like dat. U can check e arrival time. C ya soon...",150,0,"u wake up already? wat u doing? u picking us up later rite? i'm taking sq825, reaching ard 7 smth 8 like dat. u can check e arrival time. c ya soon..."
ham,Yunny i'm walking in citylink now ü faster come down... Me very hungry...,73,0,yunny i'm walking in citylink now ü faster come down... me very hungry...
ham,Er yep sure. Props?,19,0,er yep sure. props?
ham,"Hiya , have u been paying money into my account? If so, thanks. Got a pleasant surprise when i checked my balance -u c, i don't get statements 4 that acc",153,0,"hiya , have u been paying money into my account? if so, thanks. got a pleasant surprise when i checked my balance -u c, i don't get statements 4 that acc"
spam,U have won a nokia 6230 plus a free digital camera. This is what u get when u win our FREE auction. To take part send NOKIA to 83383 now. POBOX114/14TCR/W1 16,158,1,u have won a nokia 6230 plus a free digital camera. this is what u get when u win our free auction. to take part send nokia to 83383 now. pobox114/14tcr/w1 16
ham,Ok ill send you with in  &lt;DECIMAL&gt;  ok.,45,0,ok ill send you with in  &lt;decimal&gt;  ok.
ham,Bognor it is! Should be splendid at this time of year.,54,0,bognor it is! should be splendid at this time of year.
ham,Yes.i'm in office da:),22,0,yes.i'm in office da:)
ham,Ok. I only ask abt e movie. U wan ktv oso?,42,0,ok. i only ask abt e movie. u wan ktv oso?
ham,Misplaced your number and was sending texts to your old number. Wondering why i've not heard from you this year. All the best in your mcat. Got this number from my atlanta friends,179,0,misplaced your number and was sending texts to your old number. wondering why i've not heard from you this year. all the best in your mcat. got this number from my atlanta friends
ham,Dunno lei... I might b eatin wif my frens... If ü wan to eat then i wait 4 ü lar,80,0,dunno lei... i might b eatin wif my frens... if ü wan to eat then i wait 4 ü lar
spam,FREE entry into our £250 weekly comp just send the word WIN to 80086 NOW. 18 T&C www.txttowin.co.uk,99,1,free entry into our £250 weekly comp just send the word win to 80086 now. 18 t&c www.txttowin.co.uk
ham,Do u noe how 2 send files between 2 computers?,46,0,do u noe how 2 send files between 2 computers?
ham,"Mmmmm ... I loved waking to your words this morning ! I miss you too, my Love. I hope your day goes well and you are happy. I wait for us to be together again",158,0,"mmmmm ... i loved waking to your words this morning ! i miss you too, my love. i hope your day goes well and you are happy. i wait for us to be together again"
ham,jay says he'll put in  &lt;#&gt;,32,0,jay says he'll put in  &lt;#&gt;
ham,Can you just come in for a sec? There's somebody here I want you to see,71,0,can you just come in for a sec? there's somebody here i want you to see
ham,So the sun is anti sleep medicine.,34,0,so the sun is anti sleep medicine.
ham,What's happening with you. Have you gotten a job and have you begun registration for permanent residency,104,0,what's happening with you. have you gotten a job and have you begun registration for permanent residency
ham,Yup ok...,9,0,yup ok...
ham,Glad it went well :) come over at 11 then we'll have plenty of time before claire goes to work.,95,0,glad it went well :) come over at 11 then we'll have plenty of time before claire goes to work.
ham,Ok enjoy . R u there in home.,29,0,ok enjoy . r u there in home.
ham,"Can you pls pls send me a mail on all you know about relatives coming to deliver here? All you know about costs, risks, benefits and anything else. Thanks.",155,0,"can you pls pls send me a mail on all you know about relatives coming to deliver here? all you know about costs, risks, benefits and anything else. thanks."
ham,You do what all you like,24,0,you do what all you like
ham,That's y we haf to combine n c how lor...,41,0,that's y we haf to combine n c how lor...
ham,The monthly amount is not that terrible and you will not pay anything till 6months after finishing school.,106,0,the monthly amount is not that terrible and you will not pay anything till 6months after finishing school.
ham,Hmmm:)how many players selected?,32,0,hmmm:)how many players selected?
ham,"They said if its gonna snow, it will start around 8 or 9 pm tonite! They are predicting an inch of accumulation.",112,0,"they said if its gonna snow, it will start around 8 or 9 pm tonite! they are predicting an inch of accumulation."
ham,I dont. Can you send it to me. Plus how's mode.,47,0,i dont. can you send it to me. plus how's mode.
ham,Aiyo please ü got time meh.,27,0,aiyo please ü got time meh.
ham,Package all your programs well,30,0,package all your programs well
ham,"She is our sister.. She belongs 2 our family.. She is d hope of tomorrow.. Pray 4 her,who was fated 4 d Shoranur train incident. Lets hold our hands together &amp; fuelled by love &amp; concern prior 2 her grief &amp; pain. Pls join in dis chain &amp; pass it. STOP VIOLENCE AGAINST WOMEN.",289,0,"she is our sister.. she belongs 2 our family.. she is d hope of tomorrow.. pray 4 her,who was fated 4 d shoranur train incident. lets hold our hands together &amp; fuelled by love &amp; concern prior 2 her grief &amp; pain. pls join in dis chain &amp; pass it. stop violence against women."
ham,So are you guys asking that i get that slippers again or its gone with last year,80,0,so are you guys asking that i get that slippers again or its gone with last year
ham,Company is very good.environment is terrific and food is really nice:),70,0,company is very good.environment is terrific and food is really nice:)
spam,"Text82228>> Get more ringtones, logos and games from www.txt82228.com. Questions: info@txt82228.co.uk",101,1,"text82228>> get more ringtones, logos and games from www.txt82228.com. questions: info@txt82228.co.uk"
ham,Honestly i've just made a lovely cup of tea and promptly dropped my keys in it and then burnt my fingers getting them out!,122,0,honestly i've just made a lovely cup of tea and promptly dropped my keys in it and then burnt my fingers getting them out!
ham,Yup but not studying surfing lor. I'm in e lazy mode today.,59,0,yup but not studying surfing lor. i'm in e lazy mode today.
ham,Please sen :)my kind advice :-)please come here and try:-),58,0,please sen :)my kind advice :-)please come here and try:-)
ham,I'm done. C ü there.,20,0,i'm done. c ü there.
ham,"Oh fine, I'll be by tonight",27,0,"oh fine, i'll be by tonight"
ham,Ü give me some time to walk there.,34,0,ü give me some time to walk there.
ham,I'll reach in ard 20 mins ok...,31,0,i'll reach in ard 20 mins ok...
spam,"FreeMSG You have been awarded a FREE mini DIGITAL CAMERA, just reply SNAP to collect your prize! (quizclub Opt out? Stop 80122300p/wk SP:RWM Ph:08704050406)",156,1,"freemsg you have been awarded a free mini digital camera, just reply snap to collect your prize! (quizclub opt out? stop 80122300p/wk sp:rwm ph:08704050406)"
ham,Fuck babe ... What happened to you ? How come you never came back?,66,0,fuck babe ... what happened to you ? how come you never came back?
spam,This message is brought to you by GMW Ltd. and is not connected to the,70,1,this message is brought to you by gmw ltd. and is not connected to the
ham,"Some friends want me to drive em someplace, probably take a while",65,0,"some friends want me to drive em someplace, probably take a while"
ham,I also thk too fast... Xy suggest one not me. U dun wan it's ok. Going 2 rain leh where got gd.,95,0,i also thk too fast... xy suggest one not me. u dun wan it's ok. going 2 rain leh where got gd.
ham,Are you still getting the goods.,32,0,are you still getting the goods.
ham,And maybe some pressies,23,0,and maybe some pressies
ham,"Yeah I am, so I'll leave maybe 7ish?",36,0,"yeah i am, so i'll leave maybe 7ish?"
ham,I told her I had a Dr appt next week. She thinks I'm gonna die. I told her its just a check. Nothing to be worried about. But she didn't listen.,144,0,i told her i had a dr appt next week. she thinks i'm gonna die. i told her its just a check. nothing to be worried about. but she didn't listen.
ham,You in your room? I need a few,30,0,you in your room? i need a few
ham,I dont want to hear anything,28,0,i dont want to hear anything
ham,Hey. For me there is no leave on friday. Wait i will ask my superior and tell you..,83,0,hey. for me there is no leave on friday. wait i will ask my superior and tell you..
ham,Ultimately tor motive tui achieve korli.,40,0,ultimately tor motive tui achieve korli.
ham,From 5 to 2 only my work timing.,32,0,from 5 to 2 only my work timing.
ham,… and don‘t worry we‘ll have finished by march … ish!,53,0,… and don‘t worry we‘ll have finished by march … ish!
ham,"The house is on the water with a dock, a boat rolled up with a newscaster who dabbles in jazz flute behind the wheel",116,0,"the house is on the water with a dock, a boat rolled up with a newscaster who dabbles in jazz flute behind the wheel"
spam,"Congrats 2 mobile 3G Videophones R yours. call 09063458130 now! videochat wid ur mates, play java games, Dload polypH music, noline rentl. bx420. ip4. 5we. 150p",160,1,"congrats 2 mobile 3g videophones r yours. call 09063458130 now! videochat wid ur mates, play java games, dload polyph music, noline rentl. bx420. ip4. 5we. 150p"
spam,Your next amazing xxx PICSFREE1 video will be sent to you enjoy! If one vid is not enough for 2day text back the keyword PICSFREE1 to get the next video.,153,1,your next amazing xxx picsfree1 video will be sent to you enjoy! if one vid is not enough for 2day text back the keyword picsfree1 to get the next video.
ham,Now thats going to ruin your thesis!,36,0,now thats going to ruin your thesis!
ham,In sch but neva mind u eat 1st lor..,36,0,in sch but neva mind u eat 1st lor..
ham,Hey whats up? U sleeping all morning?,37,0,hey whats up? u sleeping all morning?
ham,Erm. I thought the contract ran out the4th of october.,54,0,erm. i thought the contract ran out the4th of october.
ham,I dunno until when... Lets go learn pilates...,46,0,i dunno until when... lets go learn pilates...
spam,U are subscribed to the best Mobile Content Service in the UK for £3 per ten days until you send STOP to 83435. Helpline 08706091795.,133,1,u are subscribed to the best mobile content service in the uk for £3 per ten days until you send stop to 83435. helpline 08706091795.
ham,Yup i'm elaborating on the safety aspects and some other issues..,65,0,yup i'm elaborating on the safety aspects and some other issues..
spam,"3 FREE TAROT TEXTS! Find out about your love life now! TRY 3 FOR FREE! Text CHANCE to 85555 16 only! After 3 Free, Msgs £1.50 each",130,1,"3 free tarot texts! find out about your love life now! try 3 for free! text chance to 85555 16 only! after 3 free, msgs £1.50 each"
ham,"Goodmorning, today i am late for 1hr.",37,0,"goodmorning, today i am late for 1hr."
ham,Hi happy birthday. Hi hi hi hi hi hi hi,39,0,hi happy birthday. hi hi hi hi hi hi hi
ham,I will be outside office take all from there,44,0,i will be outside office take all from there
ham,If you don't respond imma assume you're still asleep and imma start calling n shit,82,0,if you don't respond imma assume you're still asleep and imma start calling n shit
ham,"Aight, see you in a bit",23,0,"aight, see you in a bit"
ham,My superior telling that friday is leave for all other department except ours:)so it will be leave for you:)any way call waheed fathima hr and conform it:),155,0,my superior telling that friday is leave for all other department except ours:)so it will be leave for you:)any way call waheed fathima hr and conform it:)
spam,Join the UK's horniest Dogging service and u can have sex 2nite!. Just sign up and follow the instructions. Txt ENTRY to 69888 now! Nyt.EC2A.3LP.msg@150p,153,1,join the uk's horniest dogging service and u can have sex 2nite!. just sign up and follow the instructions. txt entry to 69888 now! nyt.ec2a.3lp.msg@150p
ham,Lol I have to take it. member how I said my aunt flow didn't visit for 6 months? It's cause I developed ovarian cysts. Bc is the only way to shrink them.,153,0,lol i have to take it. member how i said my aunt flow didn't visit for 6 months? it's cause i developed ovarian cysts. bc is the only way to shrink them.
ham,Still work going on:)it is very small house.,44,0,still work going on:)it is very small house.
ham,"My friend just got here and says he's upping his order by a few grams (he's got $ &lt;#&gt; ), when can you get here?",117,0,"my friend just got here and says he's upping his order by a few grams (he's got $ &lt;#&gt; ), when can you get here?"
ham,Tmr timin still da same wat cos i got lesson until 6...,55,0,tmr timin still da same wat cos i got lesson until 6...
ham,"That‘s the thing with apes, u can fight to the death to keep something, but the minute they have it when u let go, thats it!",124,0,"that‘s the thing with apes, u can fight to the death to keep something, but the minute they have it when u let go, thats it!"
ham,No i'm not gonna be able to. || too late notice. || i'll be home in a few weeks anyway. || what are the plans,109,0,no i'm not gonna be able to. || too late notice. || i'll be home in a few weeks anyway. || what are the plans
ham,"Got fujitsu, ibm, hp, toshiba... Got a lot of model how to say...",65,0,"got fujitsu, ibm, hp, toshiba... got a lot of model how to say..."
ham,Okie... Thanx...,16,0,okie... thanx...
ham,"Gosh that , what a pain. Spose I better come then.",50,0,"gosh that , what a pain. spose i better come then."
ham,"As usual..iam fine, happy &amp; doing well..:)",46,0,"as usual..iam fine, happy &amp; doing well..:)"
ham,Okie,4,0,okie
ham,So when you gonna get rimac access ,35,0,so when you gonna get rimac access 
ham,Im at arestaurant eating squid! i will be out about 10:30 wanna dosomething or is that to late?,95,0,im at arestaurant eating squid! i will be out about 10:30 wanna dosomething or is that to late?
ham,You call times job today ok umma and ask them to speed up,57,0,you call times job today ok umma and ask them to speed up
ham,HELLO U.CALL WEN U FINISH WRK.I FANCY MEETIN UP WIV U ALL TONITE AS I NEED A BREAK FROM DABOOKS. DID 4 HRS LAST NITE+2 TODAY OF WRK!,132,0,hello u.call wen u finish wrk.i fancy meetin up wiv u all tonite as i need a break from dabooks. did 4 hrs last nite+2 today of wrk!
ham,R U &SAM P IN EACHOTHER. IF WE MEET WE CAN GO 2 MY HOUSE,56,0,r u &sam p in eachother. if we meet we can go 2 my house
ham,:-) yeah! Lol. Luckily i didn't have a starring role like you!,62,0,:-) yeah! lol. luckily i didn't have a starring role like you!
ham,Hello madam how are you ?,25,0,hello madam how are you ?
ham,"Awesome, text me when you're restocked",38,0,"awesome, text me when you're restocked"
spam,Knock Knock Txt whose there to 80082 to enter r weekly draw 4 a £250 gift voucher 4 a store of yr choice. T&Cs www.tkls.com age16 to stoptxtstop£1.50/week,154,1,knock knock txt whose there to 80082 to enter r weekly draw 4 a £250 gift voucher 4 a store of yr choice. t&cs www.tkls.com age16 to stoptxtstop£1.50/week
ham,Yes. It's all innocent fun. O:-),32,0,yes. it's all innocent fun. o:-)
ham,Thanks for sending this mental ability question..,49,0,thanks for sending this mental ability question..
ham,"Sir, hope your day is going smoothly. i really hoped i wont have to bother you about this. I have some bills that i can't settle this month. I am out of all extra cash. I know this is a challenging time for you also but i have to let you know.",243,0,"sir, hope your day is going smoothly. i really hoped i wont have to bother you about this. i have some bills that i can't settle this month. i am out of all extra cash. i know this is a challenging time for you also but i have to let you know."
ham,2marrow only. Wed at  &lt;#&gt;  to 2 aha.,42,0,2marrow only. wed at  &lt;#&gt;  to 2 aha.
ham,I went to ur hon lab but no one is there.,41,0,i went to ur hon lab but no one is there.
ham,Hey pple...$700 or $900 for 5 nights...Excellent location wif breakfast hamper!!!,81,0,hey pple...$700 or $900 for 5 nights...excellent location wif breakfast hamper!!!
spam,<Forwarded from 21870000>Hi - this is your Mailbox Messaging SMS alert. You have 40 matches. Please call back on 09056242159 to retrieve your messages and matches cc100p/min,173,1,<forwarded from 21870000>hi - this is your mailbox messaging sms alert. you have 40 matches. please call back on 09056242159 to retrieve your messages and matches cc100p/min
ham,How come?,9,0,how come?
ham,Lol! Nah wasn't too bad thanks. Its good to b home but its been quite a reality check. Hows ur day been? Did u do anything with website?,136,0,lol! nah wasn't too bad thanks. its good to b home but its been quite a reality check. hows ur day been? did u do anything with website?
ham,Ok lor...,9,0,ok lor...
ham,I'm coming home 4 dinner.,25,0,i'm coming home 4 dinner.
ham,S da..al r above  &lt;#&gt;,27,0,s da..al r above  &lt;#&gt;
spam,"FREE RING TONE just text ""POLYS"" to 87131. Then every week get a new tone. 0870737910216yrs only £1.50/wk.",106,1,"free ring tone just text ""polys"" to 87131. then every week get a new tone. 0870737910216yrs only £1.50/wk."
ham,Unni thank you dear for the recharge..Rakhesh,45,0,unni thank you dear for the recharge..rakhesh
ham,I know I'm lacking on most of this particular dramastorm's details but for the most part I'm not worried about that,115,0,i know i'm lacking on most of this particular dramastorm's details but for the most part i'm not worried about that
ham,Haha... They cant what... At the most tmr forfeit... haha so how?,65,0,haha... they cant what... at the most tmr forfeit... haha so how?
ham,"Hey there! Glad u r better now. I hear u treated urself to a digi cam, is it good? We r off at 9pm. Have a fab new year, c u in coupla wks!",139,0,"hey there! glad u r better now. i hear u treated urself to a digi cam, is it good? we r off at 9pm. have a fab new year, c u in coupla wks!"
ham,No way I'm going back there!,28,0,no way i'm going back there!
spam,"URGENT! Your mobile No 077xxx WON a £2,000 Bonus Caller Prize on 02/06/03! This is the 2nd attempt to reach YOU! Call 09066362206 ASAP! BOX97N7QP, 150ppm",153,1,"urgent! your mobile no 077xxx won a £2,000 bonus caller prize on 02/06/03! this is the 2nd attempt to reach you! call 09066362206 asap! box97n7qp, 150ppm"
ham,I WILL CAL YOU SIR. In meeting,30,0,i will cal you sir. in meeting
ham,"That's what I love to hear :V see you sundayish, then",53,0,"that's what i love to hear :v see you sundayish, then"
ham,"Sorry da thangam, very very sorry i am held up with prasad.",59,0,"sorry da thangam, very very sorry i am held up with prasad."
ham,Tiwary to rcb.battle between bang and kochi.,44,0,tiwary to rcb.battle between bang and kochi.
ham,Thank god they are in bed!,26,0,thank god they are in bed!
ham,No I don't have cancer. Moms making a big deal out of a regular checkup aka pap smear,85,0,no i don't have cancer. moms making a big deal out of a regular checkup aka pap smear
ham,Am in gobi arts college,23,0,am in gobi arts college
ham,Why she wants to talk to me,27,0,why she wants to talk to me
ham,Pandy joined 4w technologies today.he got job..,47,0,pandy joined 4w technologies today.he got job..
spam,"You are guaranteed the latest Nokia Phone, a 40GB iPod MP3 player or a £500 prize! Txt word: COLLECT to No: 83355! IBHltd LdnW15H 150p/Mtmsgrcvd18",146,1,"you are guaranteed the latest nokia phone, a 40gb ipod mp3 player or a £500 prize! txt word: collect to no: 83355! ibhltd ldnw15h 150p/mtmsgrcvd18"
ham,"They can try! They can get lost, in fact. Tee hee",49,0,"they can try! they can get lost, in fact. tee hee"
ham,My friends use to call the same.,32,0,my friends use to call the same.
ham,"Em, its olowoyey@ usc.edu have a great time in argentina. Not sad about secretary, everything is a blessing",107,0,"em, its olowoyey@ usc.edu have a great time in argentina. not sad about secretary, everything is a blessing"
ham,"It,,s a taxt massage....tie-pos argh ok! Lool!",46,0,"it,,s a taxt massage....tie-pos argh ok! lool!"
ham,"Hi, can i please get a  &lt;#&gt;  dollar loan from you. I.ll pay you back by mid february. Pls.",96,0,"hi, can i please get a  &lt;#&gt;  dollar loan from you. i.ll pay you back by mid february. pls."
ham,"You might want to pull out more just in case and just plan on not spending it if you can, I don't have much confidence in derek and taylor's money management",157,0,"you might want to pull out more just in case and just plan on not spending it if you can, i don't have much confidence in derek and taylor's money management"
ham,Do you like shaking your booty on the dance floor?,50,0,do you like shaking your booty on the dance floor?
ham,"Text me when you get off, don't call, my phones having problems",63,0,"text me when you get off, don't call, my phones having problems"
ham,No need for the drug anymore.,29,0,no need for the drug anymore.
ham,Sorry da:)i was thought of calling you lot of times:)lil busy.i will call you at noon..,87,0,sorry da:)i was thought of calling you lot of times:)lil busy.i will call you at noon..
ham,Its sarcasm.. .nt scarcasim,27,0,its sarcasm.. .nt scarcasim
ham,Great! I have to run now so ttyl!,33,0,great! i have to run now so ttyl!
ham,Feel like trying kadeem again? :V,33,0,feel like trying kadeem again? :v
ham,Dai  &lt;#&gt;  naal eruku.,27,0,dai  &lt;#&gt;  naal eruku.
ham,Not yet chikku..wat abt u?,26,0,not yet chikku..wat abt u?
ham,Want to finally have lunch today?,33,0,want to finally have lunch today?
ham,Do you know when dad will be back?,34,0,do you know when dad will be back?
spam,"Hello darling how are you today? I would love to have a chat, why dont you tell me what you look like and what you are in to sexy?",130,1,"hello darling how are you today? i would love to have a chat, why dont you tell me what you look like and what you are in to sexy?"
spam,8007 FREE for 1st week! No1 Nokia tone 4 ur mob every week just txt NOKIA to 8007 Get txting and tell ur mates www.getzed.co.uk POBox 36504 W4 5WQ norm 150p/tone 16+,165,1,8007 free for 1st week! no1 nokia tone 4 ur mob every week just txt nokia to 8007 get txting and tell ur mates www.getzed.co.uk pobox 36504 w4 5wq norm 150p/tone 16+
ham,He remains a bro amongst bros,29,0,he remains a bro amongst bros
ham,R u meeting da ge at nite tmr?,30,0,r u meeting da ge at nite tmr?
ham,"* Was a nice day and, impressively, i was sensible, went home early and now feel fine. Or am i just boring?! When's yours, i can't remember.",140,0,"* was a nice day and, impressively, i was sensible, went home early and now feel fine. or am i just boring?! when's yours, i can't remember."
ham,Why de. You looking good only:-)..,34,0,why de. you looking good only:-)..
spam,Wanna get laid 2nite? Want real Dogging locations sent direct to ur mobile? Join the UK's largest Dogging Network. Txt PARK to 69696 now! Nyt. ec2a. 3lp £1.50/msg,162,1,wanna get laid 2nite? want real dogging locations sent direct to ur mobile? join the uk's largest dogging network. txt park to 69696 now! nyt. ec2a. 3lp £1.50/msg
spam,we tried to contact you re your response to our offer of a new nokia fone and camcorder hit reply or call 08000930705 for delivery,130,1,we tried to contact you re your response to our offer of a new nokia fone and camcorder hit reply or call 08000930705 for delivery
ham,Yes. They replied my mail. I'm going to the management office later. Plus will in to bank later also.or on wednesday.,117,0,yes. they replied my mail. i'm going to the management office later. plus will in to bank later also.or on wednesday.
ham,"That's cool, I'll come by like  &lt;#&gt; ish",45,0,"that's cool, i'll come by like  &lt;#&gt; ish"
ham,Super msg da:)nalla timing.,27,0,super msg da:)nalla timing.
ham,"Good afternoon, my boytoy ... How are you feeling today ? Better I hope? Are you being my good boy? Are you my obedient, slave? Do you please your Queen?",153,0,"good afternoon, my boytoy ... how are you feeling today ? better i hope? are you being my good boy? are you my obedient, slave? do you please your queen?"
ham,I am 6 ft. We will be a good combination!,41,0,i am 6 ft. we will be a good combination!
ham,I'm sick !! I'm needy !! I want you !! *pouts* *stomps feet* Where are you ?! *pouts* *stomps feet* I want my slave !! I want him now !!,136,0,i'm sick !! i'm needy !! i want you !! *pouts* *stomps feet* where are you ?! *pouts* *stomps feet* i want my slave !! i want him now !!
ham,* Am on a train back from northampton so i'm afraid not!,56,0,* am on a train back from northampton so i'm afraid not!
ham,Where in abj are you serving. Are you staying with dad or alone.,64,0,where in abj are you serving. are you staying with dad or alone.
ham,Was playng 9 doors game and gt racing on phone lol,50,0,was playng 9 doors game and gt racing on phone lol
spam,"New Tones This week include: 1)McFly-All Ab.., 2) Sara Jorge-Shock.. 3) Will Smith-Switch.. To order follow instructions on next message",136,1,"new tones this week include: 1)mcfly-all ab.., 2) sara jorge-shock.. 3) will smith-switch.. to order follow instructions on next message"
ham,I'm on da bus going home...,27,0,i'm on da bus going home...
ham,I got a call from a landline number. . . I am asked to come to anna nagar . . . I will go in the afternoon,106,0,i got a call from a landline number. . . i am asked to come to anna nagar . . . i will go in the afternoon
ham,I'm okay. Chasing the dream. What's good. What are you doing next.,66,0,i'm okay. chasing the dream. what's good. what are you doing next.
ham,Yupz... I've oredi booked slots 4 my weekends liao... ,54,0,yupz... i've oredi booked slots 4 my weekends liao... 
spam,URGENT! We are trying to contact U. Todays draw shows that you have won a £800 prize GUARANTEED. Call 09050003091 from land line. Claim C52. Valid 12hrs only,157,1,urgent! we are trying to contact u. todays draw shows that you have won a £800 prize guaranteed. call 09050003091 from land line. claim c52. valid 12hrs only
ham,There r many model..sony ericson also der.. &lt;#&gt; ..it luks good bt i forgot modl no,88,0,there r many model..sony ericson also der.. &lt;#&gt; ..it luks good bt i forgot modl no
ham,Yes I know the cheesy songs from frosty the snowman :),54,0,yes i know the cheesy songs from frosty the snowman :)
ham,"Ya ok, vikky vl c witin  &lt;#&gt; mins and il reply u..",56,0,"ya ok, vikky vl c witin  &lt;#&gt; mins and il reply u.."
spam,sports fans - get the latest sports news str* 2 ur mobile 1 wk FREE PLUS a FREE TONE Txt SPORT ON to 8007 www.getzed.co.uk 0870141701216+ norm 4txt/120p ,153,1,sports fans - get the latest sports news str* 2 ur mobile 1 wk free plus a free tone txt sport on to 8007 www.getzed.co.uk 0870141701216+ norm 4txt/120p 
ham,Hey tmr meet at bugis 930 ?,27,0,hey tmr meet at bugis 930 ?
spam,"Urgent Urgent! We have 800 FREE flights to Europe to give away, call B4 10th Sept & take a friend 4 FREE. Call now to claim on 09050000555. BA128NNFWFLY150ppm",158,1,"urgent urgent! we have 800 free flights to europe to give away, call b4 10th sept & take a friend 4 free. call now to claim on 09050000555. ba128nnfwfly150ppm"
ham,All these nice new shirts and the only thing I can wear them to is nudist themed ;_; you in mu?,95,0,all these nice new shirts and the only thing i can wear them to is nudist themed ;_; you in mu?
ham,Hey sexy buns! What of that day? No word from you this morning on YM ... :-( ... I think of you,95,0,hey sexy buns! what of that day? no word from you this morning on ym ... :-( ... i think of you
ham,And whenever you and i see we can still hook up too.,52,0,and whenever you and i see we can still hook up too.
ham,Nope but i'm going home now then go pump petrol lor... Like going 2 rain soon...,80,0,nope but i'm going home now then go pump petrol lor... like going 2 rain soon...
ham,Can you use foreign stamps for whatever you send them off for? ,63,0,can you use foreign stamps for whatever you send them off for? 
spam,FROM 88066 LOST £12 HELP,24,1,from 88066 lost £12 help
ham,Oh baby of the house. How come you dont have any new pictures on facebook,73,0,oh baby of the house. how come you dont have any new pictures on facebook
ham,"Feb  &lt;#&gt;  is ""I LOVE U"" day. Send dis to all ur ""VALUED FRNDS"" evn me. If 3 comes back u'll gt married d person u luv! If u ignore dis u will lose ur luv 4 Evr",165,0,"feb  &lt;#&gt;  is ""i love u"" day. send dis to all ur ""valued frnds"" evn me. if 3 comes back u'll gt married d person u luv! if u ignore dis u will lose ur luv 4 evr"
ham,"Hiya, sorry didn't hav signal. I haven't seen or heard from and neither has, which is unusual in itself! I'll put on the case and get him to sort it out! Hugs and snogs.",169,0,"hiya, sorry didn't hav signal. i haven't seen or heard from and neither has, which is unusual in itself! i'll put on the case and get him to sort it out! hugs and snogs."
ham,"Omw back to tampa from west palm, you hear what happened?",57,0,"omw back to tampa from west palm, you hear what happened?"
ham,Yup no more already... Thanx 4 printing n handing it up.,56,0,yup no more already... thanx 4 printing n handing it up.
spam,FreeMsg: Fancy a flirt? Reply DATE now & join the UKs fastest growing mobile dating service. Msgs rcvd just 25p to optout txt stop to 83021. Reply DATE now!,156,1,freemsg: fancy a flirt? reply date now & join the uks fastest growing mobile dating service. msgs rcvd just 25p to optout txt stop to 83021. reply date now!
ham,What i mean is do they come chase you out when its over or is it stated you can watch as many movies as you want.,113,0,what i mean is do they come chase you out when its over or is it stated you can watch as many movies as you want.
ham,S now only i took tablets . Reaction morning only.,50,0,s now only i took tablets . reaction morning only.
spam,Great NEW Offer - DOUBLE Mins & DOUBLE Txt on best Orange tariffs AND get latest camera phones 4 FREE! Call MobileUpd8 free on 08000839402 NOW! or 2stoptxt T&Cs,160,1,great new offer - double mins & double txt on best orange tariffs and get latest camera phones 4 free! call mobileupd8 free on 08000839402 now! or 2stoptxt t&cs
ham,"Nah, I'm a perpetual DD",23,0,"nah, i'm a perpetual dd"
ham,Sorry de i went to shop.,24,0,sorry de i went to shop.
spam,Hope you enjoyed your new content. text stop to 61610 to unsubscribe. help:08712400602450p Provided by tones2you.co.uk,118,1,hope you enjoyed your new content. text stop to 61610 to unsubscribe. help:08712400602450p provided by tones2you.co.uk
ham,Hey you still want to go for yogasana? Coz if we end at cine then can go bathe and hav the steam bath,101,0,hey you still want to go for yogasana? coz if we end at cine then can go bathe and hav the steam bath
ham,Nope i'm not drivin... I neva develop da photos lei...,54,0,nope i'm not drivin... i neva develop da photos lei...
ham,I am thinking of going down to reg for pract lessons.. Flung my advance.. Haha wat time u going?,96,0,i am thinking of going down to reg for pract lessons.. flung my advance.. haha wat time u going?
ham,Cool. I am  &lt;#&gt;  inches long. hope you like them big!,59,0,cool. i am  &lt;#&gt;  inches long. hope you like them big!
ham,"House-Maid is the murderer, coz the man was murdered on  &lt;#&gt; th January.. As public holiday all govt.instituitions are closed,including post office..understand?",166,0,"house-maid is the murderer, coz the man was murdered on  &lt;#&gt; th january.. as public holiday all govt.instituitions are closed,including post office..understand?"
ham,Okie.. Thanx..,14,0,okie.. thanx..
ham,Go where n buy? Juz buy when we get there lar.,46,0,go where n buy? juz buy when we get there lar.
ham,I'm working technical support :)voice process.,46,0,i'm working technical support :)voice process.
ham,It's justbeen overa week since we broke up and already our brains are going to mush!,84,0,it's justbeen overa week since we broke up and already our brains are going to mush!
ham,"Tunde, how are you doing. This is just wishing you a great day. Abiola.",71,0,"tunde, how are you doing. this is just wishing you a great day. abiola."
ham,Nope... C ü then...,19,0,nope... c ü then...
ham,No. But we'll do medical missions to nigeria,44,0,no. but we'll do medical missions to nigeria
ham,No i am not having not any movies in my laptop,46,0,no i am not having not any movies in my laptop
spam,Urgent Please call 09066612661 from landline. £5000 cash or a luxury 4* Canary Islands Holiday await collection. T&Cs SAE award. 20M12AQ. 150ppm. 16+ “,151,1,urgent please call 09066612661 from landline. £5000 cash or a luxury 4* canary islands holiday await collection. t&cs sae award. 20m12aq. 150ppm. 16+ “
spam,"Urgent! Please call 09066612661 from your landline, your complimentary 4* Lux Costa Del Sol holiday or £1000 CASH await collection. ppm 150 SAE T&Cs James 28, EH74RR",165,1,"urgent! please call 09066612661 from your landline, your complimentary 4* lux costa del sol holiday or £1000 cash await collection. ppm 150 sae t&cs james 28, eh74rr"
ham,I havent lei.. Next mon can?,28,0,i havent lei.. next mon can?
ham,Mm feeling sleepy. today itself i shall get that dear,53,0,mm feeling sleepy. today itself i shall get that dear
ham,How dare you stupid. I wont tell anything to you. Hear after i wont talk to you:-.,82,0,how dare you stupid. i wont tell anything to you. hear after i wont talk to you:-.
ham,Do ü noe if ben is going?,25,0,do ü noe if ben is going?
ham,Can you do a mag meeting this avo at some point?,48,0,can you do a mag meeting this avo at some point?
ham,I meant middle left or right?,29,0,i meant middle left or right?
ham,Really? I crashed out cuddled on my sofa.,41,0,really? i crashed out cuddled on my sofa.
ham,Hi Chachi tried calling u now unable to reach u .. Pl give me a missed cal once u c tiz msg  Kanagu,99,0,hi chachi tried calling u now unable to reach u .. pl give me a missed cal once u c tiz msg  kanagu
ham,"I sent you the prices and do you mean the  &lt;#&gt; g,",55,0,"i sent you the prices and do you mean the  &lt;#&gt; g,"
ham,Nothing. Can...,15,0,nothing. can...
ham,No * am working on the ringing u thing but have whole houseful of screaming brats so * am pulling my hair out! Loving u,119,0,no * am working on the ringing u thing but have whole houseful of screaming brats so * am pulling my hair out! loving u
ham,But my family not responding for anything. Now am in room not went to home for diwali but no one called me and why not coming. It makes me feel like died.,154,0,but my family not responding for anything. now am in room not went to home for diwali but no one called me and why not coming. it makes me feel like died.
ham,"Tick, tick, tick ... Babe",25,0,"tick, tick, tick ... babe"
ham,R ü going 4 today's meeting?,28,0,r ü going 4 today's meeting?
ham,K da:)how many page you want?,29,0,k da:)how many page you want?
ham,Ya had just now.onion roast.,28,0,ya had just now.onion roast.
ham,Send his number and give reply tomorrow morning for why you said that to him like that ok,89,0,send his number and give reply tomorrow morning for why you said that to him like that ok
ham,You said not now. No problem. When you can. Let me know.,56,0,you said not now. no problem. when you can. let me know.
ham,Ok but tell me half an hr b4 u come i need 2 prepare.,53,0,ok but tell me half an hr b4 u come i need 2 prepare.
ham,Play w computer? Aiyah i tok 2 u lor?,37,0,play w computer? aiyah i tok 2 u lor?
ham,Sat right? Okay thanks... ,26,0,sat right? okay thanks... 
ham,"Derp. Which is worse, a dude who always wants to party or a dude who files a complaint about the three drug abusers he lives with",129,0,"derp. which is worse, a dude who always wants to party or a dude who files a complaint about the three drug abusers he lives with"
ham,Ok Chinese food on its way. When I get fat you're paying for my lipo.,69,0,ok chinese food on its way. when i get fat you're paying for my lipo.
ham,We r outside already.,21,0,we r outside already.
ham,Have a good trip. Watch out for . Remember when you get back we must decide about easter.,89,0,have a good trip. watch out for . remember when you get back we must decide about easter.
ham,Yo we are watching a movie on netflix,37,0,yo we are watching a movie on netflix
ham,What time. I‘m out until prob 3 or so,37,0,what time. i‘m out until prob 3 or so
ham,"Can meh? Thgt some will clash... Really ah, i dun mind... I dun seen to have lost any weight... Gee...",102,0,"can meh? thgt some will clash... really ah, i dun mind... i dun seen to have lost any weight... gee..."
ham,ARR birthday today:) i wish him to get more oscar.,50,0,arr birthday today:) i wish him to get more oscar.
ham,"Open rebtel with firefox. When it loads just put plus sign in the user name place, and it will show you two numbers. The lower number is my number. Once you pick that number the pin will display okay!",200,0,"open rebtel with firefox. when it loads just put plus sign in the user name place, and it will show you two numbers. the lower number is my number. once you pick that number the pin will display okay!"
ham, and  picking them up from various points,41,0, and  picking them up from various points
spam,Married local women looking for discreet action now! 5 real matches instantly to your phone. Text MATCH to 69969 Msg cost 150p 2 stop txt stop BCMSFWC1N3XX,155,1,married local women looking for discreet action now! 5 real matches instantly to your phone. text match to 69969 msg cost 150p 2 stop txt stop bcmsfwc1n3xx
ham,Wow v v impressed. Have funs shopping!,38,0,wow v v impressed. have funs shopping!
ham,I am on the way to ur home,26,0,i am on the way to ur home
spam,Burger King - Wanna play footy at a top stadium? Get 2 Burger King before 1st Sept and go Large or Super with Coca-Cola and walk out a winner,141,1,burger king - wanna play footy at a top stadium? get 2 burger king before 1st sept and go large or super with coca-cola and walk out a winner
ham,No problem. Talk to you later,29,0,no problem. talk to you later
ham,Then ur sis how?,16,0,then ur sis how?
ham,Still in customer place,23,0,still in customer place
spam,How come it takes so little time for a child who is afraid of the dark to become a teenager who wants to stay out all night?,124,1,how come it takes so little time for a child who is afraid of the dark to become a teenager who wants to stay out all night?
ham,"Dude u knw also telugu..thts gud..k, gud nyt..",46,0,"dude u knw also telugu..thts gud..k, gud nyt.."
ham,We confirm eating at esplanade?,31,0,we confirm eating at esplanade?
ham,Send me your id and password,28,0,send me your id and password
ham,Kind of. Took it to garage. Centre part of exhaust needs replacing. Part ordered n taking it to be fixed tomo morning.,118,0,kind of. took it to garage. centre part of exhaust needs replacing. part ordered n taking it to be fixed tomo morning.
spam,"For ur chance to win a £250 cash every wk TXT: ACTION to 80608. T's&C's www.movietrivia.tv custcare 08712405022, 1x150p/wk.",123,1,"for ur chance to win a £250 cash every wk txt: action to 80608. t's&c's www.movietrivia.tv custcare 08712405022, 1x150p/wk."
ham,Well I might not come then...,29,0,well i might not come then...
ham,Long after I quit. I get on only like 5 minutes a day as it is.,63,0,long after i quit. i get on only like 5 minutes a day as it is.
ham,Then its most likely called Mittelschmertz. Google it. If you dont have paracetamol dont worry it will go.,106,0,then its most likely called mittelschmertz. google it. if you dont have paracetamol dont worry it will go.
ham,Well at this right I'm gonna have to get up and check today's steam sales/pee so text me when you want me to come get you,121,0,well at this right i'm gonna have to get up and check today's steam sales/pee so text me when you want me to come get you
ham,"Just arrived, see you in a couple days &lt;3",44,0,"just arrived, see you in a couple days &lt;3"
ham,"K, wat s tht incident?",22,0,"k, wat s tht incident?"
ham,Yeah get the unlimited,22,0,yeah get the unlimited
ham,cThen i thk shd b enuff.. Still got conclusion n contents pg n references.. I'll b doing da contents pg n cover pg..,116,0,cthen i thk shd b enuff.. still got conclusion n contents pg n references.. i'll b doing da contents pg n cover pg..
ham,"Forgot it takes me 3 years to shower, sorry. Where you at/your phone dead yet?",78,0,"forgot it takes me 3 years to shower, sorry. where you at/your phone dead yet?"
ham,Ü got wat to buy tell us then ü no need to come in again.,57,0,ü got wat to buy tell us then ü no need to come in again.
ham,When you are big..| God will bring success.,43,0,when you are big..| god will bring success.
spam,U’ve Bin Awarded £50 to Play 4 Instant Cash. Call 08715203028 To Claim. EVERY 9th Player Wins Min £50-£500. OptOut 08718727870,126,1,u’ve bin awarded £50 to play 4 instant cash. call 08715203028 to claim. every 9th player wins min £50-£500. optout 08718727870
ham,"… we r stayin here an extra week, back next wed. How did we do in the rugby this weekend? Hi to and and , c u soon """,116,0,"… we r stayin here an extra week, back next wed. how did we do in the rugby this weekend? hi to and and , c u soon """
ham,Well there's still a bit left if you guys want to tonight,57,0,well there's still a bit left if you guys want to tonight
ham,Not from this campus. Are you in the library?,45,0,not from this campus. are you in the library?
ham,"The affidavit says  &lt;#&gt;  E Twiggs St, division g, courtroom  &lt;#&gt; , &lt;TIME&gt;  AM. I'll double check and text you again tomorrow",142,0,"the affidavit says  &lt;#&gt;  e twiggs st, division g, courtroom  &lt;#&gt; , &lt;time&gt;  am. i'll double check and text you again tomorrow"
ham,How will I creep on you now? ;_;,32,0,how will i creep on you now? ;_;
ham,If I get there before you after your ten billion calls and texts so help me god,79,0,if i get there before you after your ten billion calls and texts so help me god
ham,I've told him that i've returned it. That should i re order it.,63,0,i've told him that i've returned it. that should i re order it.
ham,"House-Maid is the murderer, coz the man was murdered on  &lt;#&gt; th January.. As public holiday all govt.instituitions are closed,including post office..",155,0,"house-maid is the murderer, coz the man was murdered on  &lt;#&gt; th january.. as public holiday all govt.instituitions are closed,including post office.."
ham,Depends on where u going lor.,29,0,depends on where u going lor.
ham,And smile for me right now as you go and the world will wonder what you are smiling about and think your crazy and keep away from you ... *grins*,145,0,and smile for me right now as you go and the world will wonder what you are smiling about and think your crazy and keep away from you ... *grins*
spam,FreeMsg>FAV XMAS TONES!Reply REAL,33,1,freemsg>fav xmas tones!reply real
ham,Lil fever:) now fine:),22,0,lil fever:) now fine:)
ham,I think it's all still in my car,32,0,i think it's all still in my car
ham,Can a not?,10,0,can a not?
spam,December only! Had your mobile 11mths+? You are entitled to update to the latest colour camera mobile for Free! Call The Mobile Update Co FREE on 08002986906 ,158,1,december only! had your mobile 11mths+? you are entitled to update to the latest colour camera mobile for free! call the mobile update co free on 08002986906 
ham,Yes princess! I want to catch you with my big strong hands...,61,0,yes princess! i want to catch you with my big strong hands...
ham,Oh yeah I forgot. U can only take 2 out shopping at once.,57,0,oh yeah i forgot. u can only take 2 out shopping at once.
ham,Mm so you asked me not to call radio,36,0,mm so you asked me not to call radio
ham,Thinkin about someone is all good. No drugs for that,52,0,thinkin about someone is all good. no drugs for that
ham,"Enjoy the showers of possessiveness poured on u by ur loved ones, bcoz in this world of lies, it is a golden gift to be loved truly..",133,0,"enjoy the showers of possessiveness poured on u by ur loved ones, bcoz in this world of lies, it is a golden gift to be loved truly.."
ham,"Alright if you're sure, let me know when you're leaving",55,0,"alright if you're sure, let me know when you're leaving"
ham,Some are lasting as much as 2 hours. You might get lucky.,57,0,some are lasting as much as 2 hours. you might get lucky.
ham,Genius what's up. How your brother. Pls send his number to my skype.,68,0,genius what's up. how your brother. pls send his number to my skype.
spam,"Gr8 Poly tones 4 ALL mobs direct 2u rply with POLY TITLE to 8007 eg POLY BREATHE1 Titles: CRAZYIN, SLEEPINGWITH, FINEST, YMCA :getzed.co.uk POBox365O4W45WQ 300p",160,1,"gr8 poly tones 4 all mobs direct 2u rply with poly title to 8007 eg poly breathe1 titles: crazyin, sleepingwith, finest, ymca :getzed.co.uk pobox365o4w45wq 300p"
ham,Thk some of em find wtc too far... Weiyi not goin... E rest i dunno yet... R ur goin 4 dinner den i might b able to join...,123,0,thk some of em find wtc too far... weiyi not goin... e rest i dunno yet... r ur goin 4 dinner den i might b able to join...
ham,Don't forget who owns you and who's private property you are ... And be my good boy always .. *passionate kiss*,111,0,don't forget who owns you and who's private property you are ... and be my good boy always .. *passionate kiss*
spam,INTERFLORA - It's not too late to order Interflora flowers for christmas call 0800 505060 to place your order before Midnight tomorrow.,136,1,interflora - it's not too late to order interflora flowers for christmas call 0800 505060 to place your order before midnight tomorrow.
ham,Oh god..taken the teeth?is it paining,37,0,oh god..taken the teeth?is it paining
spam,ROMCAPspam Everyone around should be responding well to your presence since you are so warm and outgoing. You are bringing in a real breath of sunshine.,152,1,romcapspam everyone around should be responding well to your presence since you are so warm and outgoing. you are bringing in a real breath of sunshine.
ham,Then u ask darren go n pick u lor... But i oso sian tmr haf 2 meet lect...,74,0,then u ask darren go n pick u lor... but i oso sian tmr haf 2 meet lect...
ham,No need to buy lunch for me.. I eat maggi mee..,47,0,no need to buy lunch for me.. i eat maggi mee..
spam,"Congratulations - Thanks to a good friend U have WON the £2,000 Xmas prize. 2 claim is easy, just call 08712103738 NOW! Only 10p per minute. BT-national-rate",157,1,"congratulations - thanks to a good friend u have won the £2,000 xmas prize. 2 claim is easy, just call 08712103738 now! only 10p per minute. bt-national-rate"
ham,"Oh right, ok. I'll make sure that i do loads of work during the day!  got a really nasty cough today and is dry n shot so that should really help it!",149,0,"oh right, ok. i'll make sure that i do loads of work during the day!  got a really nasty cough today and is dry n shot so that should really help it!"
spam,Send a logo 2 ur lover - 2 names joined by a heart. Txt LOVE NAME1 NAME2 MOBNO eg LOVE ADAM EVE 07123456789 to 87077 Yahoo! POBox36504W45WQ TxtNO 4 no ads 150p.,160,1,send a logo 2 ur lover - 2 names joined by a heart. txt love name1 name2 mobno eg love adam eve 07123456789 to 87077 yahoo! pobox36504w45wq txtno 4 no ads 150p.
ham,Thanx 4 sending me home...,26,0,thanx 4 sending me home...
ham,Its normally hot mail. Com you see!,35,0,its normally hot mail. com you see!
spam,"You've won tkts to the EURO2004 CUP FINAL or £800 CASH, to collect CALL 09058099801 b4190604, POBOX 7876150ppm",110,1,"you've won tkts to the euro2004 cup final or £800 cash, to collect call 09058099801 b4190604, pobox 7876150ppm"
ham,U sick still can go shopping?,29,0,u sick still can go shopping?
ham,"Ya they are well and fine., BBD(pooja) full pimples..even she become quite black..and ur rite here its too cold, wearing sweatter..",131,0,"ya they are well and fine., bbd(pooja) full pimples..even she become quite black..and ur rite here its too cold, wearing sweatter.."
ham,Nice.nice.how is it working?,28,0,nice.nice.how is it working?
ham,1's reach home call me.,23,0,1's reach home call me.
ham,Were trying to find a Chinese food place around here,52,0,were trying to find a chinese food place around here
ham,"Easy mate, * guess the quick drink was bit ambitious.",53,0,"easy mate, * guess the quick drink was bit ambitious."
ham,BABE !!! I miiiiiiissssssssss you ! I need you !!! I crave you !!! :-( ... Geeee ... I'm so sad without you babe ... I love you ...,131,0,babe !!! i miiiiiiissssssssss you ! i need you !!! i crave you !!! :-( ... geeee ... i'm so sad without you babe ... i love you ...
ham,Ok thanx...,11,0,ok thanx...
ham,"Tunji, how's the queen? how are you doing. This is just wishing you a great day. Abiola.",88,0,"tunji, how's the queen? how are you doing. this is just wishing you a great day. abiola."
ham,Today iZ Yellow rose day. If u love my frndship give me 1 misscall &amp; send this to ur frndZ &amp; See how many miss calls u get. If u get 6missed U marry ur Lover.,166,0,today iz yellow rose day. if u love my frndship give me 1 misscall &amp; send this to ur frndz &amp; see how many miss calls u get. if u get 6missed u marry ur lover.
ham,Will be out of class in a few hours. Sorry,42,0,will be out of class in a few hours. sorry
ham,Wat time u finish ur lect today?,32,0,wat time u finish ur lect today?
spam,"Free-message: Jamster!Get the crazy frog sound now! For poly text MAD1, for real text MAD2 to 88888. 6 crazy sounds for just 3 GBP/week! 16+only! T&C's apply",157,1,"free-message: jamster!get the crazy frog sound now! for poly text mad1, for real text mad2 to 88888. 6 crazy sounds for just 3 gbp/week! 16+only! t&c's apply"
spam,"YOUR CHANCE TO BE ON A REALITY FANTASY SHOW call now = 08707509020 Just 20p per min NTT Ltd, PO Box 1327 Croydon CR9 5WB 0870 is a national = rate call",151,1,"your chance to be on a reality fantasy show call now = 08707509020 just 20p per min ntt ltd, po box 1327 croydon cr9 5wb 0870 is a national = rate call"
ham,She's fine. Good to hear from you. How are you my dear? Happy new year oh.,74,0,she's fine. good to hear from you. how are you my dear? happy new year oh.
ham,Are you going to wipro interview today?,39,0,are you going to wipro interview today?
ham,how tall are you princess?,26,0,how tall are you princess?
ham,I doubt you could handle 5 times per night in any case...,57,0,i doubt you could handle 5 times per night in any case...
ham,Haha... Hope ü can hear the receipt sound... Gd luck!,53,0,haha... hope ü can hear the receipt sound... gd luck!
ham,Your gonna be the death if me. I'm gonna leave a note that says its all robs fault. Avenge me.,94,0,your gonna be the death if me. i'm gonna leave a note that says its all robs fault. avenge me.
ham,"Japanese Proverb: If one Can do it, U too Can do it, If none Can do it,U must do it Indian version: If one Can do it, LET HIM DO it.. If none Can do it,LEAVE it!! And finally Kerala version: If one can do it, Stop him doing it.. If none can do it, Make a strike against it ...",276,0,"japanese proverb: if one can do it, u too can do it, if none can do it,u must do it indian version: if one can do it, let him do it.. if none can do it,leave it!! and finally kerala version: if one can do it, stop him doing it.. if none can do it, make a strike against it ..."
ham,Today i'm not workin but not free oso... Gee... Thgt u workin at ur fren's shop ? ,82,0,today i'm not workin but not free oso... gee... thgt u workin at ur fren's shop ? 
ham,In life when you face choices Just toss a coin not becoz its settle the question But while the coin in the air U will know what your heart is hoping for. Gudni8,160,0,in life when you face choices just toss a coin not becoz its settle the question but while the coin in the air u will know what your heart is hoping for. gudni8
ham,I want to be there so i can kiss you and feel you next to me,60,0,i want to be there so i can kiss you and feel you next to me
ham,I am not at all happy with what you saying or doing,51,0,i am not at all happy with what you saying or doing
spam,Adult 18 Content Your video will be with you shortly,52,1,adult 18 content your video will be with you shortly
ham,"Ok that would b lovely, if u r sure. Think about wot u want to do, drinkin, dancin, eatin, cinema, in, out, about... Up to u! Wot about ? ",138,0,"ok that would b lovely, if u r sure. think about wot u want to do, drinkin, dancin, eatin, cinema, in, out, about... up to u! wot about ? "
ham,What I'm saying is if you haven't explicitly told nora I know someone I'm probably just not gonna bother,104,0,what i'm saying is if you haven't explicitly told nora i know someone i'm probably just not gonna bother
ham,Smith waste da.i wanna gayle.,29,0,smith waste da.i wanna gayle.
ham,"Mum, i've sent you many many messages since i got here. I just want to know that you are actually getting them. Do enjoy the rest of your day.",142,0,"mum, i've sent you many many messages since i got here. i just want to know that you are actually getting them. do enjoy the rest of your day."
ham,"Aight, tomorrow around  &lt;#&gt;  it is",40,0,"aight, tomorrow around  &lt;#&gt;  it is"
spam,"YOUR CHANCE TO BE ON A REALITY FANTASY SHOW call now = 08707509020 Just 20p per min NTT Ltd, PO Box 1327 Croydon CR9 5WB 0870 is a national = rate call.",152,1,"your chance to be on a reality fantasy show call now = 08707509020 just 20p per min ntt ltd, po box 1327 croydon cr9 5wb 0870 is a national = rate call."
ham,I actually did for the first time in a while. I went to bed not too long after i spoke with you. Woke up at 7. How was your night?,130,0,i actually did for the first time in a while. i went to bed not too long after i spoke with you. woke up at 7. how was your night?
ham,See you there! ,15,0,see you there! 
ham,I dont understand your message.,31,0,i dont understand your message.
ham,Crucify is c not s. You should have told me earlier.,52,0,crucify is c not s. you should have told me earlier.
ham,"Idk. You keep saying that you're not, but since he moved, we keep butting heads over freedom vs. responsibility. And i'm tired. I have so much other shit to deal with that i'm barely keeping myself together once this gets added to it.",234,0,"idk. you keep saying that you're not, but since he moved, we keep butting heads over freedom vs. responsibility. and i'm tired. i have so much other shit to deal with that i'm barely keeping myself together once this gets added to it."
ham,Fuck cedar key and fuck her (come over anyway tho),50,0,fuck cedar key and fuck her (come over anyway tho)
ham,twenty past five he said will this train have been to durham already or not coz i am in a reserved seat,103,0,twenty past five he said will this train have been to durham already or not coz i am in a reserved seat
spam,"Hey Boys. Want hot XXX pics sent direct 2 ur phone? Txt PORN to 69855, 24Hrs free and then just 50p per day. To stop text STOPBCM SF WC1N3XX",140,1,"hey boys. want hot xxx pics sent direct 2 ur phone? txt porn to 69855, 24hrs free and then just 50p per day. to stop text stopbcm sf wc1n3xx"
ham,U still painting ur wall?,25,0,u still painting ur wall?
ham,Printer is cool. I mean groovy. Wine is groovying,49,0,printer is cool. i mean groovy. wine is groovying
ham,Hi Harish's rent has been transfred to ur Acnt.,47,0,hi harish's rent has been transfred to ur acnt.
ham,Anything lor is she coming?,27,0,anything lor is she coming?
ham,Cbe is really good nowadays:)lot of shop and showrooms:)city is shaping good.,77,0,cbe is really good nowadays:)lot of shop and showrooms:)city is shaping good.
ham,Ü still attending da talks?,27,0,ü still attending da talks?
ham,No probs hon! How u doinat the mo?,34,0,no probs hon! how u doinat the mo?
ham,K I'll take care of it,22,0,k i'll take care of it
ham,I take it we didn't have the phone callon Friday. Can we assume we won't have it this year now?,95,0,i take it we didn't have the phone callon friday. can we assume we won't have it this year now?
ham,My battery is low babe,22,0,my battery is low babe
ham,Shuhui has bought ron's present it's a swatch watch...,54,0,shuhui has bought ron's present it's a swatch watch...
ham,"Yeah there's quite a bit left, I'll swing by tomorrow when I get up",67,0,"yeah there's quite a bit left, i'll swing by tomorrow when i get up"
ham,Babe? You said 2 hours and it's been almost 4 ... Is your internet down ?,73,0,babe? you said 2 hours and it's been almost 4 ... is your internet down ?
ham,K I'll be sure to get up before noon and see what's what,56,0,k i'll be sure to get up before noon and see what's what
ham,K...k...yesterday i was in cbe .,32,0,k...k...yesterday i was in cbe .
ham,Went to ganesh dress shop,25,0,went to ganesh dress shop
spam,"pdate_Now - Double mins and 1000 txts on Orange tariffs. Latest Motorola, SonyEricsson & Nokia & Bluetooth FREE! Call MobileUpd8 on 08000839402 or call2optout/!YHL",163,1,"pdate_now - double mins and 1000 txts on orange tariffs. latest motorola, sonyericsson & nokia & bluetooth free! call mobileupd8 on 08000839402 or call2optout/!yhl"
ham,Ü collecting ur laptop then going to configure da settings izzit?,65,0,ü collecting ur laptop then going to configure da settings izzit?
ham,"Aight, I should be there by 8 at the latest, probably closer to 7. Are jay and tyler down or should we just do two trips?",121,0,"aight, i should be there by 8 at the latest, probably closer to 7. are jay and tyler down or should we just do two trips?"
ham,Come aftr  &lt;DECIMAL&gt; ..now i m cleaning the house,55,0,come aftr  &lt;decimal&gt; ..now i m cleaning the house
spam,Ur cash-balance is currently 500 pounds - to maximize ur cash-in now send CASH to 86688 only 150p/msg. CC: 08718720201 PO BOX 114/14 TCR/W1,139,1,ur cash-balance is currently 500 pounds - to maximize ur cash-in now send cash to 86688 only 150p/msg. cc: 08718720201 po box 114/14 tcr/w1
ham,"Bill, as in: Are there any letters for me. i’m expecting one from orange that isn’t a bill but may still say orange on it.",122,0,"bill, as in: are there any letters for me. i’m expecting one from orange that isn’t a bill but may still say orange on it."
ham,Tell me pa. How is pain de.,27,0,tell me pa. how is pain de.
ham,HI DARLIN I HOPE YOU HAD A NICE NIGHT I WISH I HAD COME CANT WAIT TO SEE YOU LOVE FRAN PS I WANT DIRTY ANAL SEX AND I WANT A 10 MAN GANG BANG,141,0,hi darlin i hope you had a nice night i wish i had come cant wait to see you love fran ps i want dirty anal sex and i want a 10 man gang bang
ham,"Ha. You don‘t know either. I did a a clever but simple thing with pears the other day, perfect for christmas.",109,0,"ha. you don‘t know either. i did a a clever but simple thing with pears the other day, perfect for christmas."
ham,"Helloooo... Wake up..! ""Sweet"" ""morning"" ""welcomes"" ""You"" ""Enjoy"" ""This Day"" ""with full of joy"".. ""GUD MRNG"".",109,0,"helloooo... wake up..! ""sweet"" ""morning"" ""welcomes"" ""you"" ""enjoy"" ""this day"" ""with full of joy"".. ""gud mrng""."
ham,ALRITE,6,0,alrite
ham,Why must we sit around and wait for summer days to celebrate. Such a magical sight when the worlds dressed in white. Oooooh let there be snow.,142,0,why must we sit around and wait for summer days to celebrate. such a magical sight when the worlds dressed in white. oooooh let there be snow.
spam,URGENT! Your Mobile number has been awarded with a £2000 prize GUARANTEED. Call 09058094454 from land line. Claim 3030. Valid 12hrs only,136,1,urgent! your mobile number has been awarded with a £2000 prize guaranteed. call 09058094454 from land line. claim 3030. valid 12hrs only
ham,How do you guys go to see movies on your side.,46,0,how do you guys go to see movies on your side.
ham,You didn't have to tell me that...now i'm thinking. Plus he's going to stop all your runs,89,0,you didn't have to tell me that...now i'm thinking. plus he's going to stop all your runs
ham,Kindly send some one to our flat before  &lt;DECIMAL&gt;  today.,64,0,kindly send some one to our flat before  &lt;decimal&gt;  today.
spam,Sorry! U can not unsubscribe yet. THE MOB offer package has a min term of 54 weeks> pls resubmit request after expiry. Reply THEMOB HELP 4 more info,148,1,sorry! u can not unsubscribe yet. the mob offer package has a min term of 54 weeks> pls resubmit request after expiry. reply themob help 4 more info
ham,Nothing lor... A bit bored too... Then y dun u go home early 2 sleep today...,77,0,nothing lor... a bit bored too... then y dun u go home early 2 sleep today...
ham,What time should I tell my friend to be around?,47,0,what time should i tell my friend to be around?
ham,Yes. that will be fine. Love you. Be safe.,42,0,yes. that will be fine. love you. be safe.
ham,Thanks chikku..:-) gud nyt:-*,29,0,thanks chikku..:-) gud nyt:-*
ham,Is xy in ur car when u picking me up?,37,0,is xy in ur car when u picking me up?
ham,"Thanx 4 the time weve spent 2geva, its bin mint! Ur my Baby and all I want is u!xxxx",85,0,"thanx 4 the time weve spent 2geva, its bin mint! ur my baby and all i want is u!xxxx"
ham,"Yo, any way we could pick something up tonight?",47,0,"yo, any way we could pick something up tonight?"
ham,I've not sent it. He can send me.,33,0,i've not sent it. he can send me.
ham,Fine am simply sitting.,23,0,fine am simply sitting.
ham,Thts god's gift for birds as humans hav some natural gift frm god..,67,0,thts god's gift for birds as humans hav some natural gift frm god..
ham,Are you coming to day for class.,32,0,are you coming to day for class.
ham,Im done. Just studyn in library,31,0,im done. just studyn in library
ham,Ok... U enjoy ur shows...,25,0,ok... u enjoy ur shows...
ham,Anything...,11,0,anything...
ham,Where wuld I be without my baby? The thought alone mite break me and I dont wanna go crazy but everyboy needs his lady xxxxxxxx,128,0,where wuld i be without my baby? the thought alone mite break me and i dont wanna go crazy but everyboy needs his lady xxxxxxxx
ham,Wat's my dear doing? Sleeping ah?,33,0,wat's my dear doing? sleeping ah?
ham,Hi' Test on  &lt;#&gt; rd ....,30,0,hi' test on  &lt;#&gt; rd ....
ham,Only 2% students solved this CAT question in 'xam... 5+3+2= &lt;#&gt;  9+2+4= &lt;#&gt;  8+6+3= &lt;#&gt;  then 7+2+5=????? Tell me the answer if u r brilliant...1thing.i got d answr.,183,0,only 2% students solved this cat question in 'xam... 5+3+2= &lt;#&gt;  9+2+4= &lt;#&gt;  8+6+3= &lt;#&gt;  then 7+2+5=????? tell me the answer if u r brilliant...1thing.i got d answr.
ham,Yo do you know anyone  &lt;#&gt;  or otherwise able to buy liquor? Our guy flaked and right now if we don't get a hold of somebody its just 4 loko all night,156,0,yo do you know anyone  &lt;#&gt;  or otherwise able to buy liquor? our guy flaked and right now if we don't get a hold of somebody its just 4 loko all night
ham,Yup n her fren lor. I'm meeting my fren at 730.,47,0,yup n her fren lor. i'm meeting my fren at 730.
ham,"Yeah, we got one lined up for us",32,0,"yeah, we got one lined up for us"
ham,"And stop wondering ""wow is she ever going to stop tm'ing me ?!"" because I will tm you whenever I want because you are MINE ... *laughs*",135,0,"and stop wondering ""wow is she ever going to stop tm'ing me ?!"" because i will tm you whenever i want because you are mine ... *laughs*"
ham,Lol yep did that yesterday. Already got my fireplace. Now its just another icon sitting there for me.,101,0,lol yep did that yesterday. already got my fireplace. now its just another icon sitting there for me.
ham,Hey i've booked the pilates and yoga lesson already... Haha,59,0,hey i've booked the pilates and yoga lesson already... haha
ham,Are you ok. What happen to behave like this,43,0,are you ok. what happen to behave like this
spam,You have 1 new message. Please call 08712400200.,48,1,you have 1 new message. please call 08712400200.
ham,My supervisor find 4 me one lor i thk his students. I havent ask her yet. Tell u aft i ask her.,95,0,my supervisor find 4 me one lor i thk his students. i havent ask her yet. tell u aft i ask her.
ham,"Hello. No news on job, they are making me wait a fifth week! Yeah im up for some woozles and weasels... In exeter still, but be home about 3. ",142,0,"hello. no news on job, they are making me wait a fifth week! yeah im up for some woozles and weasels... in exeter still, but be home about 3. "
spam,We currently have a message awaiting your collection. To collect your message just call 08718723815.,100,1,we currently have a message awaiting your collection. to collect your message just call 08718723815.
ham,"Hey babe, sorry i didn't get sooner. Gary can come and fix it cause he thinks he knows what it is but he doesn't go as far a Ptbo and he says it will cost  &lt;#&gt;  bucks. I don't know if it might be cheaper to find someone there ? We don't have any second hand machines at all right now, let me know what you want to do babe",327,0,"hey babe, sorry i didn't get sooner. gary can come and fix it cause he thinks he knows what it is but he doesn't go as far a ptbo and he says it will cost  &lt;#&gt;  bucks. i don't know if it might be cheaper to find someone there ? we don't have any second hand machines at all right now, let me know what you want to do babe"
ham,make that 3! 4 fucks sake?! x,29,0,make that 3! 4 fucks sake?! x
ham,Leave it. U will always be ignorant.,36,0,leave it. u will always be ignorant.
ham,Nope but i'll b going 2 sch on fri quite early lor cos mys sis got paper in da morn :-),87,0,nope but i'll b going 2 sch on fri quite early lor cos mys sis got paper in da morn :-)
ham,at bruce b downs &amp; fletcher now,35,0,at bruce b downs &amp; fletcher now
ham,Where are you ? You said you would be here when I woke ... :-(,62,0,where are you ? you said you would be here when i woke ... :-(
ham,Hey now am free you can call me.,32,0,hey now am free you can call me.
ham,Tell me whos this pls:-),24,0,tell me whos this pls:-)
spam,"URGENT! Your mobile was awarded a £1,500 Bonus Caller Prize on 27/6/03. Our final attempt 2 contact U! Call 08714714011",119,1,"urgent! your mobile was awarded a £1,500 bonus caller prize on 27/6/03. our final attempt 2 contact u! call 08714714011"
ham,"Think i might have to give it a miss. Am teaching til twelve, then have lecture at two. Damn this working thing.",112,0,"think i might have to give it a miss. am teaching til twelve, then have lecture at two. damn this working thing."
ham,Id have to check but there's only like 1 bowls worth left,57,0,id have to check but there's only like 1 bowls worth left
ham,Yes there were many sweets,26,0,yes there were many sweets
ham,I would but I'm still cozy. And exhausted from last night.nobody went to school or work. Everything is closed.,110,0,i would but i'm still cozy. and exhausted from last night.nobody went to school or work. everything is closed.
ham,Buzzzz! *grins* Did I buzz your ass? Buzz your chest ? Buzz your cock ? Where do you keep your phone ? Is the vibrator on ? Did you feel it shake ?,147,0,buzzzz! *grins* did i buzz your ass? buzz your chest ? buzz your cock ? where do you keep your phone ? is the vibrator on ? did you feel it shake ?
ham,Sir send to group mail check it.,32,0,sir send to group mail check it.
ham,I'm doing da intro covers energy trends n pros n cons... Brief description of nuclear fusion n oso brief history of iter n jet got abt 7 n half pages..,151,0,i'm doing da intro covers energy trends n pros n cons... brief description of nuclear fusion n oso brief history of iter n jet got abt 7 n half pages..
ham,NONE!NOWHERE IKNO DOESDISCOUNT!SHITINNIT,40,0,none!nowhere ikno doesdiscount!shitinnit
ham,You dont know you jabo me abi.,30,0,you dont know you jabo me abi.
spam,"Do you ever notice that when you're driving, anyone going slower than you is an idiot and everyone driving faster than you is a maniac?",135,1,"do you ever notice that when you're driving, anyone going slower than you is an idiot and everyone driving faster than you is a maniac?"
ham,Not yet had..ya sapna aunty manege y'day hogidhe..chinnu full weak and swalpa black agidhane..,94,0,not yet had..ya sapna aunty manege y'day hogidhe..chinnu full weak and swalpa black agidhane..
ham,"Are you being good, baby? :)",28,0,"are you being good, baby? :)"
ham,"Mostly sports type..lyk footbl,crckt..",38,0,"mostly sports type..lyk footbl,crckt.."
ham,Ma head dey swell oh. Thanks for making my day,46,0,ma head dey swell oh. thanks for making my day
ham,U should make a fb list,23,0,u should make a fb list
ham,Sary just need Tim in the bollox &it hurt him a lot so he tol me!,65,0,sary just need tim in the bollox &it hurt him a lot so he tol me!
ham,Happy New Year Princess!,24,0,happy new year princess!
ham,"I'll text carlos and let you know, hang on",42,0,"i'll text carlos and let you know, hang on"
ham,"Don't worry, * is easy once have ingredients!",45,0,"don't worry, * is easy once have ingredients!"
ham,I love u 2 my little pocy bell I am sorry but I love u,54,0,i love u 2 my little pocy bell i am sorry but i love u
ham,"Ok omw now, you at castor?",26,0,"ok omw now, you at castor?"
ham,Yar lor... Keep raining non stop... Or u wan 2 go elsewhere?,60,0,yar lor... keep raining non stop... or u wan 2 go elsewhere?
spam,"Xmas Offer! Latest Motorola, SonyEricsson & Nokia & FREE Bluetooth or DVD! Double Mins & 1000 Txt on Orange. Call MobileUpd8 on 08000839402 or call2optout/4QF2",159,1,"xmas offer! latest motorola, sonyericsson & nokia & free bluetooth or dvd! double mins & 1000 txt on orange. call mobileupd8 on 08000839402 or call2optout/4qf2"
ham,What u mean u almost done? Done wif sleeping? But i tot u going to take a nap.. Yup i send her liao so i'm picking her up at ard 4 smth lor..,141,0,what u mean u almost done? done wif sleeping? but i tot u going to take a nap.. yup i send her liao so i'm picking her up at ard 4 smth lor..
ham,"Tonight? Yeah, I'd be down for that",35,0,"tonight? yeah, i'd be down for that"
ham,What should i eat fo lunch senor,32,0,what should i eat fo lunch senor
ham,"He said that he had a right giggle when he saw u again! You would possibly be the first person2die from NVQ, but think how much you could for! ",143,0,"he said that he had a right giggle when he saw u again! you would possibly be the first person2die from nvq, but think how much you could for! "
ham,No break time one... How... I come out n get my stuff fr ü?,59,0,no break time one... how... i come out n get my stuff fr ü?
spam,Reply to win £100 weekly! What professional sport does Tiger Woods play? Send STOP to 87239 to end service,106,1,reply to win £100 weekly! what professional sport does tiger woods play? send stop to 87239 to end service
ham,"I'm there and I can see you, but you can't see me ? Maybe you should reboot ym ? I seen the buzz",96,0,"i'm there and i can see you, but you can't see me ? maybe you should reboot ym ? i seen the buzz"
ham,Do you still have the grinder?,30,0,do you still have the grinder?
spam,No 1 POLYPHONIC tone 4 ur mob every week! Just txt PT2 to 87575. 1st Tone FREE ! so get txtin now and tell ur friends. 150p/tone. 16 reply HL 4info,147,1,no 1 polyphonic tone 4 ur mob every week! just txt pt2 to 87575. 1st tone free ! so get txtin now and tell ur friends. 150p/tone. 16 reply hl 4info
ham,K.i did't see you.:)k:)where are you now?,41,0,k.i did't see you.:)k:)where are you now?
ham,So i'm doing a list of buyers.,30,0,so i'm doing a list of buyers.
ham,"No idea, I guess we'll work that out an hour after we're supposed to leave since as usual nobody has any interest in figuring shit out before the last second",157,0,"no idea, i guess we'll work that out an hour after we're supposed to leave since as usual nobody has any interest in figuring shit out before the last second"
ham,Mm not entirely sure i understood that text but hey. Ho. Which weekend?,71,0,mm not entirely sure i understood that text but hey. ho. which weekend?
ham,They released vday shirts and when u put it on it makes your bottom half naked instead of those white underwear.,112,0,they released vday shirts and when u put it on it makes your bottom half naked instead of those white underwear.
ham,Don know..he is watching film in computer..,43,0,don know..he is watching film in computer..
ham,No b4 Thursday,14,0,no b4 thursday
ham,"Oh, then your phone phoned me but it disconnected",49,0,"oh, then your phone phoned me but it disconnected"
ham,Id onluy matters when getting on from offcampus,47,0,id onluy matters when getting on from offcampus
spam,This message is free. Welcome to the new & improved Sex & Dogging club! To unsubscribe from this service reply STOP. msgs@150p 18+only,134,1,this message is free. welcome to the new & improved sex & dogging club! to unsubscribe from this service reply stop. msgs@150p 18+only
ham,"Excellent, I'll see what riley's plans are",42,0,"excellent, i'll see what riley's plans are"
ham,Ew are you one of them?,23,0,ew are you one of them?
ham,Also hi wesley how've you been,30,0,also hi wesley how've you been
ham,Ah you see. You have to be in the lingo. I will let you know wot on earth it is when has finished making it!,108,0,ah you see. you have to be in the lingo. i will let you know wot on earth it is when has finished making it!
spam,Update_Now - 12Mths Half Price Orange line rental: 400mins...Call MobileUpd8 on 08000839402 or call2optout=J5Q,110,1,update_now - 12mths half price orange line rental: 400mins...call mobileupd8 on 08000839402 or call2optout=j5q
ham,Imagine Life WITHOUT ME... see.. How fast u are searching me?Don't worry.. l'm always there To disturb U.. Goodnoon..:),119,0,imagine life without me... see.. how fast u are searching me?don't worry.. l'm always there to disturb u.. goodnoon..:)
ham,"Hm good morning, headache anyone? :-)",37,0,"hm good morning, headache anyone? :-)"
ham,Yeah no probs - last night is obviously catching up with you... Speak soon ,75,0,yeah no probs - last night is obviously catching up with you... speak soon 
spam,FREE UNLIMITED HARDCORE PORN direct 2 your mobile Txt PORN to 69200 & get FREE access for 24 hrs then chrgd@50p per day txt Stop 2exit. This msg is free,152,1,free unlimited hardcore porn direct 2 your mobile txt porn to 69200 & get free access for 24 hrs then chrgd@50p per day txt stop 2exit. this msg is free
ham,I might go 2 sch. Yar at e salon now v boring.,46,0,i might go 2 sch. yar at e salon now v boring.
ham, &lt;#&gt;  mins but i had to stop somewhere first.,51,0, &lt;#&gt;  mins but i had to stop somewhere first.
ham,"&lt;#&gt;  is fast approaching. So, Wish u a very Happy New Year Happy Sankranti Happy republic day Happy Valentines Day Happy Shivratri Happy Ugadi Happy Fools day Happy May Day Happy Independence Day, Happy Friendship,Mother,Father,Teachers,Childrens Day, &amp; HAPPY BIRTHDAY 4 U. Happy Ganesh festival Happy Dasara Happy Diwali Happy Christmas  &lt;#&gt;  Good Mornings Afternoons, Evenings Nights. RememberI AM the first to WISHING U ALL THESE...your's Raj",461,0,"&lt;#&gt;  is fast approaching. so, wish u a very happy new year happy sankranti happy republic day happy valentines day happy shivratri happy ugadi happy fools day happy may day happy independence day, happy friendship,mother,father,teachers,childrens day, &amp; happy birthday 4 u. happy ganesh festival happy dasara happy diwali happy christmas  &lt;#&gt;  good mornings afternoons, evenings nights. rememberi am the first to wishing u all these...your's raj"
ham,One of the joys in lifeis waking up each daywith thoughts that somewhereSomeone cares enough tosend a warm morning greeting.. -,127,0,one of the joys in lifeis waking up each daywith thoughts that somewheresomeone cares enough tosend a warm morning greeting.. -
ham,I didn't get the second half of that message,44,0,i didn't get the second half of that message
ham,Wat time do u wan 2 meet me later?,34,0,wat time do u wan 2 meet me later?
ham,I thank you so much for all you do with selflessness. I love you plenty.,72,0,i thank you so much for all you do with selflessness. i love you plenty.
ham,Am in film ill call you later.,30,0,am in film ill call you later.
ham,How dare you change my ring,27,0,how dare you change my ring
ham,You are a very very very very bad girl. Or lady.,48,0,you are a very very very very bad girl. or lady.
ham,I love ya too but try and budget your money better babe. Gary would freak on me if he knew,90,0,i love ya too but try and budget your money better babe. gary would freak on me if he knew
ham,"What part of ""don't initiate"" don't you understand",50,0,"what part of ""don't initiate"" don't you understand"
ham,I finished my lunch already. U wake up already?,47,0,i finished my lunch already. u wake up already?
ham,You still at the game?,22,0,you still at the game?
ham,You have got tallent but you are wasting.,41,0,you have got tallent but you are wasting.
ham,What is your record for one night? :),37,0,what is your record for one night? :)
ham,"Also sir, i sent you an email about how to log into the usc payment portal. I.ll send you another message that should explain how things are back home. Have a great weekend.",173,0,"also sir, i sent you an email about how to log into the usc payment portal. i.ll send you another message that should explain how things are back home. have a great weekend."
ham, gonna let me know cos comes bak from holiday that day.  is coming. Don't4get2text me  number. ,95,0, gonna let me know cos comes bak from holiday that day.  is coming. don't4get2text me  number. 
ham,Jokin only lar... :-) depends on which phone my father can get lor...,69,0,jokin only lar... :-) depends on which phone my father can get lor...
ham,"Aight, lemme know what's up",27,0,"aight, lemme know what's up"
ham,Get ready for  &lt;#&gt;  inches of pleasure...,47,0,get ready for  &lt;#&gt;  inches of pleasure...
ham,;-) ok. I feel like john lennon.,32,0,;-) ok. i feel like john lennon.
ham,Cos darren say ü considering mah so i ask ü...,46,0,cos darren say ü considering mah so i ask ü...
ham,You are not bothering me but you have to trust my answers. Pls.,63,0,you are not bothering me but you have to trust my answers. pls.
ham,One day a crab was running on the sea shore..The waves came n cleared the footprints of the crab.. Crab asked: being my frnd y r u clearing my beautiful footprints? Waves replied: A fox was following ur footprints to catch you! thats y i cleared it off:) frndsship never lets u dwn :-) GUD nyt..,295,0,one day a crab was running on the sea shore..the waves came n cleared the footprints of the crab.. crab asked: being my frnd y r u clearing my beautiful footprints? waves replied: a fox was following ur footprints to catch you! thats y i cleared it off:) frndsship never lets u dwn :-) gud nyt..
ham,Aight what time you want me to come up?,39,0,aight what time you want me to come up?
ham,Slaaaaave ! Where are you ? Must I summon you to me all the time now ? Don't you wish to come to me on your own anymore?,120,0,slaaaaave ! where are you ? must i summon you to me all the time now ? don't you wish to come to me on your own anymore?
ham,Your bill at 3 is £33.65 so thats not bad!,42,0,your bill at 3 is £33.65 so thats not bad!
ham,Let me know how it changes in the next 6hrs. It can even be appendix but you are out of that age range. However its not impossible. So just chill and let me know in 6hrs,169,0,let me know how it changes in the next 6hrs. it can even be appendix but you are out of that age range. however its not impossible. so just chill and let me know in 6hrs
ham,"Hello, yeah i've just got out of the bath and need to do my hair so i'll come up when i'm done, yeah?",101,0,"hello, yeah i've just got out of the bath and need to do my hair so i'll come up when i'm done, yeah?"
ham,So how's the weather over there?,32,0,so how's the weather over there?
ham,"Ok. Not much to do here though. H&M Friday, cant wait. Dunno wot the hell im gonna do for another 3 weeks! Become a slob- oh wait, already done that! ",150,0,"ok. not much to do here though. h&m friday, cant wait. dunno wot the hell im gonna do for another 3 weeks! become a slob- oh wait, already done that! "
ham,Die... Now i have e toot fringe again...,40,0,die... now i have e toot fringe again...
ham,Lol they don't know about my awesome phone. I could click delete right now if I want.,85,0,lol they don't know about my awesome phone. i could click delete right now if i want.
ham,"Awesome question with a cute answer: Someone asked a boy ""how is ur life?"" . . He smiled &amp; answered: . . ""She is fine!"" Gudnite",131,0,"awesome question with a cute answer: someone asked a boy ""how is ur life?"" . . he smiled &amp; answered: . . ""she is fine!"" gudnite"
ham,Please leave this topic..sorry for telling that..,49,0,please leave this topic..sorry for telling that..
ham,Pls send me the correct name da.,32,0,pls send me the correct name da.
ham,What happened to our yo date?,29,0,what happened to our yo date?
ham,Webpage s not available!,24,0,webpage s not available!
ham,Just woke up. Yeesh its late. But I didn't fall asleep til &lt;#&gt; am :/,74,0,just woke up. yeesh its late. but i didn't fall asleep til &lt;#&gt; am :/
spam,You are now unsubscribed all services. Get tons of sexy babes or hunks straight to your phone! go to http://gotbabes.co.uk. No subscriptions.,141,1,you are now unsubscribed all services. get tons of sexy babes or hunks straight to your phone! go to http://gotbabes.co.uk. no subscriptions.
ham,"Dear all, as we know  &lt;#&gt; th is the  &lt;#&gt; th birthday of our loving Gopalettan. We are planning to give a small gift on that day. Those who like to participate in that you are welcome. Please contact our admin team for more details",242,0,"dear all, as we know  &lt;#&gt; th is the  &lt;#&gt; th birthday of our loving gopalettan. we are planning to give a small gift on that day. those who like to participate in that you are welcome. please contact our admin team for more details"
ham,K..k...from tomorrow onwards started ah?,40,0,k..k...from tomorrow onwards started ah?
ham,What u talking bout early morning? It's almost noon where your at!,66,0,what u talking bout early morning? it's almost noon where your at!
ham,Fine. Do you remember me.,25,0,fine. do you remember me.
spam,"Hi babe its Jordan, how r u? Im home from abroad and lonely, text me back if u wanna chat xxSP visionsms.com Text stop to stopCost 150p 08712400603",147,1,"hi babe its jordan, how r u? im home from abroad and lonely, text me back if u wanna chat xxsp visionsms.com text stop to stopcost 150p 08712400603"
ham,Ok. How many should i buy.,26,0,ok. how many should i buy.
ham,"Sounds good, keep me posted",27,0,"sounds good, keep me posted"
spam,Get a brand new mobile phone by being an agent of The Mob! Plus loads more goodies! For more info just text MAT to 87021.,121,1,get a brand new mobile phone by being an agent of the mob! plus loads more goodies! for more info just text mat to 87021.
ham,Ok. So april. Cant wait,23,0,ok. so april. cant wait
ham,Boy you best get yo ass out here quick,38,0,boy you best get yo ass out here quick
ham,Ay wana meet on sat?ü wkg on sat?,33,0,ay wana meet on sat?ü wkg on sat?
ham,I'm now but have to wait till 2 for the bus to pick me.,55,0,i'm now but have to wait till 2 for the bus to pick me.
ham,Apart from the one i told you about yesterday?,46,0,apart from the one i told you about yesterday?
ham,Ok lor... But buy wat?,22,0,ok lor... but buy wat?
ham,Somebody should go to andros and steal ice,42,0,somebody should go to andros and steal ice
ham,Don know. I did't msg him recently.,35,0,don know. i did't msg him recently.
ham,Take us out shopping and Mark will distract Isaiah.=D,53,0,take us out shopping and mark will distract isaiah.=d
ham,"Mum, hope you are having a great day. Hoping this text meets you well and full of life. Have a great day. Abiola",112,0,"mum, hope you are having a great day. hoping this text meets you well and full of life. have a great day. abiola"
ham,There is no sense in my foot and penis.,39,0,there is no sense in my foot and penis.
ham,Okay but i thought you were the expert,38,0,okay but i thought you were the expert
ham,*deep sigh* ... I miss you :-( ... I am really surprised you haven't gone to the net cafe yet to get to me ... Don't you miss me?,129,0,*deep sigh* ... i miss you :-( ... i am really surprised you haven't gone to the net cafe yet to get to me ... don't you miss me?
ham,S.s:)i thinl role is like sachin.just standing. Others have to hit.,67,0,s.s:)i thinl role is like sachin.just standing. others have to hit.
ham,Have a great trip to India. And bring the light to everyone not just with the project but with everyone that is lucky to see you smile. Bye. Abiola,147,0,have a great trip to india. and bring the light to everyone not just with the project but with everyone that is lucky to see you smile. bye. abiola
ham,"And very importantly, all we discuss is between u and i only.",61,0,"and very importantly, all we discuss is between u and i only."
ham,K..k:)how about your training process?,38,0,k..k:)how about your training process?
ham,Ok lor. I ned 2 go toa payoh 4 a while 2 return smth u wan 2 send me there or wat?,82,0,ok lor. i ned 2 go toa payoh 4 a while 2 return smth u wan 2 send me there or wat?
ham,In da car park ,15,0,in da car park 
ham,I wish that I was with you. Holding you tightly. Making you see how important you are. How much you mean to me ... How much I need you ... In my life ...,153,0,i wish that i was with you. holding you tightly. making you see how important you are. how much you mean to me ... how much i need you ... in my life ...
ham,So i asked how's anthony. Dad. And your bf,42,0,so i asked how's anthony. dad. and your bf
ham,"'Wnevr i wana fal in luv vth my books, My bed fals in luv vth me..!'' . Yen madodu, nav pretsorginta, nammanna pretsovru important alwa....!!:) Gud eveB-).",155,0,"'wnevr i wana fal in luv vth my books, my bed fals in luv vth me..!'' . yen madodu, nav pretsorginta, nammanna pretsovru important alwa....!!:) gud eveb-)."
ham,Am going to take bath ill place the key in window:-),52,0,am going to take bath ill place the key in window:-)
spam,LORD OF THE RINGS:RETURN OF THE KING in store NOW!REPLY LOTR by 2 June 4 Chance 2 WIN LOTR soundtrack CDs StdTxtRate. Reply STOP to end txts,140,1,lord of the rings:return of the king in store now!reply lotr by 2 june 4 chance 2 win lotr soundtrack cds stdtxtrate. reply stop to end txts
ham,"Dear, take care. I am just reaching home.love u a lot.",54,0,"dear, take care. i am just reaching home.love u a lot."
ham,staff.science.nus.edu.sg/~phyhcmk/teaching/pc1323,49,0,staff.science.nus.edu.sg/~phyhcmk/teaching/pc1323
ham,Have you emigrated or something? Ok maybe 5.30 was a bit hopeful...,67,0,have you emigrated or something? ok maybe 5.30 was a bit hopeful...
ham,Olol i printed out a forum post by a guy with the exact same  prob which was fixed with a gpu replacement. Hopefully they dont ignore that.,139,0,olol i printed out a forum post by a guy with the exact same  prob which was fixed with a gpu replacement. hopefully they dont ignore that.
ham,We walked from my moms. Right on stagwood pass right on winterstone left on victors hill. Address is &lt;#&gt;,110,0,we walked from my moms. right on stagwood pass right on winterstone left on victors hill. address is &lt;#&gt;
ham,"Yo, you at jp and hungry like a mofo?",37,0,"yo, you at jp and hungry like a mofo?"
ham,This is all just creepy and crazy to me.,40,0,this is all just creepy and crazy to me.
ham,Ok... I din get ur msg...,25,0,ok... i din get ur msg...
ham,Pathaya enketa maraikara pa',28,0,pathaya enketa maraikara pa'
ham,Even if he my friend he is a priest call him now,48,0,even if he my friend he is a priest call him now
ham,"U so lousy, run already come back then half dead... Hee...",58,0,"u so lousy, run already come back then half dead... hee..."
ham,That's y i said it's bad dat all e gals know u... Wat u doing now?,66,0,that's y i said it's bad dat all e gals know u... wat u doing now?
ham,Or remind me in a few hrs.,26,0,or remind me in a few hrs.
ham,"I had been hoping i would not have to send you this message. My rent is due and i dont have enough for it. My reserves are completely gone. Its a loan i need and was hoping you could her. The balance is  &lt;#&gt; . Is there a way i could get that from you, till mid march when i hope to pay back.",297,0,"i had been hoping i would not have to send you this message. my rent is due and i dont have enough for it. my reserves are completely gone. its a loan i need and was hoping you could her. the balance is  &lt;#&gt; . is there a way i could get that from you, till mid march when i hope to pay back."
ham,Hi. Happy New Year. I dont mean to intrude but can you pls let me know how much tuition you paid last semester and how much this semester is. Thanks,148,0,hi. happy new year. i dont mean to intrude but can you pls let me know how much tuition you paid last semester and how much this semester is. thanks
ham,Hello hun how ru? Its here by the way. Im good. Been on 2 dates with that guy i met in walkabout so far. We have to meet up soon. Hows everyone else?,149,0,hello hun how ru? its here by the way. im good. been on 2 dates with that guy i met in walkabout so far. we have to meet up soon. hows everyone else?
ham,Lol I was gonna last month. I cashed some in but I left &lt;#&gt; just in case. I was collecting more during the week cause they announced it on the blog.,154,0,lol i was gonna last month. i cashed some in but i left &lt;#&gt; just in case. i was collecting more during the week cause they announced it on the blog.
spam,Good Luck! Draw takes place 28th Feb 06. Good Luck! For removal send STOP to 87239 customer services 08708034412,112,1,good luck! draw takes place 28th feb 06. good luck! for removal send stop to 87239 customer services 08708034412
ham,"Short But Cute : "" Be a good person , but dont try to prove"" ..... Gud mrng...",78,0,"short but cute : "" be a good person , but dont try to prove"" ..... gud mrng..."
ham,Just haven't decided where yet eh ?,35,0,just haven't decided where yet eh ?
ham,"Wat time liao, where still got.",31,0,"wat time liao, where still got."
ham,Yes watching footie but worried we're going to blow it - Phil Neville?,70,0,yes watching footie but worried we're going to blow it - phil neville?
ham,I wait 4 ü inside da car park...,32,0,i wait 4 ü inside da car park...
ham,Uncle Abbey! Happy New Year. Abiola,35,0,uncle abbey! happy new year. abiola
ham,Now am free call me pa.,23,0,now am free call me pa.
ham,R u saying i should re order the slippers cos i had to pay for returning it.,76,0,r u saying i should re order the slippers cos i had to pay for returning it.
ham,Stop knowing me so well!,24,0,stop knowing me so well!
ham,Good evening! this is roger. How are you?,41,0,good evening! this is roger. how are you?
ham,Small problem in auction:)punj now asking tiwary,48,0,small problem in auction:)punj now asking tiwary
ham,He telling not to tell any one. If so treat for me hi hi hi,59,0,he telling not to tell any one. if so treat for me hi hi hi
spam,1st wk FREE! Gr8 tones str8 2 u each wk. Txt NOKIA ON to 8007 for Classic Nokia tones or HIT ON to 8007 for Polys. Nokia/150p Poly/200p 16+,139,1,1st wk free! gr8 tones str8 2 u each wk. txt nokia on to 8007 for classic nokia tones or hit on to 8007 for polys. nokia/150p poly/200p 16+
ham,U coming 2 pick me?,19,0,u coming 2 pick me?
ham,Thats cool. i liked your photos. You are very sexy!,51,0,thats cool. i liked your photos. you are very sexy!
ham,would u fuckin believe it they didnt know i had thurs pre booked off so they re cancelled me AGAIN! that needs to b sacked,122,0,would u fuckin believe it they didnt know i had thurs pre booked off so they re cancelled me again! that needs to b sacked
ham,"Haha better late than ever, any way I could swing by?",53,0,"haha better late than ever, any way i could swing by?"
ham,Ok. But i finish at 6.,22,0,ok. but i finish at 6.
spam,"LookAtMe!: Thanks for your purchase of a video clip from LookAtMe!, you've been charged 35p. Think you can do better? Why not send a video in a MMSto 32323.",156,1,"lookatme!: thanks for your purchase of a video clip from lookatme!, you've been charged 35p. think you can do better? why not send a video in a mmsto 32323."
ham,I've been barred from all B and Q stores for life!?This twat in orange dungerees came up to me and asked if I wanted decking? So I got the first punch in!!,155,0,i've been barred from all b and q stores for life!?this twat in orange dungerees came up to me and asked if i wanted decking? so i got the first punch in!!
ham,So no messages. Had food?,25,0,so no messages. had food?
ham,Ok going to sleep. Hope i can meet her.,39,0,ok going to sleep. hope i can meet her.
ham,Can you let me know details of fri when u find out cos I'm not in tom or fri. mentionned chinese. Thanks,104,0,can you let me know details of fri when u find out cos i'm not in tom or fri. mentionned chinese. thanks
ham,You're right I have now that I think about it,45,0,you're right i have now that i think about it
ham,Wat r u doing now?,18,0,wat r u doing now?
ham,Is ur lecture over?,19,0,is ur lecture over?
spam,sexy sexy cum and text me im wet and warm and ready for some porn! u up for some fun? THIS MSG IS FREE RECD MSGS 150P INC VAT 2 CANCEL TEXT STOP,144,1,sexy sexy cum and text me im wet and warm and ready for some porn! u up for some fun? this msg is free recd msgs 150p inc vat 2 cancel text stop
ham,Customer place i will call you,30,0,customer place i will call you
ham,Not planned yet :)going to join company on jan 5 only.don know what will happen after that.,91,0,not planned yet :)going to join company on jan 5 only.don know what will happen after that.
ham,Boy; I love u Grl: Hogolo Boy: gold chain kodstini Grl: Agalla Boy: necklace madstini Grl: agalla Boy: Hogli 1 mutai eerulli kodthini! Grl: I love U kano;-),156,0,boy; i love u grl: hogolo boy: gold chain kodstini grl: agalla boy: necklace madstini grl: agalla boy: hogli 1 mutai eerulli kodthini! grl: i love u kano;-)
ham,"Haha I heard that, text me when you're around",45,0,"haha i heard that, text me when you're around"
ham,I.ll get there tomorrow and send it to you,42,0,i.ll get there tomorrow and send it to you
ham,"SHIT BABE.. THASA BIT MESSED UP.YEH, SHE SHUDVETOLD U. DID URGRAN KNOW?NEWAY, ILLSPEAK 2 U2MORO WEN IM NOT ASLEEP...",116,0,"shit babe.. thasa bit messed up.yeh, she shudvetold u. did urgran know?neway, illspeak 2 u2moro wen im not asleep..."
ham,Oh thats late! Well have a good night and i will give u a call tomorrow. Iam now going to go to sleep night night,113,0,oh thats late! well have a good night and i will give u a call tomorrow. iam now going to go to sleep night night
ham,CHEERS U TEX MECAUSE U WEREBORED! YEAH OKDEN HUNNY R UIN WK SAT?SOUNDS LIKEYOUR HAVIN GR8FUN J! KEEP UPDAT COUNTINLOTS OF LOVEME XXXXX.,136,0,cheers u tex mecause u werebored! yeah okden hunny r uin wk sat?sounds likeyour havin gr8fun j! keep updat countinlots of loveme xxxxx.
ham,"Sorry,  in meeting I'll call you later",38,0,"sorry,  in meeting i'll call you later"
ham,Yo! Howz u? girls never rang after india. L,43,0,yo! howz u? girls never rang after india. l
ham,Yeah but which is worse for i,29,0,yeah but which is worse for i
ham,I tagged MY friends that you seemed to count as YOUR friends.,61,0,i tagged my friends that you seemed to count as your friends.
ham,Long time. You remember me today.,33,0,long time. you remember me today.
ham,Havent shopping now lor i juz arrive only,41,0,havent shopping now lor i juz arrive only
ham,Thank u. IT BETTER WORK OUT CAUSE I WILL FEEL USED OTHERWISE,60,0,thank u. it better work out cause i will feel used otherwise
ham,Are you up for the challenge? I know i am :),44,0,are you up for the challenge? i know i am :)
ham,How much did ur hdd casing cost.,32,0,how much did ur hdd casing cost.
ham,Mystery solved! Just opened my email and he's sent me another batch! Isn't he a sweetie,87,0,mystery solved! just opened my email and he's sent me another batch! isn't he a sweetie
ham,I can't describe how lucky you are that I'm actually awake by noon,66,0,i can't describe how lucky you are that i'm actually awake by noon
spam,This is the 2nd time we have tried to contact u. U have won the £1450 prize to claim just call 09053750005 b4 310303. T&Cs/stop SMS 08718725756. 140ppm,151,1,this is the 2nd time we have tried to contact u. u have won the £1450 prize to claim just call 09053750005 b4 310303. t&cs/stop sms 08718725756. 140ppm
ham,Cheers for the card ... Is it that time of year already?,56,0,cheers for the card ... is it that time of year already?
ham,Ugh hopefully the asus ppl dont randomly do a reformat.,55,0,ugh hopefully the asus ppl dont randomly do a reformat.
ham,"Haven't seen my facebook, huh? Lol!",35,0,"haven't seen my facebook, huh? lol!"
ham,"Mah b, I'll pick it up tomorrow",31,0,"mah b, i'll pick it up tomorrow"
ham,Still otside le..u come 2morrow maga..,38,0,still otside le..u come 2morrow maga..
ham,Do u still have plumbers tape and a wrench we could borrow?,59,0,do u still have plumbers tape and a wrench we could borrow?
spam,"Dear Voucher Holder, To claim this weeks offer, at you PC please go to http://www.e-tlp.co.uk/reward. Ts&Cs apply.",114,1,"dear voucher holder, to claim this weeks offer, at you pc please go to http://www.e-tlp.co.uk/reward. ts&cs apply."
ham,It vl bcum more difficult..,27,0,it vl bcum more difficult..
ham,Havent still waitin as usual... Ü come back sch oredi?,54,0,havent still waitin as usual... ü come back sch oredi?
ham,In meeting da. I will call you,30,0,in meeting da. i will call you
ham,K k :-):-) then watch some films.,33,0,k k :-):-) then watch some films.
ham,Does cinema plus drink appeal tomo? * Is a fr thriller by director i like on at mac at 8.30.,92,0,does cinema plus drink appeal tomo? * is a fr thriller by director i like on at mac at 8.30.
ham,There the size of elephant tablets & u shove um up ur ass!!,59,0,there the size of elephant tablets & u shove um up ur ass!!
ham,"So many people seems to be special at first sight, But only very few will remain special to you till your last sight.. Maintain them till life ends.. take cr da",160,0,"so many people seems to be special at first sight, but only very few will remain special to you till your last sight.. maintain them till life ends.. take cr da"
ham,"My Parents, My Kidz, My Friends n My Colleagues. All screaming.. SURPRISE !! and I was waiting on the sofa.. ... ..... ' NAKED...!",130,0,"my parents, my kidz, my friends n my colleagues. all screaming.. surprise !! and i was waiting on the sofa.. ... ..... ' naked...!"
ham,Dunno i juz askin cos i got a card got 20% off 4 a salon called hair sense so i tot it's da one ü cut ur hair. ,111,0,dunno i juz askin cos i got a card got 20% off 4 a salon called hair sense so i tot it's da one ü cut ur hair. 
ham,Good morning pookie pie! Lol hope I didn't wake u up,52,0,good morning pookie pie! lol hope i didn't wake u up
ham,MAYBE IF YOU WOKE UP BEFORE FUCKING 3 THIS WOULDN'T BE A PROBLEM.,65,0,maybe if you woke up before fucking 3 this wouldn't be a problem.
ham,Happy birthday to you....dear.with lots of love.rakhesh NRI,59,0,happy birthday to you....dear.with lots of love.rakhesh nri
spam,"This is the 2nd time we have tried 2 contact u. U have won the 750 Pound prize. 2 claim is easy, call 08712101358 NOW! Only 10p per min. BT-national-rate",153,1,"this is the 2nd time we have tried 2 contact u. u have won the 750 pound prize. 2 claim is easy, call 08712101358 now! only 10p per min. bt-national-rate"
ham,X2  &lt;#&gt; . Are you going to get that,41,0,x2  &lt;#&gt; . are you going to get that
ham,Hi neva worry bout da truth coz the truth will lead me 2 ur heart. Its the least a unique person like u deserve. Sleep tight or morning,136,0,hi neva worry bout da truth coz the truth will lead me 2 ur heart. its the least a unique person like u deserve. sleep tight or morning
spam,UR awarded a City Break and could WIN a £200 Summer Shopping spree every WK. Txt STORE to 88039.SkilGme.TsCs087147403231Winawk!Age16+£1.50perWKsub,146,1,ur awarded a city break and could win a £200 summer shopping spree every wk. txt store to 88039.skilgme.tscs087147403231winawk!age16+£1.50perwksub
ham,Is ur paper today in e morn or aft?,35,0,is ur paper today in e morn or aft?
ham,I will lick up every drop :) are you ready to use your mouth as well?,69,0,i will lick up every drop :) are you ready to use your mouth as well?
ham,And you! Will expect you whenever you text! Hope all goes well tomo ,68,0,and you! will expect you whenever you text! hope all goes well tomo 
ham,Great. P diddy is my neighbor and comes for toothpaste every morning,68,0,great. p diddy is my neighbor and comes for toothpaste every morning
ham,"I av a new number,  . Wil u only use this one,ta.",49,0,"i av a new number,  . wil u only use this one,ta."
ham,So its to be poking man everyday that they teach you in canada abi! How are you. Just saying hi.,96,0,so its to be poking man everyday that they teach you in canada abi! how are you. just saying hi.
ham,7 lor... Change 2 suntec... Wat time u coming?,46,0,7 lor... change 2 suntec... wat time u coming?
ham,No de.am seeing in online shop so that i asked.,47,0,no de.am seeing in online shop so that i asked.
ham,Just curious because my cuz asked what I was up to,50,0,just curious because my cuz asked what i was up to
ham,Okay lor... Wah... like that def they wont let us go... Haha... What did they say in the terms and conditions?,110,0,okay lor... wah... like that def they wont let us go... haha... what did they say in the terms and conditions?
ham,Haha... Yup hopefully  we will lose a few kg by mon. after hip hop can go orchard and weigh again,97,0,haha... yup hopefully  we will lose a few kg by mon. after hip hop can go orchard and weigh again
ham,She's good. How are you. Where r u working now,46,0,she's good. how are you. where r u working now
ham,"Oh, yes, I've just been a little under the weather so i've kind of been coccooning at home",90,0,"oh, yes, i've just been a little under the weather so i've kind of been coccooning at home"
ham,At home also.,13,0,at home also.
ham,This phone has the weirdest auto correct.,41,0,this phone has the weirdest auto correct.
ham,Oops my phone died and I didn't even know. Yeah I like it better.,65,0,oops my phone died and i didn't even know. yeah i like it better.
ham,Havent mus ask if u can 1st wat. Of meet 4 lunch den u n him meet can already lor. Or u wan 2 go ask da ge 1st then confirm w me asap?,134,0,havent mus ask if u can 1st wat. of meet 4 lunch den u n him meet can already lor. or u wan 2 go ask da ge 1st then confirm w me asap?
ham,"She said,'' do u mind if I go into the bedroom for a minute ? '' ''OK'', I sed in a sexy mood. She came out 5 minuts latr wid a cake...n My Wife,",145,0,"she said,'' do u mind if i go into the bedroom for a minute ? '' ''ok'', i sed in a sexy mood. she came out 5 minuts latr wid a cake...n my wife,"
ham,"OH YEAH,AND HAV A GREAT TIME IN NEWQUAY-SEND ME A POSTCARD !1 LOOK AFTER ALL THE GIRLS WHILE IM GONE(U KNOW THE 1IM TALKIN BOUT!)xx",131,0,"oh yeah,and hav a great time in newquay-send me a postcard !1 look after all the girls while im gone(u know the 1im talkin bout!)xx"
ham,We got a divorce. Lol. She.s here,33,0,we got a divorce. lol. she.s here
ham,What's ur pin?,14,0,what's ur pin?
ham,"Babe, have you got enough money to pick up bread and milk ? And I'll give you it back when you get home ?",105,0,"babe, have you got enough money to pick up bread and milk ? and i'll give you it back when you get home ?"
ham,I want snow. It's just freezing and windy.,42,0,i want snow. it's just freezing and windy.
spam,URGENT! We are trying to contact U. Todays draw shows that you have won a £2000 prize GUARANTEED. Call 09066358361 from land line. Claim Y87. Valid 12hrs only,158,1,urgent! we are trying to contact u. todays draw shows that you have won a £2000 prize guaranteed. call 09066358361 from land line. claim y87. valid 12hrs only
ham,Come to mahal bus stop.. &lt;DECIMAL&gt;,40,0,come to mahal bus stop.. &lt;decimal&gt;
ham,Don know:)this week i'm going to tirunelvai da.,47,0,don know:)this week i'm going to tirunelvai da.
ham,Me too baby! I promise to treat you well! I bet you will take good care of me...,80,0,me too baby! i promise to treat you well! i bet you will take good care of me...
ham,Its like that hotel dusk game i think. You solve puzzles in a area thing,72,0,its like that hotel dusk game i think. you solve puzzles in a area thing
spam,"Thanks for your ringtone order, reference number X29. Your mobile will be charged 4.50. Should your tone not arrive please call customer services 09065989180",157,1,"thanks for your ringtone order, reference number x29. your mobile will be charged 4.50. should your tone not arrive please call customer services 09065989180"
ham,"Hi, my love! How goes that day? Fuck, this morning I woke and dropped my cell on the way down the stairs but it seems alright ... *phews* I miss you !",150,0,"hi, my love! how goes that day? fuck, this morning i woke and dropped my cell on the way down the stairs but it seems alright ... *phews* i miss you !"
ham,Well that must be a pain to catch,33,0,well that must be a pain to catch
ham,Sorry da thangam.it's my mistake.,33,0,sorry da thangam.it's my mistake.
ham,I need... Coz i never go before ,32,0,i need... coz i never go before 
ham,"Rose for red,red for blood,blood for heart,heart for u. But u for me.... Send tis to all ur friends.. Including me.. If u like me.. If u get back, 1-u r poor in relation! 2-u need some 1 to support 3-u r frnd 2 many 4-some1 luvs u 5+- some1 is praying god to marry u.:-) try it....",281,0,"rose for red,red for blood,blood for heart,heart for u. but u for me.... send tis to all ur friends.. including me.. if u like me.. if u get back, 1-u r poor in relation! 2-u need some 1 to support 3-u r frnd 2 many 4-some1 luvs u 5+- some1 is praying god to marry u.:-) try it...."
spam,Ur cash-balance is currently 500 pounds - to maximize ur cash-in now send COLLECT to 83600 only 150p/msg. CC: 08718720201 PO BOX 114/14 TCR/W1,142,1,ur cash-balance is currently 500 pounds - to maximize ur cash-in now send collect to 83600 only 150p/msg. cc: 08718720201 po box 114/14 tcr/w1
ham,"I feel like a dick because I keep sleeping through your texts and facebook messages. Sup, you in town?",102,0,"i feel like a dick because i keep sleeping through your texts and facebook messages. sup, you in town?"
ham,No plm i will come da. On the way.,34,0,no plm i will come da. on the way.
ham,Guess he wants alone time. We could just show up and watch when they do..,73,0,guess he wants alone time. we could just show up and watch when they do..
ham,Height of recycling: Read twice- People spend time for earning money and the same money is spent for spending time!;-) Good morning.. keep smiling:-),149,0,height of recycling: read twice- people spend time for earning money and the same money is spent for spending time!;-) good morning.. keep smiling:-)
ham,Yup ü not comin :-(,19,0,yup ü not comin :-(
ham,"Yes, princess. Toledo.",22,0,"yes, princess. toledo."
ham,"Aight text me when you're back at mu and I'll swing by, need somebody to get the door for me",92,0,"aight text me when you're back at mu and i'll swing by, need somebody to get the door for me"
ham,Ron say fri leh. N he said ding tai feng cant make reservations. But he said wait lor.,86,0,ron say fri leh. n he said ding tai feng cant make reservations. but he said wait lor.
ham,Good. No swimsuit allowed :),28,0,good. no swimsuit allowed :)
ham,Am okay. Will soon be over. All the best,40,0,am okay. will soon be over. all the best
ham,"A cute thought for friendship: ""Its not necessary to share every secret with ur close Frnd, but watever u shared should be true""....",132,0,"a cute thought for friendship: ""its not necessary to share every secret with ur close frnd, but watever u shared should be true""...."
ham,Ok i've sent u da latest version of da project.,47,0,ok i've sent u da latest version of da project.
ham,Pls accept me for one day. Or am begging you change the number.,63,0,pls accept me for one day. or am begging you change the number.
ham,Squeeeeeze!! This is christmas hug.. If u lik my frndshp den hug me back.. If u get 3 u r cute:) 6 u r luvd:* 9 u r so lucky;) None? People hate u:,147,0,squeeeeeze!! this is christmas hug.. if u lik my frndshp den hug me back.. if u get 3 u r cute:) 6 u r luvd:* 9 u r so lucky;) none? people hate u:
ham,"Its ok, if anybody asks abt me, u tel them..:-P",47,0,"its ok, if anybody asks abt me, u tel them..:-p"
ham,"Funny fact Nobody teaches volcanoes 2 erupt, tsunamis 2 arise, hurricanes 2 sway aroundn no 1 teaches hw 2 choose a wife Natural disasters just happens",151,0,"funny fact nobody teaches volcanoes 2 erupt, tsunamis 2 arise, hurricanes 2 sway aroundn no 1 teaches hw 2 choose a wife natural disasters just happens"
ham,* You gonna ring this weekend or wot?,37,0,* you gonna ring this weekend or wot?
ham,Also track down any lighters you can find,41,0,also track down any lighters you can find
ham,"Babe, I need your advice",24,0,"babe, i need your advice"
ham,"I‘ll leave around four, ok?",27,0,"i‘ll leave around four, ok?"
ham,Come to medical college at 7pm ......forward it da,50,0,come to medical college at 7pm ......forward it da
ham,K:)k..its good:)when are you going?,35,0,k:)k..its good:)when are you going?
ham,I can make lasagna for you... vodka...,38,0,i can make lasagna for you... vodka...
ham,HI ITS KATE CAN U GIVE ME A RING ASAP XXX,41,0,hi its kate can u give me a ring asap xxx
ham,Who were those people ? Were you in a tour ? I thought you were doing that sofa thing you sent me ? Your curious sugar,118,0,who were those people ? were you in a tour ? i thought you were doing that sofa thing you sent me ? your curious sugar
ham,"No, but you told me you were going, before you got drunk!",57,0,"no, but you told me you were going, before you got drunk!"
ham,He fucking chickened out. He messaged me he would be late and woould buzz me and then I didn't hear a word from him,115,0,he fucking chickened out. he messaged me he would be late and woould buzz me and then i didn't hear a word from him
spam,"Congratulations! Thanks to a good friend U have WON the £2,000 Xmas prize. 2 claim is easy, just call 08718726978 NOW! Only 10p per minute. BT-national-rate",156,1,"congratulations! thanks to a good friend u have won the £2,000 xmas prize. 2 claim is easy, just call 08718726978 now! only 10p per minute. bt-national-rate"
ham,I'm always looking for an excuse to be in the city.,51,0,i'm always looking for an excuse to be in the city.
ham,Yup i'm still having coffee wif my frens... My fren drove she'll give me a lift...,82,0,yup i'm still having coffee wif my frens... my fren drove she'll give me a lift...
ham,O shore are you takin the bus,29,0,o shore are you takin the bus
ham,So u gonna get deus ex?,23,0,so u gonna get deus ex?
ham,I will send them to your email. Do you mind  &lt;#&gt;  times per night?,72,0,i will send them to your email. do you mind  &lt;#&gt;  times per night?
spam,"44 7732584351, Do you want a New Nokia 3510i colour phone DeliveredTomorrow? With 300 free minutes to any mobile + 100 free texts + Free Camcorder reply or call 08000930705.",173,1,"44 7732584351, do you want a new nokia 3510i colour phone deliveredtomorrow? with 300 free minutes to any mobile + 100 free texts + free camcorder reply or call 08000930705."
ham,tap & spile at seven. * Is that pub on gas st off broad st by canal. Ok?,72,0,tap & spile at seven. * is that pub on gas st off broad st by canal. ok?
ham,Ok then i come n pick u at engin?,33,0,ok then i come n pick u at engin?
ham,Which is why i never wanted to tell you any of this. Which is why i'm so short with you and on-edge as of late.,111,0,which is why i never wanted to tell you any of this. which is why i'm so short with you and on-edge as of late.
ham,Raviyog Peripherals bhayandar east,34,0,raviyog peripherals bhayandar east
ham,K actually can you guys meet me at the sunoco on howard? It should be right on the way,86,0,k actually can you guys meet me at the sunoco on howard? it should be right on the way
ham,"MOON has come to color your dreams, STARS to make them musical and my SMS to give you warm and Peaceful Sleep. Good Night",121,0,"moon has come to color your dreams, stars to make them musical and my sms to give you warm and peaceful sleep. good night"
ham,Just finished eating. Got u a plate. NOT leftovers this time.,61,0,just finished eating. got u a plate. not leftovers this time.
ham,Thanx a lot...,14,0,thanx a lot...
ham,Hurry home u big butt. Hang up on your last caller if u have to. Food is done and I'm starving. Don't ask what I cooked.,120,0,hurry home u big butt. hang up on your last caller if u have to. food is done and i'm starving. don't ask what i cooked.
ham,Lol your right. What diet? Everyday I cheat anyway. I'm meant to be a fatty :(,78,0,lol your right. what diet? everyday i cheat anyway. i'm meant to be a fatty :(
ham,Its a great day. Do have yourself a beautiful one.,50,0,its a great day. do have yourself a beautiful one.
ham,What happened in interview?,27,0,what happened in interview?
ham,Badrith is only for chennai:)i will surely pick for us:)no competition for him.,79,0,badrith is only for chennai:)i will surely pick for us:)no competition for him.
ham,I tot it's my group mate... Lucky i havent reply... Wat time do ü need to leave... ,83,0,i tot it's my group mate... lucky i havent reply... wat time do ü need to leave... 
ham,Hey you around? I've got enough for a half + the ten I owe you,62,0,hey you around? i've got enough for a half + the ten i owe you
ham,Hey tmr maybe can meet you at yck,33,0,hey tmr maybe can meet you at yck
ham,ALRITE SAM ITS NIC JUST CHECKIN THAT THIS IS UR NUMBER-SO IS IT?T.B*,68,0,alrite sam its nic just checkin that this is ur number-so is it?t.b*
ham,They are just making it easy to pay back. I have  &lt;#&gt; yrs to say but i can pay back earlier. You get?,107,0,they are just making it easy to pay back. i have  &lt;#&gt; yrs to say but i can pay back earlier. you get?
ham,Not to worry. I'm sure you'll get it.,37,0,not to worry. i'm sure you'll get it.
ham,"The gas station is like a block away from my house, you'll drive right by it since armenia ends at swann and you have to take howard",132,0,"the gas station is like a block away from my house, you'll drive right by it since armenia ends at swann and you have to take howard"
spam,"Someone U know has asked our dating service 2 contact you! Cant Guess who? CALL 09058097189 NOW all will be revealed. POBox 6, LS15HB 150p ",139,1,"someone u know has asked our dating service 2 contact you! cant guess who? call 09058097189 now all will be revealed. pobox 6, ls15hb 150p "
spam,Camera - You are awarded a SiPix Digital Camera! call 09061221066 fromm landline. Delivery within 28 days,105,1,camera - you are awarded a sipix digital camera! call 09061221066 fromm landline. delivery within 28 days
ham,My tuition is at 330. Hm we go for the 1120 to 1205 one? Do you mind?,69,0,my tuition is at 330. hm we go for the 1120 to 1205 one? do you mind?
ham,"I'm not smoking while people use ""wylie smokes too much"" to justify ruining my shit",83,0,"i'm not smoking while people use ""wylie smokes too much"" to justify ruining my shit"
ham,Dear good morning how you feeling dear,38,0,dear good morning how you feeling dear
ham,A little. Meds say take once every 8 hours. It's only been 5 but pain is back. So I took another. Hope I don't die,114,0,a little. meds say take once every 8 hours. it's only been 5 but pain is back. so i took another. hope i don't die
ham,"Beautiful tomorrow never comes.. When it comes, it's already TODAY.. In the hunt of beautiful tomorrow don't waste your wonderful TODAY.. GOODMORNING:)",151,0,"beautiful tomorrow never comes.. when it comes, it's already today.. in the hunt of beautiful tomorrow don't waste your wonderful today.. goodmorning:)"
ham,Dunno lei ü all decide lor. How abt leona? Oops i tot ben is going n i msg him.,79,0,dunno lei ü all decide lor. how abt leona? oops i tot ben is going n i msg him.
ham,Hi there. We have now moved in2 our pub . Would be great 2 c u if u cud come up.,80,0,hi there. we have now moved in2 our pub . would be great 2 c u if u cud come up.
spam,Todays Voda numbers ending 5226 are selected to receive a ?350 award. If you hava a match please call 08712300220 quoting claim code 1131 standard rates app ,157,1,todays voda numbers ending 5226 are selected to receive a ?350 award. if you hava a match please call 08712300220 quoting claim code 1131 standard rates app 
spam,This message is free. Welcome to the new & improved Sex & Dogging club! To unsubscribe from this service reply STOP. msgs@150p 18 only,134,1,this message is free. welcome to the new & improved sex & dogging club! to unsubscribe from this service reply stop. msgs@150p 18 only
ham,Just do what ever is easier for you,35,0,just do what ever is easier for you
spam,RCT' THNQ Adrian for U text. Rgds Vatian,40,1,rct' thnq adrian for u text. rgds vatian
ham,Stop calling everyone saying I might have cancer. My throat hurts to talk. I can't be answering everyones calls. If I get one more call I'm not babysitting on Monday,165,0,stop calling everyone saying i might have cancer. my throat hurts to talk. i can't be answering everyones calls. if i get one more call i'm not babysitting on monday
ham,"It'll be tough, but I'll do what I have to",42,0,"it'll be tough, but i'll do what i have to"
ham,IM GONNAMISSU SO MUCH!!I WOULD SAY IL SEND U A POSTCARD BUTTHERES ABOUTAS MUCH CHANCE OF MEREMEMBERIN ASTHERE IS OFSI NOT BREAKIN HIS CONTRACT!! LUV Yaxx,153,0,im gonnamissu so much!!i would say il send u a postcard buttheres aboutas much chance of merememberin asthere is ofsi not breakin his contract!! luv yaxx
ham,Ee msg na poortiyagi odalebeku: Hanumanji 7 name 1-Hanuman 2-Bajarangabali 3-Maruti 4-Pavanaputra 5-Sankatmochan 6-Ramaduth 7-Mahaveer ee 7 name  &lt;#&gt;  janarige ivatte kalisidare next saturday olage ondu good news keluviri...! Maretare inde 1 dodda problum nalli siguviri idu matra  &lt;#&gt; % true.. Don't neglet.,320,0,ee msg na poortiyagi odalebeku: hanumanji 7 name 1-hanuman 2-bajarangabali 3-maruti 4-pavanaputra 5-sankatmochan 6-ramaduth 7-mahaveer ee 7 name  &lt;#&gt;  janarige ivatte kalisidare next saturday olage ondu good news keluviri...! maretare inde 1 dodda problum nalli siguviri idu matra  &lt;#&gt; % true.. don't neglet.
ham,HI DARLIN I FINISH AT 3 DO U 1 2 PICK ME UP OR MEET ME? TEXT BACK ON THIS NUMBER LUV KATE XXX,93,0,hi darlin i finish at 3 do u 1 2 pick me up or meet me? text back on this number luv kate xxx
ham,"Set a place for me in your heart and not in your mind, as the mind easily forgets but the heart will always remember. Wish you Happy Valentines Day!",148,0,"set a place for me in your heart and not in your mind, as the mind easily forgets but the heart will always remember. wish you happy valentines day!"
ham,But i'm surprised she still can guess right lor...,50,0,but i'm surprised she still can guess right lor...
ham,Okie ü wan meet at bishan? Cos me at bishan now. I'm not driving today.,71,0,okie ü wan meet at bishan? cos me at bishan now. i'm not driving today.
ham,HI DARLIN HOW WAS WORK DID U GET INTO TROUBLE? IJUST TALKED TO YOUR MUM ALL MORNING! I HAD A REALLY GOOD TIME LAST NIGHT IM GOIN OUT SOON BUT CALL ME IF U CAN,158,0,hi darlin how was work did u get into trouble? ijust talked to your mum all morning! i had a really good time last night im goin out soon but call me if u can
ham,I know you are serving. I mean what are you doing now.,54,0,i know you are serving. i mean what are you doing now.
ham,"Huh... Hyde park not in mel ah, opps, got confused... Anyway, if tt's e best choice den we juz have to take it...",113,0,"huh... hyde park not in mel ah, opps, got confused... anyway, if tt's e best choice den we juz have to take it..."
ham,Oh gei. That happend to me in tron. Maybe ill dl it in 3d when its out,70,0,oh gei. that happend to me in tron. maybe ill dl it in 3d when its out
ham,I know girls always safe and selfish know i got it pa. Thank you. good night.,77,0,i know girls always safe and selfish know i got it pa. thank you. good night.
ham,"No worries, hope photo shoot went well. have a spiffing fun at workage. ",72,0,"no worries, hope photo shoot went well. have a spiffing fun at workage. "
ham,I'm freezing and craving ice. Fml,33,0,i'm freezing and craving ice. fml
ham,Kay... Since we are out already ,32,0,kay... since we are out already 
ham,Eh sorry leh... I din c ur msg. Not sad already lar. Me watching tv now. U still in office?,91,0,eh sorry leh... i din c ur msg. not sad already lar. me watching tv now. u still in office?
ham,Yo im right by yo work,22,0,yo im right by yo work
ham,Ok darlin i supose it was ok i just worry too much.i have to do some film stuff my mate and then have to babysit again! But you can call me there.xx,148,0,ok darlin i supose it was ok i just worry too much.i have to do some film stuff my mate and then have to babysit again! but you can call me there.xx
ham,I don wake since. I checked that stuff and saw that its true no available spaces. Pls call the embassy or send a mail to them.,126,0,i don wake since. i checked that stuff and saw that its true no available spaces. pls call the embassy or send a mail to them.
ham,Nope... Juz off from work...,28,0,nope... juz off from work...
ham,Huh so fast... Dat means u havent finished painting?,52,0,huh so fast... dat means u havent finished painting?
ham, what number do u live at? Is it 11?,36,0, what number do u live at? is it 11?
ham,"No we put party 7 days a week and study lightly, I think we need to draw in some custom checkboxes so they know we're hardcore",126,0,"no we put party 7 days a week and study lightly, i think we need to draw in some custom checkboxes so they know we're hardcore"
ham,Sac will score big hundred.he is set batsman:-),47,0,sac will score big hundred.he is set batsman:-)
ham,Send me yetty's number pls.,27,0,send me yetty's number pls.
ham,How much it will cost approx . Per month.,41,0,how much it will cost approx . per month.
ham,Ok... The theory test? when are ü going to book? I think it's on 21 may. Coz thought wanna go out with jiayin. But she isnt free,128,0,ok... the theory test? when are ü going to book? i think it's on 21 may. coz thought wanna go out with jiayin. but she isnt free
spam,"You are being contacted by our dating service by someone you know! To find out who it is, call from a land line 09050000928. PoBox45W2TG150P",140,1,"you are being contacted by our dating service by someone you know! to find out who it is, call from a land line 09050000928. pobox45w2tg150p"
ham,"That's fine, have him give me a call if he knows what he wants or has any questions",83,0,"that's fine, have him give me a call if he knows what he wants or has any questions"
ham,"Sorry, got a late start, we're on the way",41,0,"sorry, got a late start, we're on the way"
ham,Then u go back urself lor...,28,0,then u go back urself lor...
ham,I AM AT THE GAS STATION. GO THERE.,34,0,i am at the gas station. go there.
ham,"K, if u bored up just come to my home..",39,0,"k, if u bored up just come to my home.."
ham,Babe !!!! I LOVE YOU !!!! *covers your face in kisses*,54,0,babe !!!! i love you !!!! *covers your face in kisses*
ham,"Like I made him throw up when we were smoking in our friend's car one time, it was awesome",90,0,"like i made him throw up when we were smoking in our friend's car one time, it was awesome"
ham,Still i have not checked it da. . .,35,0,still i have not checked it da. . .
ham,You will go to walmart. I.ll stay.,34,0,you will go to walmart. i.ll stay.
ham,"I haven't forgotten you, i might have a couple bucks to send you tomorrow, k? I love ya too",91,0,"i haven't forgotten you, i might have a couple bucks to send you tomorrow, k? i love ya too"
ham,Oh great. I.ll disturb him more so that we can talk.,52,0,oh great. i.ll disturb him more so that we can talk.
ham,Reverse is cheating. That is not mathematics.,45,0,reverse is cheating. that is not mathematics.
ham,U're welcome... Caught u using broken english again...,54,0,u're welcome... caught u using broken english again...
ham,No problem baby. Is this is a good time to talk? I called and left a message.,77,0,no problem baby. is this is a good time to talk? i called and left a message.
ham,Oh is it! Which brand?,22,0,oh is it! which brand?
ham,Sorry i cant take your call right now. It so happens that there r 2waxsto do wat you want. She can come and ill get her medical insurance. And she'll be able to deliver and have basic care. I'm currently shopping for the right medical insurance for her. So just give me til friday morning. Thats when i.ll see the major person that can guide me to the right insurance.,368,0,sorry i cant take your call right now. it so happens that there r 2waxsto do wat you want. she can come and ill get her medical insurance. and she'll be able to deliver and have basic care. i'm currently shopping for the right medical insurance for her. so just give me til friday morning. thats when i.ll see the major person that can guide me to the right insurance.
ham,At what time are you coming.,28,0,at what time are you coming.
ham,Call him and say you not coming today ok and tell them not to fool me like this ok,82,0,call him and say you not coming today ok and tell them not to fool me like this ok
ham,I emailed yifeng my part oredi.. Can ü get it fr him..,54,0,i emailed yifeng my part oredi.. can ü get it fr him..
ham,R u sure they'll understand that! Wine * good idea just had a slurp!,68,0,r u sure they'll understand that! wine * good idea just had a slurp!
ham,Minimum walk is 3miles a day.,29,0,minimum walk is 3miles a day.
ham,Ok not a problem will get them a taxi. C ing  tomorrow and tuesday. On tuesday think we r all going to the cinema. ,115,0,ok not a problem will get them a taxi. c ing  tomorrow and tuesday. on tuesday think we r all going to the cinema. 
ham,"Brainless Baby Doll..:-D;-), vehicle sariyag drive madoke barolla..",67,0,"brainless baby doll..:-d;-), vehicle sariyag drive madoke barolla.."
spam,Sorry I missed your call let's talk when you have the time. I'm on 07090201529,78,1,sorry i missed your call let's talk when you have the time. i'm on 07090201529
ham,Please attend the phone:),25,0,please attend the phone:)
ham,You only hate me. You can call any but you didnt accept even a single call of mine. Or even you messaged,104,0,you only hate me. you can call any but you didnt accept even a single call of mine. or even you messaged
ham,No messages on her phone. I'm holding it now,44,0,no messages on her phone. i'm holding it now
ham,Can... I'm free...,18,0,can... i'm free...
ham,"Yo my trip got postponed, you still stocked up?",47,0,"yo my trip got postponed, you still stocked up?"
ham,I am waiting for your call sir.,31,0,i am waiting for your call sir.
ham,Hey what are you doing. Y no reply pa..,39,0,hey what are you doing. y no reply pa..
ham,"Hey elaine, is today's meeting still on?",40,0,"hey elaine, is today's meeting still on?"
ham,Sorry i've not gone to that place. I.ll do so tomorrow. Really sorry.,69,0,sorry i've not gone to that place. i.ll do so tomorrow. really sorry.
ham,Most of the tiime when i don't let you hug me it's so i don't break into tears.,79,0,most of the tiime when i don't let you hug me it's so i don't break into tears.
ham,Tomorrow i am not going to theatre. . . So i can come wherever u call me. . . Tell me where and when to come tomorrow,117,0,tomorrow i am not going to theatre. . . so i can come wherever u call me. . . tell me where and when to come tomorrow
ham,And now electricity just went out fml.,38,0,and now electricity just went out fml.
ham,"Looks like you found something to do other than smoke, great job!",65,0,"looks like you found something to do other than smoke, great job!"
ham,Also andros ice etc etc,23,0,also andros ice etc etc
ham,:) ,3,0,:) 
ham,"Good afternon, my love. How are today? I hope your good and maybe have some interviews. I wake and miss you babe. A passionate kiss from across the sea",151,0,"good afternon, my love. how are today? i hope your good and maybe have some interviews. i wake and miss you babe. a passionate kiss from across the sea"
ham,Yup. Wun believe wat? U really neva c e msg i sent shuhui?,58,0,yup. wun believe wat? u really neva c e msg i sent shuhui?
ham,Hows that watch resizing,24,0,hows that watch resizing
ham,Dear umma she called me now :-),31,0,dear umma she called me now :-)
ham,Just finished. Missing you plenty,33,0,just finished. missing you plenty
spam,"complimentary 4 STAR Ibiza Holiday or £10,000 cash needs your URGENT collection. 09066364349 NOW from Landline not to lose out! Box434SK38WP150PPM18+",149,1,"complimentary 4 star ibiza holiday or £10,000 cash needs your urgent collection. 09066364349 now from landline not to lose out! box434sk38wp150ppm18+"
ham,"Well, I meant as opposed to my drunken night of before",54,0,"well, i meant as opposed to my drunken night of before"
ham,K... Must book a not huh? so going for yoga basic on sunday?,60,0,k... must book a not huh? so going for yoga basic on sunday?
spam,FREE MSG:We billed your mobile number by mistake from shortcode 83332.Please call 08081263000 to have charges refunded.This call will be free from a BT landline,160,1,free msg:we billed your mobile number by mistake from shortcode 83332.please call 08081263000 to have charges refunded.this call will be free from a bt landline
ham,Ok can...,9,0,ok can...
ham,"Oops - am at my mum's in somerset... Bit far! Back tomo, see you soon x",71,0,"oops - am at my mum's in somerset... bit far! back tomo, see you soon x"
ham,So u workin overtime nigpun?,28,0,so u workin overtime nigpun?
ham,Same as kallis dismissial in 2nd test:-).,41,0,same as kallis dismissial in 2nd test:-).
ham,O. Guess they both got screwd,29,0,o. guess they both got screwd
spam,Please CALL 08712402972 immediately as there is an urgent message waiting for you,81,1,please call 08712402972 immediately as there is an urgent message waiting for you
ham,What r u cooking me for dinner?,31,0,what r u cooking me for dinner?
ham,Bull. Your plan was to go floating off to IKEA with me without a care in the world. So i have to live with your mess another day.,129,0,bull. your plan was to go floating off to ikea with me without a care in the world. so i have to live with your mess another day.
ham,Then i buy.,11,0,then i buy.
spam,URGENT! Your Mobile number has been awarded with a £2000 Bonus Caller Prize. Call 09058095201 from land line. Valid 12hrs only,126,1,urgent! your mobile number has been awarded with a £2000 bonus caller prize. call 09058095201 from land line. valid 12hrs only
ham,Heehee that was so funny tho,28,0,heehee that was so funny tho
ham,It only does simple arithmetic not percentages.,47,0,it only does simple arithmetic not percentages.
ham,"Yeah we wouldn't leave for an hour at least, how's 4 sound?",59,0,"yeah we wouldn't leave for an hour at least, how's 4 sound?"
ham,Thanks honey. Have a great day.,31,0,thanks honey. have a great day.
ham,"'An Amazing Quote'' - ""Sometimes in life its difficult to decide whats wrong!! a lie that brings a smile or the truth that brings a tear....""",141,0,"'an amazing quote'' - ""sometimes in life its difficult to decide whats wrong!! a lie that brings a smile or the truth that brings a tear...."""
ham,Then ü ask dad to pick ü up lar... Ü wan 2 stay until 6 meh...,62,0,then ü ask dad to pick ü up lar... ü wan 2 stay until 6 meh...
ham,"Jus chillaxin, what up",22,0,"jus chillaxin, what up"
ham,HEY DAS COOL... IKNOW ALL 2 WELLDA PERIL OF STUDENTFINANCIAL CRISIS!SPK 2 U L8R.,80,0,hey das cool... iknow all 2 wellda peril of studentfinancial crisis!spk 2 u l8r.
spam,Do you want a New Nokia 3510i colour phone DeliveredTomorrow? With 300 free minutes to any mobile + 100 free texts + Free Camcorder reply or call 08000930705,157,1,do you want a new nokia 3510i colour phone deliveredtomorrow? with 300 free minutes to any mobile + 100 free texts + free camcorder reply or call 08000930705
ham,"Whats that coming over the hill..... Is it a monster! Hope you have a great day. Things r going fine here, busy though! ",120,0,"whats that coming over the hill..... is it a monster! hope you have a great day. things r going fine here, busy though! "
ham,Joy's father is John. Then John is the ____ of Joy's father. If u ans ths you hav  &lt;#&gt;  IQ. Tis s IAS question try to answer.,131,0,joy's father is john. then john is the ____ of joy's father. if u ans ths you hav  &lt;#&gt;  iq. tis s ias question try to answer.
ham,Only once then after ill obey all yours.,40,0,only once then after ill obey all yours.
ham,No she didnt. I will search online and let you know.,52,0,no she didnt. i will search online and let you know.
ham,Where do you need to go to get it?,34,0,where do you need to go to get it?
ham,No pic. Please re-send.,23,0,no pic. please re-send.
ham,Uhhhhrmm isnt having tb test bad when youre sick,48,0,uhhhhrmm isnt having tb test bad when youre sick
ham,But i haf enuff space got like 4 mb...,38,0,but i haf enuff space got like 4 mb...
spam,LIFE has never been this much fun and great until you came in. You made it truly special for me. I won't forget you! enjoy @ one gbp/sms,136,1,life has never been this much fun and great until you came in. you made it truly special for me. i won't forget you! enjoy @ one gbp/sms
spam,Do you want a new Video phone? 600 anytime any network mins 400 Inclusive Video calls AND downloads 5 per week Free delTOMORROW call 08002888812 or reply NOW,157,1,do you want a new video phone? 600 anytime any network mins 400 inclusive video calls and downloads 5 per week free deltomorrow call 08002888812 or reply now
spam,"As a valued customer, I am pleased to advise you that following recent review of your Mob No. you are awarded with a £1500 Bonus Prize, call 09066368470",152,1,"as a valued customer, i am pleased to advise you that following recent review of your mob no. you are awarded with a £1500 bonus prize, call 09066368470"
spam,Welcome! Please reply with your AGE and GENDER to begin. e.g 24M,64,1,welcome! please reply with your age and gender to begin. e.g 24m
spam,Freemsg: 1-month unlimited free calls! Activate SmartCall Txt: CALL to No: 68866. Subscriptn3gbp/wk unlimited calls Help: 08448714184 Stop?txt stop landlineonly,160,1,freemsg: 1-month unlimited free calls! activate smartcall txt: call to no: 68866. subscriptn3gbp/wk unlimited calls help: 08448714184 stop?txt stop landlineonly
spam,Had your mobile 10 mths? Update to latest Orange camera/video phones for FREE. Save £s with Free texts/weekend calls. Text YES for a callback orno to opt out,157,1,had your mobile 10 mths? update to latest orange camera/video phones for free. save £s with free texts/weekend calls. text yes for a callback orno to opt out
spam,Am new 2 club & dont fink we met yet Will B gr8 2 C U Please leave msg 2day wiv ur area 09099726553 reply promised CARLIE x Calls£1/minMobsmore LKPOBOX177HP51FL,160,1,am new 2 club & dont fink we met yet will b gr8 2 c u please leave msg 2day wiv ur area 09099726553 reply promised carlie x calls£1/minmobsmore lkpobox177hp51fl
ham,True. Its easier with her here.,31,0,true. its easier with her here.
ham,Sure but since my parents will be working on Tuesday I don't really need a cover story,86,0,sure but since my parents will be working on tuesday i don't really need a cover story
ham,Haha okay... Today weekend leh... ,34,0,haha okay... today weekend leh... 
ham,Hi darlin did youPhone me? Im atHome if youwanna chat.,54,0,hi darlin did youphone me? im athome if youwanna chat.
ham,I don't know jack shit about anything or i'd say/ask something helpful but if you want you can pretend that I did and just text me whatever in response to the hypotheticalhuagauahahuagahyuhagga,193,0,i don't know jack shit about anything or i'd say/ask something helpful but if you want you can pretend that i did and just text me whatever in response to the hypotheticalhuagauahahuagahyuhagga
ham,You've always been the brainy one.,34,0,you've always been the brainy one.
ham,Yeah if we do have to get a random dude we need to change our info sheets to PARTY  &lt;#&gt; /7 NEVER STUDY just to be safe,124,0,yeah if we do have to get a random dude we need to change our info sheets to party  &lt;#&gt; /7 never study just to be safe
spam,Camera - You are awarded a SiPix Digital Camera! call 09061221066 fromm landline. Delivery within 28 days.,106,1,camera - you are awarded a sipix digital camera! call 09061221066 fromm landline. delivery within 28 days.
ham,"Christmas is An occasion that is Celebrated as a Reflection of UR... Values..., Desires..., Affections...&amp; Traditions.... Have an ideal Christmas...",152,0,"christmas is an occasion that is celebrated as a reflection of ur... values..., desires..., affections...&amp; traditions.... have an ideal christmas..."
ham,Sending you greetings of joy and happiness. Do have a gr8 evening,65,0,sending you greetings of joy and happiness. do have a gr8 evening
ham,Hi darlin i cantdo anythingtomorrow as myparents aretaking me outfor a meal. when are u free? Katexxx,101,0,hi darlin i cantdo anythingtomorrow as myparents aretaking me outfor a meal. when are u free? katexxx
ham,If india win or level series means this is record:),51,0,if india win or level series means this is record:)
ham,Then what about further plan?,29,0,then what about further plan?
ham,Its good to hear from you,25,0,its good to hear from you
ham,"awesome, how do I deal with the gate? Charles told me last night but, uh, yeah",78,0,"awesome, how do i deal with the gate? charles told me last night but, uh, yeah"
ham,What time you thinkin of goin?,30,0,what time you thinkin of goin?
spam,Get a FREE mobile video player FREE movie. To collect text GO to 89105. Its free! Extra films can be ordered t's and c's apply. 18 yrs only,139,1,get a free mobile video player free movie. to collect text go to 89105. its free! extra films can be ordered t's and c's apply. 18 yrs only
spam,Save money on wedding lingerie at www.bridal.petticoatdreams.co.uk Choose from a superb selection with national delivery. Brought to you by WeddingFriend,153,1,save money on wedding lingerie at www.bridal.petticoatdreams.co.uk choose from a superb selection with national delivery. brought to you by weddingfriend
ham,Your board is working fine. The issue of overheating is also reslove. But still software inst is pending. I will come around 8'o clock.,135,0,your board is working fine. the issue of overheating is also reslove. but still software inst is pending. i will come around 8'o clock.
ham,Yes but I don't care cause I know its there!,44,0,yes but i don't care cause i know its there!
ham,"Mon okie lor... Haha, best is cheap n gd food la, ex oso okie... Depends on whether wana eat western or chinese food... Den which u prefer... ",142,0,"mon okie lor... haha, best is cheap n gd food la, ex oso okie... depends on whether wana eat western or chinese food... den which u prefer... "
ham,Sitting ard nothing to do lor. U leh busy w work?,49,0,sitting ard nothing to do lor. u leh busy w work?
ham,Its  &lt;#&gt; k here oh. Should i send home for sale.,54,0,its  &lt;#&gt; k here oh. should i send home for sale.
ham,Sorry. || mail? || ,19,0,sorry. || mail? || 
ham,Ya just telling abt tht incident..,34,0,ya just telling abt tht incident..
ham,Yes we were outside for like 2 hours. And I called my whole family to wake them up cause it started at 1 am,107,0,yes we were outside for like 2 hours. and i called my whole family to wake them up cause it started at 1 am
ham,Ugh just got outta class,24,0,ugh just got outta class
ham,"Nowadays people are notixiquating the laxinorficated opportunity for bambling of entropication.... Have you ever oblisingately opted ur books for the masteriastering amplikater of fidalfication? It is very champlaxigating, i think it is atrocious.. Wotz Ur Opinion???? Junna",274,0,"nowadays people are notixiquating the laxinorficated opportunity for bambling of entropication.... have you ever oblisingately opted ur books for the masteriastering amplikater of fidalfication? it is very champlaxigating, i think it is atrocious.. wotz ur opinion???? junna"
ham,No need lar. Jus testing e phone card. Dunno network not gd i thk. Me waiting 4 my sis 2 finish bathing so i can bathe. Dun disturb u liao u cleaning ur room.,158,0,no need lar. jus testing e phone card. dunno network not gd i thk. me waiting 4 my sis 2 finish bathing so i can bathe. dun disturb u liao u cleaning ur room.
ham,Ok. I.ll do you right later.,28,0,ok. i.ll do you right later.
ham,Have your lunch and come quickly and open the door:),52,0,have your lunch and come quickly and open the door:)
spam,Not heard from U4 a while. Call me now am here all night with just my knickers on. Make me beg for it like U did last time 01223585236 XX Luv Nikiyu4.net,153,1,not heard from u4 a while. call me now am here all night with just my knickers on. make me beg for it like u did last time 01223585236 xx luv nikiyu4.net
ham,I am back. Bit long cos of accident on a30. Had to divert via wadebridge.I had a brilliant weekend thanks. Speak soon. Lots of love,131,0,i am back. bit long cos of accident on a30. had to divert via wadebridge.i had a brilliant weekend thanks. speak soon. lots of love
ham,"K.. I yan jiu liao... Sat we can go 4 bugis vill one frm 10 to 3 den hop to parco 4 nb. Sun can go cine frm 1030 to 2, den hop to orc mrt 4 hip hop at 4...",155,0,"k.. i yan jiu liao... sat we can go 4 bugis vill one frm 10 to 3 den hop to parco 4 nb. sun can go cine frm 1030 to 2, den hop to orc mrt 4 hip hop at 4..."
spam,Bloomberg -Message center +447797706009 Why wait? Apply for your future http://careers. bloomberg.com,101,1,bloomberg -message center +447797706009 why wait? apply for your future http://careers. bloomberg.com
ham,i am seeking a lady in the street and a freak in the sheets. Is that you?,73,0,i am seeking a lady in the street and a freak in the sheets. is that you?
ham,My phone,8,0,my phone
ham,"Haha figures, well I found the piece and priscilla's bowl",57,0,"haha figures, well i found the piece and priscilla's bowl"
ham,"Actually fuck that, just do whatever, do find an excuse to be in tampa at some point before january though",106,0,"actually fuck that, just do whatever, do find an excuse to be in tampa at some point before january though"
ham,yay! finally lol. i missed our cinema trip last week :-(,56,0,yay! finally lol. i missed our cinema trip last week :-(
ham,All day working day:)except saturday and sunday..,49,0,all day working day:)except saturday and sunday..
ham,Heart is empty without love.. Mind is empty without wisdom.. Eyes r empty without dreams &amp; Life is empty without frnds.. So Alwys Be In Touch. Good night &amp; sweet dreams,176,0,heart is empty without love.. mind is empty without wisdom.. eyes r empty without dreams &amp; life is empty without frnds.. so alwys be in touch. good night &amp; sweet dreams
ham,"I think I‘m waiting for the same bus! Inform me when you get there, if you ever get there.",90,0,"i think i‘m waiting for the same bus! inform me when you get there, if you ever get there."
ham,You getting back any time soon?,31,0,you getting back any time soon?
ham,", how's things? Just a quick question.",38,0,", how's things? just a quick question."
ham,"I can probably come by, everybody's done around  &lt;#&gt;  right?",66,0,"i can probably come by, everybody's done around  &lt;#&gt;  right?"
ham,I got it before the new year cos yetunde said she wanted to surprise you with it but when i didnt see money i returned it mid january before the  &lt;#&gt; day return period ended.,180,0,i got it before the new year cos yetunde said she wanted to surprise you with it but when i didnt see money i returned it mid january before the  &lt;#&gt; day return period ended.
ham,I can ask around but there's not a lot in terms of mids up here,63,0,i can ask around but there's not a lot in terms of mids up here
ham,Be sure to check your yahoo email. We sent photos yesterday,59,0,be sure to check your yahoo email. we sent photos yesterday
ham,What was she looking for?,25,0,what was she looking for?
ham,Wherre's my boytoy ? :-(,24,0,wherre's my boytoy ? :-(
spam,Do you want a NEW video phone750 anytime any network mins 150 text for only five pounds per week call 08000776320 now or reply for delivery tomorrow,148,1,do you want a new video phone750 anytime any network mins 150 text for only five pounds per week call 08000776320 now or reply for delivery tomorrow
ham,"Hello, my love! How goes that day ? I wish your well and fine babe and hope that you find some job prospects. I miss you, boytoy ... *a teasing kiss*",149,0,"hello, my love! how goes that day ? i wish your well and fine babe and hope that you find some job prospects. i miss you, boytoy ... *a teasing kiss*"
ham,Tell my  bad character which u Dnt lik in me. I'll try to change in  &lt;#&gt; . I ll add tat 2 my new year resolution. Waiting for ur reply.Be frank...good morning.,165,0,tell my  bad character which u dnt lik in me. i'll try to change in  &lt;#&gt; . i ll add tat 2 my new year resolution. waiting for ur reply.be frank...good morning.
ham,"Yeah, probably earlier than that",32,0,"yeah, probably earlier than that"
ham,Change windows logoff sound..,29,0,change windows logoff sound..
ham,I'm also came to room.,22,0,i'm also came to room.
ham,Huh but i got lesson at 4 lei n i was thinkin of going to sch earlier n i tot of parkin at kent vale...  ,105,0,huh but i got lesson at 4 lei n i was thinkin of going to sch earlier n i tot of parkin at kent vale...  
ham,I will reach office around  &lt;DECIMAL&gt; . &amp; my mobile have problem. You cann't get my voice. So call you asa i'll free,126,0,i will reach office around  &lt;decimal&gt; . &amp; my mobile have problem. you cann't get my voice. so call you asa i'll free
ham,"Cool, text me when you head out",31,0,"cool, text me when you head out"
spam,"You are being contacted by our dating service by someone you know! To find out who it is, call from a land line 09050000878. PoBox45W2TG150P",140,1,"you are being contacted by our dating service by someone you know! to find out who it is, call from a land line 09050000878. pobox45w2tg150p"
spam,"Wan2 win a Meet+Greet with Westlife 4 U or a m8? They are currently on what tour? 1)Unbreakable, 2)Untamed, 3)Unkempt. Text 1,2 or 3 to 83049. Cost 50p +std text",161,1,"wan2 win a meet+greet with westlife 4 u or a m8? they are currently on what tour? 1)unbreakable, 2)untamed, 3)unkempt. text 1,2 or 3 to 83049. cost 50p +std text"
ham,Happy birthday... May u find ur prince charming soon n dun work too hard...,75,0,happy birthday... may u find ur prince charming soon n dun work too hard...
ham,"Oh, the grand is having a bit of a party but it doesn't mention any cover charge so it's probably first come first served",121,0,"oh, the grand is having a bit of a party but it doesn't mention any cover charge so it's probably first come first served"
ham,You said to me before i went back to bed that you can't sleep for anything.,75,0,you said to me before i went back to bed that you can't sleep for anything.
ham,I hope you arnt pissed off but id would really like to see you tomorrow. Love me xxxxxxxxxxxxxX,95,0,i hope you arnt pissed off but id would really like to see you tomorrow. love me xxxxxxxxxxxxxx
spam,Dorothy@kiefer.com (Bank of Granite issues Strong-Buy) EXPLOSIVE PICK FOR OUR MEMBERS *****UP OVER 300% *********** Nasdaq Symbol CDGT That is a $5.00 per..,156,1,dorothy@kiefer.com (bank of granite issues strong-buy) explosive pick for our members *****up over 300% *********** nasdaq symbol cdgt that is a $5.00 per..
ham,says the  &lt;#&gt;  year old with a man and money. I'm down to my last  &lt;#&gt; . Still waiting for that check.,114,0,says the  &lt;#&gt;  year old with a man and money. i'm down to my last  &lt;#&gt; . still waiting for that check.
ham,I will come to ur home now,26,0,i will come to ur home now
ham,Free any day but i finish at 6 on mon n thurs...,48,0,free any day but i finish at 6 on mon n thurs...
ham,Will you be here for food,25,0,will you be here for food
ham,"life alle mone,eppolum oru pole allalo",38,0,"life alle mone,eppolum oru pole allalo"
ham,Nite...,7,0,nite...
ham,"Two fundamentals of cool life: ""Walk, like you are the KING""...! OR ""Walk like you Dont care,whoever is the KING""!... Gud nyt",125,0,"two fundamentals of cool life: ""walk, like you are the king""...! or ""walk like you dont care,whoever is the king""!... gud nyt"
ham,"Camera quite good, 10.1mega pixels, 3optical and 5digital dooms. Have a lovely holiday, be safe and i hope you hav a good journey! Happy new year to you both! See you in a couple of weeks! ",189,0,"camera quite good, 10.1mega pixels, 3optical and 5digital dooms. have a lovely holiday, be safe and i hope you hav a good journey! happy new year to you both! see you in a couple of weeks! "
ham,Hi Petey!noim ok just wanted 2 chat coz avent spoken 2 u 4 a long time-hope ur doin alrite.have good nit at js love ya am.x,124,0,hi petey!noim ok just wanted 2 chat coz avent spoken 2 u 4 a long time-hope ur doin alrite.have good nit at js love ya am.x
ham,I just saw ron burgundy captaining a party boat so yeah,55,0,i just saw ron burgundy captaining a party boat so yeah
ham,I'm serious. You are in the money base,38,0,i'm serious. you are in the money base
ham,Already one guy loving you:-.,29,0,already one guy loving you:-.
ham,Staff of placement training in Amrita college.,46,0,staff of placement training in amrita college.
ham,I always chat with you. In fact i need money can you raise me?,62,0,i always chat with you. in fact i need money can you raise me?
ham,I'm job profile seems like bpo..,32,0,i'm job profile seems like bpo..
ham,"Well, I was about to give up cos they all said no they didn‘t do one nighters. I persevered and found one but it is very cheap so i apologise in advance. It is just somewhere to sleep isnt it?",192,0,"well, i was about to give up cos they all said no they didn‘t do one nighters. i persevered and found one but it is very cheap so i apologise in advance. it is just somewhere to sleep isnt it?"
ham,"So you think i should actually talk to him? Not call his boss in the morning? I went to this place last year and he told me where i could go and get my car fixed cheaper. He kept telling me today how much he hoped i would come back in, how he always regretted not getting my number, etc.",287,0,"so you think i should actually talk to him? not call his boss in the morning? i went to this place last year and he told me where i could go and get my car fixed cheaper. he kept telling me today how much he hoped i would come back in, how he always regretted not getting my number, etc."
ham,Are you willing to go for apps class.,37,0,are you willing to go for apps class.
ham,Hanging out with my brother and his family,42,0,hanging out with my brother and his family
ham,No it will reach by 9 only. She telling she will be there. I dont know,70,0,no it will reach by 9 only. she telling she will be there. i dont know
ham,Hey... are you going to quit soon? Xuhui and i working till end of the month ,77,0,hey... are you going to quit soon? xuhui and i working till end of the month 
ham,"Im sorry bout last nite it wasnt ur fault it was me, spouse it was pmt or sumthin! U 4give me? I think u shldxxxx",114,0,"im sorry bout last nite it wasnt ur fault it was me, spouse it was pmt or sumthin! u 4give me? i think u shldxxxx"
ham,Try neva mate!!,15,0,try neva mate!!
ham,Yeah that'd pretty much be the best case scenario,49,0,yeah that'd pretty much be the best case scenario
ham,I not free today i haf 2 pick my parents up tonite...,53,0,i not free today i haf 2 pick my parents up tonite...
ham,"HEY BABE! FAR 2 SPUN-OUT 2 SPK AT DA MO... DEAD 2 DA WRLD. BEEN SLEEPING ON DA SOFA ALL DAY, HAD A COOL NYTHO, TX 4 FONIN HON, CALL 2MWEN IM BK FRMCLOUD 9! J X",159,0,"hey babe! far 2 spun-out 2 spk at da mo... dead 2 da wrld. been sleeping on da sofa all day, had a cool nytho, tx 4 fonin hon, call 2mwen im bk frmcloud 9! j x"
ham,Should i send you naughty pix? :),33,0,should i send you naughty pix? :)
spam,"You are a £1000 winner or Guaranteed Caller Prize, this is our Final attempt to contact you! To Claim Call 09071517866 Now! 150ppmPOBox10183BhamB64XE",149,1,"you are a £1000 winner or guaranteed caller prize, this is our final attempt to contact you! to claim call 09071517866 now! 150ppmpobox10183bhamb64xe"
spam,"Xmas & New Years Eve tickets are now on sale from the club, during the day from 10am till 8pm, and on Thurs, Fri & Sat night this week. They're selling fast!",157,1,"xmas & new years eve tickets are now on sale from the club, during the day from 10am till 8pm, and on thurs, fri & sat night this week. they're selling fast!"
ham,"Tyler (getting an 8th) has to leave not long after 9, can you get here in like an hour?",87,0,"tyler (getting an 8th) has to leave not long after 9, can you get here in like an hour?"
ham,Prepare to be pounded every night...,36,0,prepare to be pounded every night...
ham,"Actually, my mobile is full of msg. And i m doing a work online, where i need to send them  &lt;#&gt;  sent msg i wil explain u later.",134,0,"actually, my mobile is full of msg. and i m doing a work online, where i need to send them  &lt;#&gt;  sent msg i wil explain u later."
ham,Good evening! How are you?,26,0,good evening! how are you?
ham,I'm at home. Please call,24,0,i'm at home. please call
ham,Oic cos me n my sis got no lunch today my dad went out... So dunno whether 2 eat in sch or wat...,97,0,oic cos me n my sis got no lunch today my dad went out... so dunno whether 2 eat in sch or wat...
ham,"Mmmmm ... It was sooooo good to wake to your words this morning, my Love!! Mmmm fuck ... I love you too, my Lion ... *devouring kiss from across the sea*",153,0,"mmmmm ... it was sooooo good to wake to your words this morning, my love!! mmmm fuck ... i love you too, my lion ... *devouring kiss from across the sea*"
ham,We are pleased to inform that your application for Airtel Broadband is processed successfully. Your installation will happen within 3 days.,139,0,we are pleased to inform that your application for airtel broadband is processed successfully. your installation will happen within 3 days.
ham,What happen dear. Why you silent. I am tensed,45,0,what happen dear. why you silent. i am tensed
ham,"I'll get there at 3, unless you guys want me to come some time sooner",69,0,"i'll get there at 3, unless you guys want me to come some time sooner"
ham,If you are not coughing then its nothing,40,0,if you are not coughing then its nothing
ham,Ü come lt 25 n pass to me lar,29,0,ü come lt 25 n pass to me lar
ham,I'm e person who's doing e sms survey...,40,0,i'm e person who's doing e sms survey...
ham,Lol ok ill try to send. Be warned Sprint is dead slow. You'll prolly get it tomorrow,84,0,lol ok ill try to send. be warned sprint is dead slow. you'll prolly get it tomorrow
ham,Thank You meet you monday,25,0,thank you meet you monday
ham,SO IS TH GOWER MATE WHICH IS WHERE I AM!?! HOW R U MAN? ALL IS GOOD IN WALES ILL B BACK MORROW. C U THIS WK? WHO WAS THE MSG 4?  RANDOM!,138,0,so is th gower mate which is where i am!?! how r u man? all is good in wales ill b back morrow. c u this wk? who was the msg 4?  random!
spam,"Rock yr chik. Get 100's of filthy films &XXX pics on yr phone now. rply FILTH to 69669. Saristar Ltd, E14 9YT 08701752560. 450p per 5 days. Stop2 cancel",152,1,"rock yr chik. get 100's of filthy films &xxx pics on yr phone now. rply filth to 69669. saristar ltd, e14 9yt 08701752560. 450p per 5 days. stop2 cancel"
ham,"I got like $ &lt;#&gt; , I can get some more later though. Get whatever you feel like",85,0,"i got like $ &lt;#&gt; , i can get some more later though. get whatever you feel like"
ham,"Dad wanted to talk about the apartment so I got a late start, omw now",69,0,"dad wanted to talk about the apartment so i got a late start, omw now"
ham,I love you both too :-),23,0,i love you both too :-)
ham,Lol u still feeling sick?,25,0,lol u still feeling sick?
ham,Din i tell u jus now 420,24,0,din i tell u jus now 420
ham,am up to my eyes in philosophy,30,0,am up to my eyes in philosophy
spam,From next month get upto 50% More Calls 4 Ur standard network charge 2 activate Call 9061100010 C Wire3.net 1st4Terms PoBox84 M26 3UZ Cost £1.50 min MobcudB more,161,1,from next month get upto 50% more calls 4 ur standard network charge 2 activate call 9061100010 c wire3.net 1st4terms pobox84 m26 3uz cost £1.50 min mobcudb more
ham,Ok lor. I'm in town now lei.,28,0,ok lor. i'm in town now lei.
ham,I had it already..sabarish asked me to go..,43,0,i had it already..sabarish asked me to go..
ham,No da. . Vijay going to talk in jaya tv,39,0,no da. . vijay going to talk in jaya tv
spam,URGENT! We are trying to contact U Todays draw shows that you have won a £800 prize GUARANTEED. Call 09050000460 from land line. Claim J89. po box245c2150pm,156,1,urgent! we are trying to contact u todays draw shows that you have won a £800 prize guaranteed. call 09050000460 from land line. claim j89. po box245c2150pm
ham,Lol I know! Hey someone did a great inpersonation of flea on the forums. I love it!,83,0,lol i know! hey someone did a great inpersonation of flea on the forums. i love it!
spam,Text BANNEDUK to 89555 to see! cost 150p textoperator g696ga 18+ XXX,68,1,text banneduk to 89555 to see! cost 150p textoperator g696ga 18+ xxx
ham,Still chance there. If you search hard you will get it..let have a try :),73,0,still chance there. if you search hard you will get it..let have a try :)
spam,"Auction round 4. The highest bid is now £54. Next maximum bid is £71. To bid, send BIDS e. g. 10 (to bid £10) to 83383. Good luck.",130,1,"auction round 4. the highest bid is now £54. next maximum bid is £71. to bid, send bids e. g. 10 (to bid £10) to 83383. good luck."
ham,Do you always celebrate NY's with your family ?,47,0,do you always celebrate ny's with your family ?
ham,"We know TAJ MAHAL as symbol of love. But the other lesser known facts 1. Mumtaz was Shahjahan's 4th wife, out of his 7 wifes. 2. Shahjahan killed Mumtaz's husband to marry her. 3. Mumtaz died in her  &lt;#&gt; th delivery. 4. He then married Mumtaz's sister. Question arises where the Hell is the LOVE?:-| -The Great Hari-",322,0,"we know taj mahal as symbol of love. but the other lesser known facts 1. mumtaz was shahjahan's 4th wife, out of his 7 wifes. 2. shahjahan killed mumtaz's husband to marry her. 3. mumtaz died in her  &lt;#&gt; th delivery. 4. he then married mumtaz's sister. question arises where the hell is the love?:-| -the great hari-"
ham,Its ok..come to my home it vl nice to meet and v can chat..,59,0,its ok..come to my home it vl nice to meet and v can chat..
spam,Collect your VALENTINE'S weekend to PARIS inc Flight & Hotel + £200 Prize guaranteed! Text: PARIS to No: 69101. www.rtf.sphosting.com,133,1,collect your valentine's weekend to paris inc flight & hotel + £200 prize guaranteed! text: paris to no: 69101. www.rtf.sphosting.com
ham,Sent me de webadres for geting salary slip,42,0,sent me de webadres for geting salary slip
ham,She's fine. Sends her greetings,31,0,she's fine. sends her greetings
spam,Customer Loyalty Offer:The NEW Nokia6650 Mobile from ONLY £10 at TXTAUCTION! Txt word: START to No: 81151 & get yours Now! 4T&Ctxt TC 150p/MTmsg,144,1,customer loyalty offer:the new nokia6650 mobile from only £10 at txtauction! txt word: start to no: 81151 & get yours now! 4t&ctxt tc 150p/mtmsg
ham,But you dint in touch with me.,30,0,but you dint in touch with me.
ham,"Yup, leaving right now, be back soon",36,0,"yup, leaving right now, be back soon"
spam,You won't believe it but it's true. It's Incredible Txts! Reply G now to learn truly amazing things that will blow your mind. From O2FWD only 18p/txt,149,1,you won't believe it but it's true. it's incredible txts! reply g now to learn truly amazing things that will blow your mind. from o2fwd only 18p/txt
ham,Yeah sure I'll leave in a min,29,0,yeah sure i'll leave in a min
ham,And do you have any one that can teach me how to ship cars.,59,0,and do you have any one that can teach me how to ship cars.
ham,"The sign of maturity is not when we start saying big things.. But actually it is, when we start understanding small things... *HAVE A NICE EVENING* BSLVYL",154,0,"the sign of maturity is not when we start saying big things.. but actually it is, when we start understanding small things... *have a nice evening* bslvyl"
ham,Yeah confirmed for you staying at  that weekend,47,0,yeah confirmed for you staying at  that weekend
ham,They said ü dun haf passport or smth like dat.. Or ü juz send to my email account..  ,85,0,they said ü dun haf passport or smth like dat.. or ü juz send to my email account..  
ham,"Multiply the numbers independently and count decimal points then, for the division, push the decimal places like i showed you.",126,0,"multiply the numbers independently and count decimal points then, for the division, push the decimal places like i showed you."
ham,"Have a lovely night and when you wake up to see this message, i hope you smile knowing all is as should be. Have a great morning",128,0,"have a lovely night and when you wake up to see this message, i hope you smile knowing all is as should be. have a great morning"
ham,Ard 4 lor...,12,0,ard 4 lor...
ham,You are right. Meanwhile how's project twins comin up,53,0,you are right. meanwhile how's project twins comin up
ham,I sent your maga that money yesterday oh.,41,0,i sent your maga that money yesterday oh.
spam,I am hot n horny and willing I live local to you - text a reply to hear strt back from me 150p per msg Netcollex LtdHelpDesk: 02085076972 reply Stop to end,155,1,i am hot n horny and willing i live local to you - text a reply to hear strt back from me 150p per msg netcollex ltdhelpdesk: 02085076972 reply stop to end
ham,Our ride equally uneventful - not too many of those pesky cyclists around at that time of night ;).,99,0,our ride equally uneventful - not too many of those pesky cyclists around at that time of night ;).
ham,If you were/are free i can give. Otherwise nalla adi entey nattil kittum,72,0,if you were/are free i can give. otherwise nalla adi entey nattil kittum
ham,I've sent my wife your text. After we buy them she'll tell you what to do. So just relax. We should go get them this wkend.,123,0,i've sent my wife your text. after we buy them she'll tell you what to do. so just relax. we should go get them this wkend.
ham,I am in escape theatre now. . Going to watch KAVALAN in a few minutes,69,0,i am in escape theatre now. . going to watch kavalan in a few minutes
ham,How much would it cost to hire a hitman,39,0,how much would it cost to hire a hitman
ham,I anything lor...,17,0,i anything lor...
spam,Do you want a New Nokia 3510i Colour Phone Delivered Tomorrow? With 200 FREE minutes to any mobile + 100 FREE text + FREE camcorder Reply or Call 08000930705,157,1,do you want a new nokia 3510i colour phone delivered tomorrow? with 200 free minutes to any mobile + 100 free text + free camcorder reply or call 08000930705
ham,Huh but i cant go 2 ur house empty handed right?,48,0,huh but i cant go 2 ur house empty handed right?
ham,Good morning princess! Happy New Year!,38,0,good morning princess! happy new year!
spam,Congratulations YOU'VE Won. You're a Winner in our August £1000 Prize Draw. Call 09066660100 NOW. Prize Code 2309.,114,1,congratulations you've won. you're a winner in our august £1000 prize draw. call 09066660100 now. prize code 2309.
ham,"Aight, we'll head out in a few",30,0,"aight, we'll head out in a few"
ham,Then wat r u doing now? Busy wif work?,38,0,then wat r u doing now? busy wif work?
ham,I know you mood off today,25,0,i know you mood off today
ham,"Jay told me already, will do",28,0,"jay told me already, will do"
ham,Cps is causing the outages to conserve energy.,46,0,cps is causing the outages to conserve energy.
ham,"I'm not sure, I was just checking out what was happening around the area",72,0,"i'm not sure, i was just checking out what was happening around the area"
ham,Hey morning what you come to ask:-) pa...,41,0,hey morning what you come to ask:-) pa...
ham,Jordan got voted out last nite!,31,0,jordan got voted out last nite!
ham,"That means you got an A in epi, she.s fine. She.s here now.",59,0,"that means you got an a in epi, she.s fine. she.s here now."
ham,I have no idea where you are,28,0,i have no idea where you are
ham,Pls come quick cant bare this.,30,0,pls come quick cant bare this.
ham,"Call me. I m unable to cal. Lets meet bhaskar, and deep",55,0,"call me. i m unable to cal. lets meet bhaskar, and deep"
ham,No. I.ll meet you in the library,32,0,no. i.ll meet you in the library
ham,"K, my roommate also wants a dubsack and another friend may also want some so plan on bringing extra, I'll tell you when they know for sure",138,0,"k, my roommate also wants a dubsack and another friend may also want some so plan on bringing extra, i'll tell you when they know for sure"
ham,Depends on individual lor e hair dresser say pretty but my parents say look gong. U kaypoh.. I also dunno wat she collecting.,125,0,depends on individual lor e hair dresser say pretty but my parents say look gong. u kaypoh.. i also dunno wat she collecting.
ham,Ok c ü then.,12,0,ok c ü then.
ham,I enjoy watching and playing football and basketball. Anything outdoors. And you?,81,0,i enjoy watching and playing football and basketball. anything outdoors. and you?
ham,"Can you please ask macho what his price range is, does he want something new or used plus it he only interfued in the blackberry bold  &lt;#&gt;  or any bb",155,0,"can you please ask macho what his price range is, does he want something new or used plus it he only interfued in the blackberry bold  &lt;#&gt;  or any bb"
ham,Sorry sent blank msg again. Yup but trying 2 do some serious studying now.,74,0,sorry sent blank msg again. yup but trying 2 do some serious studying now.
ham,Hey check it da. I have listed da.,34,0,hey check it da. i have listed da.
spam,8007 25p 4 Alfie Moon's Children in Need song on ur mob. Tell ur m8s. Txt TONE CHARITY to 8007 for nokias or POLY CHARITY for polys :zed 08701417012 profit 2 charity ,166,1,8007 25p 4 alfie moon's children in need song on ur mob. tell ur m8s. txt tone charity to 8007 for nokias or poly charity for polys :zed 08701417012 profit 2 charity 
ham,I meant as an apology from me for texting you to get me drugs at  &lt;#&gt; at night,84,0,i meant as an apology from me for texting you to get me drugs at  &lt;#&gt; at night
ham,That means from february to april i'll be getting a place to stay down there so i don't have to hustle back and forth during audition season as i have since my sister moved away from harlem.,190,0,that means from february to april i'll be getting a place to stay down there so i don't have to hustle back and forth during audition season as i have since my sister moved away from harlem.
ham,Goin to workout lor... Muz lose e fats... ,42,0,goin to workout lor... muz lose e fats... 
ham,"Damn, poor zac doesn't stand a chance",37,0,"damn, poor zac doesn't stand a chance"
ham,I want to tel u one thing u should not mistake me k THIS IS THE MESSAGE THAT YOU SENT:),87,0,i want to tel u one thing u should not mistake me k this is the message that you sent:)
ham,Yeah right! I'll bring my tape measure fri!,43,0,yeah right! i'll bring my tape measure fri!
ham,Should I head straight there or what,36,0,should i head straight there or what
spam,Get the official ENGLAND poly ringtone or colour flag on yer mobile for tonights game! Text TONE or FLAG to 84199. Optout txt ENG STOP Box39822 W111WX £1.50,156,1,get the official england poly ringtone or colour flag on yer mobile for tonights game! text tone or flag to 84199. optout txt eng stop box39822 w111wx £1.50
ham,Thank you princess! You are so sexy...,38,0,thank you princess! you are so sexy...
ham,Oooh I got plenty of those!,27,0,oooh i got plenty of those!
ham,Hui xin is in da lib.,21,0,hui xin is in da lib.
ham,Its a big difference.  &lt;#&gt;  versus  &lt;#&gt;  every  &lt;#&gt; hrs,73,0,its a big difference.  &lt;#&gt;  versus  &lt;#&gt;  every  &lt;#&gt; hrs
ham,"It's not that you make me cry. It's just that when all our stuff happens on top of everything else, it pushes me over the edge. You don't underdtand how often i cry over my sorry, sorry life.",191,0,"it's not that you make me cry. it's just that when all our stuff happens on top of everything else, it pushes me over the edge. you don't underdtand how often i cry over my sorry, sorry life."
ham,ME 2 BABE I FEEL THE SAME LETS JUST 4GET ABOUT IT+BOTH TRY +CHEER UP+NOT FIT SOO MUCHXXLOVE U LOCAXX,100,0,me 2 babe i feel the same lets just 4get about it+both try +cheer up+not fit soo muchxxlove u locaxx
ham,You know what hook up means right?,34,0,you know what hook up means right?
spam,"Customer service announcement. We recently tried to make a delivery to you but were unable to do so, please call 07090298926 to re-schedule. Ref:9307622",152,1,"customer service announcement. we recently tried to make a delivery to you but were unable to do so, please call 07090298926 to re-schedule. ref:9307622"
ham,Wat's da model num of ur phone?,31,0,wat's da model num of ur phone?
ham,He's really into skateboarding now despite the fact that he gets thrown off of it and winds up with bandages and shit all over his arms every five minutes,154,0,he's really into skateboarding now despite the fact that he gets thrown off of it and winds up with bandages and shit all over his arms every five minutes
spam,"You can stop further club tones by replying ""STOP MIX"" See my-tone.com/enjoy. html for terms. Club tones cost GBP4.50/week. MFL, PO Box 1146 MK45 2WT (2/3)",155,1,"you can stop further club tones by replying ""stop mix"" see my-tone.com/enjoy. html for terms. club tones cost gbp4.50/week. mfl, po box 1146 mk45 2wt (2/3)"
ham,My house here e sky quite dark liao... If raining then got excuse not 2 run already rite... Hee...,98,0,my house here e sky quite dark liao... if raining then got excuse not 2 run already rite... hee...
ham,"Sorry, left phone upstairs. OK, might be hectic but would be all my birds with one fell swoop. It's a date.",107,0,"sorry, left phone upstairs. ok, might be hectic but would be all my birds with one fell swoop. it's a date."
ham,* Thought I didn't see you.,27,0,* thought i didn't see you.
spam,wamma get laid?want real doggin locations sent direct to your mobile? join the UKs largest dogging network. txt dogs to 69696 now!nyt. ec2a. 3lp £1.50/msg.,155,1,wamma get laid?want real doggin locations sent direct to your mobile? join the uks largest dogging network. txt dogs to 69696 now!nyt. ec2a. 3lp £1.50/msg.
ham,Carlos says we can pick up from him later so yeah we're set,59,0,carlos says we can pick up from him later so yeah we're set
ham,"Hey babe, my friend had to cancel, still up for a visit ?",57,0,"hey babe, my friend had to cancel, still up for a visit ?"
ham,Hmm ill have to think about it... ok you're forgiven! =D,56,0,hmm ill have to think about it... ok you're forgiven! =d
ham,"We are hoping to get away by 7, from Langport. You still up for town tonight?",77,0,"we are hoping to get away by 7, from langport. you still up for town tonight?"
ham,Want to send me a virtual hug?... I need one,44,0,want to send me a virtual hug?... i need one
ham,"Probably not, still going over some stuff here",46,0,"probably not, still going over some stuff here"
ham,It has issues right now. Ill fix for her by tomorrow.,53,0,it has issues right now. ill fix for her by tomorrow.
ham,Why i come in between you people,32,0,why i come in between you people
ham,Senthil group company Apnt 5pm.,31,0,senthil group company apnt 5pm.
ham,Oh really?? Did you make it on air? What's your talent?,55,0,oh really?? did you make it on air? what's your talent?
ham,Studying. But i.ll be free next weekend.,40,0,studying. but i.ll be free next weekend.
ham,R u here yet? I'm wearing blue shirt n black pants.,51,0,r u here yet? i'm wearing blue shirt n black pants.
ham,Wait.i will come out.. &lt;#&gt;  min:),39,0,wait.i will come out.. &lt;#&gt;  min:)
ham,I will reach ur home in  &lt;#&gt;  minutes,43,0,i will reach ur home in  &lt;#&gt;  minutes
ham,Well then you have a great weekend!,35,0,well then you have a great weekend!
ham,"What are you doing in langport? Sorry, but I'll probably be in bed by 9pm. It sucks being ill at xmas! When do you and go2sri lanka? ",133,0,"what are you doing in langport? sorry, but i'll probably be in bed by 9pm. it sucks being ill at xmas! when do you and go2sri lanka? "
ham,"Frnd s not juz a word.....not merely a relationship.....its a silent promise which says ... "" I will be with YOU "" Wherevr.. Whenevr.. Forevr... Gudnyt dear..",158,0,"frnd s not juz a word.....not merely a relationship.....its a silent promise which says ... "" i will be with you "" wherevr.. whenevr.. forevr... gudnyt dear.."
ham,Huh? 6 also cannot? Then only how many mistakes?,48,0,huh? 6 also cannot? then only how many mistakes?
ham,Ha... U jus ate honey ar? So sweet...,37,0,ha... u jus ate honey ar? so sweet...
ham,I'm turning off my phone. My moms telling everyone I have cancer. And my sister won't stop calling. It hurts to talk. Can't put up with it. See u when u get home. Love u,169,0,i'm turning off my phone. my moms telling everyone i have cancer. and my sister won't stop calling. it hurts to talk. can't put up with it. see u when u get home. love u
ham,"Honey ? Sweetheart ? Darling ? Sexy buns ? Sugar plum ? Loverboy ? I miss you, boytoy ... *smacks your ass* Did you go to the gym too ?",135,0,"honey ? sweetheart ? darling ? sexy buns ? sugar plum ? loverboy ? i miss you, boytoy ... *smacks your ass* did you go to the gym too ?"
ham,Thanks for loving me so. You rock,33,0,thanks for loving me so. you rock
ham,Yeah imma come over cause jay wants to do some drugs,52,0,yeah imma come over cause jay wants to do some drugs
ham,Ok thanx... Take care then...,29,0,ok thanx... take care then...
ham,Yup. Thk of u oso boring wat.,29,0,yup. thk of u oso boring wat.
ham," came to look at the flat, seems ok, in his 50s? * Is away alot wiv work. Got woman coming at 6.30 too.",103,0," came to look at the flat, seems ok, in his 50s? * is away alot wiv work. got woman coming at 6.30 too."
ham,Moji just informed me that you saved our lives. Thanks.,55,0,moji just informed me that you saved our lives. thanks.
ham,Whos this am in class:-),24,0,whos this am in class:-)
ham,Hey r ü still online? I've finished the formatting...,53,0,hey r ü still online? i've finished the formatting...
ham,Great! So what attracts you to the brothas?,43,0,great! so what attracts you to the brothas?
spam,Promotion Number: 8714714 - UR awarded a City Break and could WIN a £200 Summer Shopping spree every WK. Txt STORE to 88039 . SkilGme. TsCs087147403231Winawk!Age16 £1.50perWKsub,177,1,promotion number: 8714714 - ur awarded a city break and could win a £200 summer shopping spree every wk. txt store to 88039 . skilgme. tscs087147403231winawk!age16 £1.50perwksub
ham,LOL what happens in Vegas stays in vegas,40,0,lol what happens in vegas stays in vegas
ham,"Hello, hello, hi lou sorry it took so long 2 reply- I left mobile at friends in Lancaster, just got it bak Neway im sorry I couldnt make ur bday 2 hun!",153,0,"hello, hello, hi lou sorry it took so long 2 reply- i left mobile at friends in lancaster, just got it bak neway im sorry i couldnt make ur bday 2 hun!"
ham,When did i use soc... I use it only at home... Ü dunno how 2 type it in word ar...,82,0,when did i use soc... i use it only at home... ü dunno how 2 type it in word ar...
ham,Dad says hurry the hell up,26,0,dad says hurry the hell up
ham,Wake me up at  &lt;#&gt;  am morning:),38,0,wake me up at  &lt;#&gt;  am morning:)
ham,"I get out of class in bsn in like  &lt;#&gt;  minutes, you know where advising is?",82,0,"i get out of class in bsn in like  &lt;#&gt;  minutes, you know where advising is?"
ham,Great! I shoot big loads so get ready!,38,0,great! i shoot big loads so get ready!
ham,I'll meet you in the lobby,26,0,i'll meet you in the lobby
ham,You still coming tonight?,25,0,you still coming tonight?
ham,What happen dear tell me,24,0,what happen dear tell me
ham,"Sir, i am waiting for your call, once free please call me.",58,0,"sir, i am waiting for your call, once free please call me."
ham,I was about to do it when i texted. I finished a long time ago and showered and er'ything!,90,0,i was about to do it when i texted. i finished a long time ago and showered and er'ything!
ham,Ok im not sure what time i finish tomorrow but i wanna spend the evening with you cos that would be vewy vewy lubly! Love me xxx,128,0,ok im not sure what time i finish tomorrow but i wanna spend the evening with you cos that would be vewy vewy lubly! love me xxx
ham,"Hello, As per request from  &lt;#&gt;  Rs.5 has been transfered to you",70,0,"hello, as per request from  &lt;#&gt;  rs.5 has been transfered to you"
ham,I am in tirupur.  call you da.,30,0,i am in tirupur.  call you da.
spam,You are a winner you have been specially selected to receive £1000 cash or a £2000 award. Speak to a live operator to claim call 087147123779am-7pm. Cost 10p,157,1,you are a winner you have been specially selected to receive £1000 cash or a £2000 award. speak to a live operator to claim call 087147123779am-7pm. cost 10p
ham,S:)but he had some luck.2 catches put down:),44,0,s:)but he had some luck.2 catches put down:)
ham,How i noe... Did ü specify da domain as nusstu... Ü still in sch...,67,0,how i noe... did ü specify da domain as nusstu... ü still in sch...
ham,Oh...i asked for fun. Haha...take care. ü,41,0,oh...i asked for fun. haha...take care. ü
ham,Shall i get my pouch?,21,0,shall i get my pouch?
ham,Hey loverboy! I love you !! I had to tell ... I look at your picture and ache to feel you between my legs ... Fuck I want you ... I need you ... I crave you .,158,0,hey loverboy! i love you !! i had to tell ... i look at your picture and ache to feel you between my legs ... fuck i want you ... i need you ... i crave you .
ham,"How is my boy? No sweet words left for me this morning ... *sighs* ... How goes you day, my love ? Did you start your studying?",127,0,"how is my boy? no sweet words left for me this morning ... *sighs* ... how goes you day, my love ? did you start your studying?"
ham,Kent vale lor... Ü wait 4 me there ar?,38,0,kent vale lor... ü wait 4 me there ar?
ham,Ok. Very good. Its all about making that money.,47,0,ok. very good. its all about making that money.
ham,Reading gud habit.. Nan bari hudgi yorge pataistha ertini kano:-),65,0,reading gud habit.. nan bari hudgi yorge pataistha ertini kano:-)
ham,Aight do you still want to get money,36,0,aight do you still want to get money
ham,ARE YOU IN TOWN? THIS IS V. IMPORTANT,37,0,are you in town? this is v. important
ham,"Sorry pa, i dont knw who ru pa?",31,0,"sorry pa, i dont knw who ru pa?"
ham,Wat u doing there?,18,0,wat u doing there?
ham,If i not meeting ü all rite then i'll go home lor. If ü dun feel like comin it's ok.,84,0,if i not meeting ü all rite then i'll go home lor. if ü dun feel like comin it's ok.
ham,"Oh, i will get paid. The most outstanding one is for a commercial i did for Hasbro...in AUGUST! They made us jump through so many hoops to get paid. Still not.",159,0,"oh, i will get paid. the most outstanding one is for a commercial i did for hasbro...in august! they made us jump through so many hoops to get paid. still not."
ham,"I am late,so call you tomorrow morning.take care sweet dreams....u and me...ummifying...bye.",92,0,"i am late,so call you tomorrow morning.take care sweet dreams....u and me...ummifying...bye."
ham,Networking technical support associate.,39,0,networking technical support associate.
ham,I'm gonna rip out my uterus.,28,0,i'm gonna rip out my uterus.
ham,Cool. Do you like swimming? I have a pool and jacuzzi at my house.,66,0,cool. do you like swimming? i have a pool and jacuzzi at my house.
spam,"Thanks for your ringtone order, reference number X49. Your mobile will be charged 4.50. Should your tone not arrive please call customer services 09065989182. From: [colour=red]text[/colour]TXTstar",197,1,"thanks for your ringtone order, reference number x49. your mobile will be charged 4.50. should your tone not arrive please call customer services 09065989182. from: [colour=red]text[/colour]txtstar"
ham,"Yeah why not, is the gang all ready",35,0,"yeah why not, is the gang all ready"
ham,Blank is Blank. But wat is blank? Lol,37,0,blank is blank. but wat is blank? lol
ham,I'm in a movie... Collect car oredi...,38,0,i'm in a movie... collect car oredi...
ham,We left already we at orchard now.,34,0,we left already we at orchard now.
spam,"Hi there, 2nights ur lucky night! Uve been invited 2 XCHAT, the Uks wildest chat! Txt CHAT to 86688 now! 150p/MsgrcvdHG/Suite342/2Lands/Row/W1J6HL LDN 18yrs",156,1,"hi there, 2nights ur lucky night! uve been invited 2 xchat, the uks wildest chat! txt chat to 86688 now! 150p/msgrcvdhg/suite342/2lands/row/w1j6hl ldn 18yrs"
ham,Nothing spl..wat abt u and whr ru?,34,0,nothing spl..wat abt u and whr ru?
ham,No chikku nt yet.. Ya i'm free,30,0,no chikku nt yet.. ya i'm free
ham,"Aldrine, rakhesh ex RTM here.pls call.urgent.",45,0,"aldrine, rakhesh ex rtm here.pls call.urgent."
ham,The search 4 happiness is 1 of d main sources of unhappiness! Accept life the way it comes! U will find happiness in every moment u live.,137,0,the search 4 happiness is 1 of d main sources of unhappiness! accept life the way it comes! u will find happiness in every moment u live.
ham,"I guess you could be as good an excuse as any, lol.",51,0,"i guess you could be as good an excuse as any, lol."
ham,"Isn't frnd a necesity in life? imagine urself witout a frnd.. hw'd u feel at ur colleg? wat'll u do wth ur cell? wat abt functions? thnk abt events espe'll cared, missed &amp; irritated u? 4wrd it to all those dear-loving frnds wthout whom u cant live.. I jst did it.. Takecare..:) GOODMORNING",293,0,"isn't frnd a necesity in life? imagine urself witout a frnd.. hw'd u feel at ur colleg? wat'll u do wth ur cell? wat abt functions? thnk abt events espe'll cared, missed &amp; irritated u? 4wrd it to all those dear-loving frnds wthout whom u cant live.. i jst did it.. takecare..:) goodmorning"
ham,Old Orchard near univ. How about you?,37,0,old orchard near univ. how about you?
ham,"4 tacos + 1 rajas burrito, right?",33,0,"4 tacos + 1 rajas burrito, right?"
ham,"It‘s £6 to get in, is that ok?",30,0,"it‘s £6 to get in, is that ok?"
ham,Hows the street where the end of library walk is?,49,0,hows the street where the end of library walk is?
ham,"Plz note: if anyone calling from a mobile Co. &amp; asks u to type # &lt;#&gt;  or # &lt;#&gt; . Do not do so. Disconnect the call,coz it iz an attempt of 'terrorist' to make use of the sim card no. Itz confirmd by nokia n motorola n has been verified by CNN IBN.",263,0,"plz note: if anyone calling from a mobile co. &amp; asks u to type # &lt;#&gt;  or # &lt;#&gt; . do not do so. disconnect the call,coz it iz an attempt of 'terrorist' to make use of the sim card no. itz confirmd by nokia n motorola n has been verified by cnn ibn."
ham,We stopped to get ice cream and will go back after,50,0,we stopped to get ice cream and will go back after
ham,Did you stitch his trouser,26,0,did you stitch his trouser
spam,2/2 146tf150p,13,1,2/2 146tf150p
ham,Hey i'm bored... So i'm thinking of u... So wat r u doing?,58,0,hey i'm bored... so i'm thinking of u... so wat r u doing?
ham,"Nah, Wednesday. When should I bring the mini cheetos bag over?",62,0,"nah, wednesday. when should i bring the mini cheetos bag over?"
ham,Nobody names their penis a girls name this story doesn't add up at all,70,0,nobody names their penis a girls name this story doesn't add up at all
ham,"Aight, let me know when you're gonna be around usf",50,0,"aight, let me know when you're gonna be around usf"
ham,I'm not. She lip synced with shangela.,38,0,i'm not. she lip synced with shangela.
ham,Ü neva tell me how i noe... I'm not at home in da aft wat... ,61,0,ü neva tell me how i noe... i'm not at home in da aft wat... 
ham,"A bit of Ur smile is my hppnss, a drop of Ur tear is my sorrow, a part of Ur heart is my life, a heart like mine wil care for U, forevr as my GOODFRIEND",152,0,"a bit of ur smile is my hppnss, a drop of ur tear is my sorrow, a part of ur heart is my life, a heart like mine wil care for u, forevr as my goodfriend"
spam,Dear Voucher Holder 2 claim your 1st class airport lounge passes when using Your holiday voucher call 08704439680. When booking quote 1st class x 2,147,1,dear voucher holder 2 claim your 1st class airport lounge passes when using your holiday voucher call 08704439680. when booking quote 1st class x 2
ham,"Buzz! Hey, my Love ! I think of you and hope your day goes well. Did you sleep in ? I miss you babe. I long for the moment we are together again*loving smile*",158,0,"buzz! hey, my love ! i think of you and hope your day goes well. did you sleep in ? i miss you babe. i long for the moment we are together again*loving smile*"
ham,"Haha... Sounds crazy, dunno can tahan anot...",45,0,"haha... sounds crazy, dunno can tahan anot..."
ham,Why are u up so early?,22,0,why are u up so early?
ham,Ya that one is slow as poo,26,0,ya that one is slow as poo
ham,Im on gloucesterroad what are uup to later?,43,0,im on gloucesterroad what are uup to later?
ham,Lol no ouch but wish i'd stayed out a bit longer,48,0,lol no ouch but wish i'd stayed out a bit longer
ham,"GOD ASKED, ""What is forgiveness?"" A little child gave lovely reply, ""It is d wonderful fruit that a tree gives when it is being hurt by a stone.. Good night......",162,0,"god asked, ""what is forgiveness?"" a little child gave lovely reply, ""it is d wonderful fruit that a tree gives when it is being hurt by a stone.. good night......"
ham,We'll join the  &lt;#&gt;  bus,30,0,we'll join the  &lt;#&gt;  bus
ham,Was just about to ask. Will keep this one. Maybe that's why you didn't get all the messages we sent you on glo,110,0,was just about to ask. will keep this one. maybe that's why you didn't get all the messages we sent you on glo
ham,K.i will send in  &lt;#&gt;  min:),34,0,k.i will send in  &lt;#&gt;  min:)
ham,Would me smoking you out help us work through this difficult time,65,0,would me smoking you out help us work through this difficult time
spam,"Someone U know has asked our dating service 2 contact you! Cant guess who? CALL 09058095107 NOW all will be revealed. POBox 7, S3XY 150p ",137,1,"someone u know has asked our dating service 2 contact you! cant guess who? call 09058095107 now all will be revealed. pobox 7, s3xy 150p "
ham,Yes.mum lookin strong:),23,0,yes.mum lookin strong:)
ham,"Sir Goodmorning, Once free call me.",35,0,"sir goodmorning, once free call me."
ham,Where are you call me.,22,0,where are you call me.
ham,Love it! The girls at the office may wonder why you are smiling but sore...,75,0,love it! the girls at the office may wonder why you are smiling but sore...
ham,"Hi, wlcome back, did wonder if you got eaten by a lion or something, nothing much",81,0,"hi, wlcome back, did wonder if you got eaten by a lion or something, nothing much"
ham,Does uncle timi help in clearing cars,37,0,does uncle timi help in clearing cars
ham,I came hostel. I m going to sleep. Plz call me up before class. Hrishi.,71,0,i came hostel. i m going to sleep. plz call me up before class. hrishi.
ham,Ok... But bag again..,21,0,ok... but bag again..
ham,Ok lor. Msg me b4 u call.,25,0,ok lor. msg me b4 u call.
spam,"Mila, age23, blonde, new in UK. I look sex with UK guys. if u like fun with me. Text MTALK to 69866.18 . 30pp/txt 1st 5free. £1.50 increments. Help08718728876",158,1,"mila, age23, blonde, new in uk. i look sex with uk guys. if u like fun with me. text mtalk to 69866.18 . 30pp/txt 1st 5free. £1.50 increments. help08718728876"
ham,"Once a fishrman woke early in d mrng. It was very dark. He waited a while &amp; found a sack ful of stones. He strtd throwin thm in2 d sea 2 pass time. Atlast he had jus 1stone, sun rose up &amp; he found out tht those r nt stones, those were diamonds. Moral:""Dont wake up early in d mrng'' GOOD night",301,0,"once a fishrman woke early in d mrng. it was very dark. he waited a while &amp; found a sack ful of stones. he strtd throwin thm in2 d sea 2 pass time. atlast he had jus 1stone, sun rose up &amp; he found out tht those r nt stones, those were diamonds. moral:""dont wake up early in d mrng'' good night"
spam,"Claim a 200 shopping spree, just call 08717895698 now! Have you won! MobStoreQuiz10ppm",86,1,"claim a 200 shopping spree, just call 08717895698 now! have you won! mobstorequiz10ppm"
ham,Then ur physics get a-?,23,0,then ur physics get a-?
ham,"Dear friends, sorry for the late information. Today is the birthday of our loving Ar.Praveesh. for more details log on to face book and see. Its his number + &lt;#&gt; . Dont miss a delicious treat.",198,0,"dear friends, sorry for the late information. today is the birthday of our loving ar.praveesh. for more details log on to face book and see. its his number + &lt;#&gt; . dont miss a delicious treat."
ham,How r ü going to send it to me?,31,0,how r ü going to send it to me?
ham,Can you do online transaction?,30,0,can you do online transaction?
ham,Dear got train and seat mine lower seat,39,0,dear got train and seat mine lower seat
ham,Let me know if you need anything else. Salad or desert or something... How many beers shall i get?,98,0,let me know if you need anything else. salad or desert or something... how many beers shall i get?
ham,WHORE YOU ARE UNBELIEVABLE.,27,0,whore you are unbelievable.
spam,"Want to funk up ur fone with a weekly new tone reply TONES2U 2 this text. www.ringtones.co.uk, the original n best. Tones 3GBP network operator rates apply",155,1,"want to funk up ur fone with a weekly new tone reply tones2u 2 this text. www.ringtones.co.uk, the original n best. tones 3gbp network operator rates apply"
ham,"Are you sure you don't mean ""get here, we made you hold all the weed""",69,0,"are you sure you don't mean ""get here, we made you hold all the weed"""
ham,"I love you !!! You know? Can you feel it? Does it make your belly warm? I wish it does, my love ... I shall meet you in your dreams, Ahmad ... *adoring kiss*",157,0,"i love you !!! you know? can you feel it? does it make your belly warm? i wish it does, my love ... i shall meet you in your dreams, ahmad ... *adoring kiss*"
spam,"Twinks, bears, scallies, skins and jocks are calling now. Don't miss the weekend's fun. Call 08712466669 at 10p/min. 2 stop texts call 08712460324(nat rate)",156,1,"twinks, bears, scallies, skins and jocks are calling now. don't miss the weekend's fun. call 08712466669 at 10p/min. 2 stop texts call 08712460324(nat rate)"
ham,Love it! I want to flood that pretty pussy with cum...,54,0,love it! i want to flood that pretty pussy with cum...
ham,Hey are you angry with me. Reply me dr.,39,0,hey are you angry with me. reply me dr.
ham,"Short But Cute: ""Be a good person, but dont try to prove it.."" .Gud noon....",76,0,"short but cute: ""be a good person, but dont try to prove it.."" .gud noon...."
ham,Also remember the beads don't come off. Ever.,45,0,also remember the beads don't come off. ever.
ham,They have a thread on the wishlist section of the forums where ppl post nitro requests. Start from the last page and collect from the bottom up.,144,0,they have a thread on the wishlist section of the forums where ppl post nitro requests. start from the last page and collect from the bottom up.
ham,For The First Time In The History 'Need' 'Comfort' And 'Luxury' Are Sold At Same Price In India..!! Onion-Rs. &lt;#&gt;  Petrol-Rs. &lt;#&gt;  Beer-Rs. &lt;#&gt;  SHESIL  &lt;#&gt;,180,0,for the first time in the history 'need' 'comfort' and 'luxury' are sold at same price in india..!! onion-rs. &lt;#&gt;  petrol-rs. &lt;#&gt;  beer-rs. &lt;#&gt;  shesil  &lt;#&gt;
ham,"Actually nvm, got hella cash, we still on for  &lt;#&gt; ish?",61,0,"actually nvm, got hella cash, we still on for  &lt;#&gt; ish?"
spam,We tried to contact you re your reply to our offer of a Video Handset? 750 anytime any networks mins? UNLIMITED TEXT? Camcorder? Reply or call 08000930705 NOW,158,1,we tried to contact you re your reply to our offer of a video handset? 750 anytime any networks mins? unlimited text? camcorder? reply or call 08000930705 now
ham,"It's ok, at least armand's still around",39,0,"it's ok, at least armand's still around"
ham,No da. I am happy that we sit together na,41,0,no da. i am happy that we sit together na
ham,Yup song bro. No creative. Neva test quality. He said check review online.,74,0,yup song bro. no creative. neva test quality. he said check review online.
ham,"No dude, its not fake..my frnds got money, thts y i'm reffering u..if u member wit my mail link, u vl be credited  &lt;#&gt; rs and il be getiing  &lt;#&gt; rs..i can draw my acc wen it is  &lt;#&gt; rs..",204,0,"no dude, its not fake..my frnds got money, thts y i'm reffering u..if u member wit my mail link, u vl be credited  &lt;#&gt; rs and il be getiing  &lt;#&gt; rs..i can draw my acc wen it is  &lt;#&gt; rs.."
ham,Dude while were makin those weirdy brownies my sister made awesome cookies. I took pics.,88,0,dude while were makin those weirdy brownies my sister made awesome cookies. i took pics.
spam,URGENT! We are trying to contact you. Last weekends draw shows that you have won a £900 prize GUARANTEED. Call 09061701851. Claim code K61. Valid 12hours only,158,1,urgent! we are trying to contact you. last weekends draw shows that you have won a £900 prize guaranteed. call 09061701851. claim code k61. valid 12hours only
ham,Pls dont restrict her from eating anythin she likes for the next two days.,74,0,pls dont restrict her from eating anythin she likes for the next two days.
ham,Mm you ask him to come its enough :-),37,0,mm you ask him to come its enough :-)
ham,At the funeral home with Audrey and dad,39,0,at the funeral home with audrey and dad
ham,"Aight, can you text me the address?",35,0,"aight, can you text me the address?"
ham,Excellent! Wish we were together right now!,43,0,excellent! wish we were together right now!
ham,Yep then is fine 7.30 or 8.30 for ice age.,42,0,yep then is fine 7.30 or 8.30 for ice age.
ham,Pls i wont belive god.not only jesus.,37,0,pls i wont belive god.not only jesus.
ham,Can. Dunno wat to get 4 her...,30,0,can. dunno wat to get 4 her...
ham,"Not yet chikku..k, then wat abt tht guy did he stopped irritating or msging to u..",82,0,"not yet chikku..k, then wat abt tht guy did he stopped irritating or msging to u.."
ham,How long does it take to get it.,32,0,how long does it take to get it.
ham,This is my number by vivek..,28,0,this is my number by vivek..
spam,74355 XMAS iscoming & ur awarded either £500 CD gift vouchers & free entry 2 r £100 weekly draw txt MUSIC to 87066 TnC,118,1,74355 xmas iscoming & ur awarded either £500 cd gift vouchers & free entry 2 r £100 weekly draw txt music to 87066 tnc
ham,"sorry brah, just finished the last of my exams, what up",55,0,"sorry brah, just finished the last of my exams, what up"
ham,"I got arrested for possession at, I shit you not,  &lt;TIME&gt;  pm",67,0,"i got arrested for possession at, i shit you not,  &lt;time&gt;  pm"
ham,You are right though. I can't give you the space you want and need. This is really starting to become an issue. I was going to suggest setting a definite move out--if i'm still there-- after greece. But maybe you are ready and should do it now.,244,0,you are right though. i can't give you the space you want and need. this is really starting to become an issue. i was going to suggest setting a definite move out--if i'm still there-- after greece. but maybe you are ready and should do it now.
ham,Just normal only here :),24,0,just normal only here :)
ham,"Please protect yourself from e-threats. SIB never asks for sensitive information like Passwords,ATM/SMS PIN thru email. Never share your password with anybody.",159,0,"please protect yourself from e-threats. sib never asks for sensitive information like passwords,atm/sms pin thru email. never share your password with anybody."
ham,I miss you so much I'm so desparate I have recorded the message you left for me the other day and listen to it just to hear the sound of your voice. I love you,159,0,i miss you so much i'm so desparate i have recorded the message you left for me the other day and listen to it just to hear the sound of your voice. i love you
ham,Hi. I'm always online on yahoo and would like to chat with you someday,70,0,hi. i'm always online on yahoo and would like to chat with you someday
ham,"Goodmorning,my grandfather expired..so am on leave today.",57,0,"goodmorning,my grandfather expired..so am on leave today."
spam,Congratulations U can claim 2 VIP row A Tickets 2 C Blu in concert in November or Blu gift guaranteed Call 09061104276 to claim TS&Cs www.smsco.net cost£3.75max ,161,1,congratulations u can claim 2 vip row a tickets 2 c blu in concert in november or blu gift guaranteed call 09061104276 to claim ts&cs www.smsco.net cost£3.75max 
ham,Where are you ? What are you doing ? Are yuou working on getting the pc to your mom's ? Did you find a spot that it would work ? I need you,139,0,where are you ? what are you doing ? are yuou working on getting the pc to your mom's ? did you find a spot that it would work ? i need you
ham,"Sure, I'll see if I can come by in a bit",40,0,"sure, i'll see if i can come by in a bit"
ham,I agree. So i can stop thinkin about ipad. Can you please ask macho the same question.,86,0,i agree. so i can stop thinkin about ipad. can you please ask macho the same question.
ham,Let's pool our money together and buy a bunch of lotto tickets. If we win I get &lt;#&gt; % u get &lt;#&gt; %. Deal?,116,0,let's pool our money together and buy a bunch of lotto tickets. if we win i get &lt;#&gt; % u get &lt;#&gt; %. deal?
ham,Watching tv lor. Nice one then i like lor.,42,0,watching tv lor. nice one then i like lor.
ham,I'm thinking that chennai forgot to come for auction..,54,0,i'm thinking that chennai forgot to come for auction..
ham,Then ü come n pick me at 530 ar?,32,0,then ü come n pick me at 530 ar?
ham,Early bird! Any purchases yet?,30,0,early bird! any purchases yet?
ham,Went to pay rent. So i had to go to the bank to authorise the payment.,70,0,went to pay rent. so i had to go to the bank to authorise the payment.
ham,"Erm … ill pick you up at about 6.45pm. That'll give enough time to get there, park and that.",92,0,"erm … ill pick you up at about 6.45pm. that'll give enough time to get there, park and that."
ham,HEY MATE! HOWS U HONEY?DID U AVE GOOD HOLIDAY? GIMMI DE GOSS!x,62,0,hey mate! hows u honey?did u ave good holiday? gimmi de goss!x
ham,Howz pain.it will come down today.do as i said ystrday.ice and medicine.,72,0,howz pain.it will come down today.do as i said ystrday.ice and medicine.
ham,"chile, please! It's only a  &lt;DECIMAL&gt;  hour drive for me. I come down all the time and will be subletting feb-april for audition season.",142,0,"chile, please! it's only a  &lt;decimal&gt;  hour drive for me. i come down all the time and will be subletting feb-april for audition season."
ham,Yes ammae....life takes lot of turns you can only sit and try to hold the steering...,85,0,yes ammae....life takes lot of turns you can only sit and try to hold the steering...
ham,"Yeah that's what I thought, lemme know if anything's goin on later",66,0,"yeah that's what i thought, lemme know if anything's goin on later"
ham,Mmmm.... I cant wait to lick it!,32,0,mmmm.... i cant wait to lick it!
ham,Pls go there today  &lt;#&gt; . I dont want any excuses,55,0,pls go there today  &lt;#&gt; . i dont want any excuses
ham,Can you plz tell me the ans. BSLVYL sent via fullonsms.com,58,0,can you plz tell me the ans. bslvyl sent via fullonsms.com
ham,U in town alone?,16,0,u in town alone?
ham,I to am looking forward to all the sex cuddling.. Only two more sleeps ,71,0,i to am looking forward to all the sex cuddling.. only two more sleeps 
ham,We have all rounder:)so not required:),38,0,we have all rounder:)so not required:)
ham,"No, its true..k,Do u knw dis no. &lt;#&gt; ?",44,0,"no, its true..k,do u knw dis no. &lt;#&gt; ?"
ham,"Dont worry, 1 day very big lambu ji vl come..til then enjoy batchlor party:-)",77,0,"dont worry, 1 day very big lambu ji vl come..til then enjoy batchlor party:-)"
ham,oh ya... Got hip hop open. Haha i was thinking can go for jazz then zoom to cine... Actually tonight i'm free leh... And there's a kb lesson tonight,148,0,oh ya... got hip hop open. haha i was thinking can go for jazz then zoom to cine... actually tonight i'm free leh... and there's a kb lesson tonight
spam,Free msg: Single? Find a partner in your area! 1000s of real people are waiting to chat now!Send CHAT to 62220Cncl send STOPCS 08717890890£1.50 per msg,151,1,free msg: single? find a partner in your area! 1000s of real people are waiting to chat now!send chat to 62220cncl send stopcs 08717890890£1.50 per msg
ham,I'm ok. Will do my part tomorrow,32,0,i'm ok. will do my part tomorrow
ham,"No! But we found a diff farm shop to buy some cheese. On way back now, can i call in?",85,0,"no! but we found a diff farm shop to buy some cheese. on way back now, can i call in?"
ham,R u still working now?,22,0,r u still working now?
spam,"Win the newest Harry Potter and the Order of the Phoenix (Book 5) reply HARRY, answer 5 questions - chance to be the first among readers!",138,1,"win the newest harry potter and the order of the phoenix (book 5) reply harry, answer 5 questions - chance to be the first among readers!"
ham,Yep. I do like the pink furniture tho.,38,0,yep. i do like the pink furniture tho.
spam,Free Msg: Ringtone!From: http://tms. widelive.com/index. wml?id=1b6a5ecef91ff9*37819&first=true18:0430-JUL-05,109,1,free msg: ringtone!from: http://tms. widelive.com/index. wml?id=1b6a5ecef91ff9*37819&first=true18:0430-jul-05
ham,"Customer place, i wil cal u sir.",32,0,"customer place, i wil cal u sir."
spam,"Oh my god! I've found your number again! I'm so glad, text me back xafter this msgs cst std ntwk chg £1.50",106,1,"oh my god! i've found your number again! i'm so glad, text me back xafter this msgs cst std ntwk chg £1.50"
ham,A pure hearted person can have a wonderful smile that makes even his/her enemies to feel guilty for being an enemy.. So catch the world with your smile..:) GOODMORNING &amp; HAVE A SMILEY SUNDAY..:),198,0,a pure hearted person can have a wonderful smile that makes even his/her enemies to feel guilty for being an enemy.. so catch the world with your smile..:) goodmorning &amp; have a smiley sunday..:)
ham,"THATS ALRITE GIRL, U KNOW GAIL IS NEVA WRONG!!TAKE CARE SWEET AND DONT WORRY.C U L8TR HUN!LOVE Yaxxx",102,0,"thats alrite girl, u know gail is neva wrong!!take care sweet and dont worry.c u l8tr hun!love yaxxx"
ham,"Theoretically yeah, he could be able to come",44,0,"theoretically yeah, he could be able to come"
ham,"Alright we're hooked up, where you guys at",42,0,"alright we're hooked up, where you guys at"
ham,"not that I know of, most people up here are still out of town",61,0,"not that i know of, most people up here are still out of town"
ham,No let me do the math. Your not good at it.,43,0,no let me do the math. your not good at it.
ham,Oh ok wait 4 me there... My lect havent finish,46,0,oh ok wait 4 me there... my lect havent finish
ham,Yeah my usual guy's out of town but there're definitely people around I know,76,0,yeah my usual guy's out of town but there're definitely people around i know
ham,I am joining today formally.Pls keep praying.will talk later.,61,0,i am joining today formally.pls keep praying.will talk later.
ham,"Happy or sad , one thing about past is- ""Its no more"" GOOD MORNING :-):-).",74,0,"happy or sad , one thing about past is- ""its no more"" good morning :-):-)."
ham,No. Did you multimedia message them or e-mail?,46,0,no. did you multimedia message them or e-mail?
ham,Okie but i scared u say i fat... Then u dun wan me already...,61,0,okie but i scared u say i fat... then u dun wan me already...
ham,did u get that message,22,0,did u get that message
ham,"Sorry sir, i will call you tomorrow.  senthil.hsbc",50,0,"sorry sir, i will call you tomorrow.  senthil.hsbc"
ham,What you need. You have a person to give na.,44,0,what you need. you have a person to give na.
ham,She left it very vague. She just said she would inform the person in accounting about the delayed rent and that i should discuss with the housing agency about my renting another place. But checking online now and all places around usc are  &lt;#&gt;  and up,257,0,she left it very vague. she just said she would inform the person in accounting about the delayed rent and that i should discuss with the housing agency about my renting another place. but checking online now and all places around usc are  &lt;#&gt;  and up
ham,Hi juan. Im coming home on fri hey. Of course i expect a welcome party and lots of presents. Ill phone u when i get back. Loads of love nicky x x x x x x x x x,159,0,hi juan. im coming home on fri hey. of course i expect a welcome party and lots of presents. ill phone u when i get back. loads of love nicky x x x x x x x x x
ham,"Gumby's has a special where a  &lt;#&gt; "" cheese pizza is $2 so I know what we're doin tonight",95,0,"gumby's has a special where a  &lt;#&gt; "" cheese pizza is $2 so i know what we're doin tonight"
spam,A link to your picture has been sent. You can also use http://alto18.co.uk/wave/wave.asp?o=44345,96,1,a link to your picture has been sent. you can also use http://alto18.co.uk/wave/wave.asp?o=44345
ham,Like a personal sized or what,29,0,like a personal sized or what
ham,"Same, I'm at my great aunts anniversary party in tarpon springs",63,0,"same, i'm at my great aunts anniversary party in tarpon springs"
ham,Cab is available.they pick up and drop at door steps.,53,0,cab is available.they pick up and drop at door steps.
ham,ok....take care.umma to you too...,34,0,ok....take care.umma to you too...
ham,Unlimited texts. Limited minutes.,33,0,unlimited texts. limited minutes.
spam,"Double Mins & 1000 txts on Orange tariffs. Latest Motorola, SonyEricsson & Nokia with Bluetooth FREE! Call MobileUpd8 on 08000839402 or call2optout/HF8",151,1,"double mins & 1000 txts on orange tariffs. latest motorola, sonyericsson & nokia with bluetooth free! call mobileupd8 on 08000839402 or call2optout/hf8"
ham,No problem. We will be spending a lot of quality time together...,65,0,no problem. we will be spending a lot of quality time together...
spam,URGENT This is our 2nd attempt to contact U. Your £900 prize from YESTERDAY is still awaiting collection. To claim CALL NOW 09061702893. ACL03530150PM,150,1,urgent this is our 2nd attempt to contact u. your £900 prize from yesterday is still awaiting collection. to claim call now 09061702893. acl03530150pm
ham,Have you heard from this week?,30,0,have you heard from this week?
spam,Dear Dave this is your final notice to collect your 4* Tenerife Holiday or #5000 CASH award! Call 09061743806 from landline. TCs SAE Box326 CW25WX 150ppm,153,1,dear dave this is your final notice to collect your 4* tenerife holiday or #5000 cash award! call 09061743806 from landline. tcs sae box326 cw25wx 150ppm
ham,Yes. Last  practice,19,0,yes. last  practice
spam,tells u 2 call 09066358152 to claim £5000 prize. U have 2 enter all ur mobile & personal details @ the prompts. Careful!,120,1,tells u 2 call 09066358152 to claim £5000 prize. u have 2 enter all ur mobile & personal details @ the prompts. careful!
ham,No. Thank you. You've been wonderful,36,0,no. thank you. you've been wonderful
ham,Ü mean it's confirmed... I tot they juz say oni... Ok then... ,62,0,ü mean it's confirmed... i tot they juz say oni... ok then... 
ham,That depends. How would you like to be treated? :),50,0,that depends. how would you like to be treated? :)
ham,"Right on brah, see you later",28,0,"right on brah, see you later"
ham,Waiting in e car 4 my mum lor. U leh? Reach home already?,57,0,waiting in e car 4 my mum lor. u leh? reach home already?
spam,Your 2004 account for 07XXXXXXXXX shows 786 unredeemed points. To claim call 08719181259 Identifier code: XXXXX Expires 26.03.05,128,1,your 2004 account for 07xxxxxxxxx shows 786 unredeemed points. to claim call 08719181259 identifier code: xxxxx expires 26.03.05
spam,Do you want a new video handset? 750 anytime any network mins? Half Price Line Rental? Camcorder? Reply or call 08000930705 for delivery tomorrow,145,1,do you want a new video handset? 750 anytime any network mins? half price line rental? camcorder? reply or call 08000930705 for delivery tomorrow
ham,Went fast asleep dear.take care.,32,0,went fast asleep dear.take care.
ham,No that just means you have a fat head,38,0,no that just means you have a fat head
ham,Sounds like a plan! Cardiff is still here and still cold! I'm sitting on the radiator!,86,0,sounds like a plan! cardiff is still here and still cold! i'm sitting on the radiator!
ham,Serious? What like proper tongued her,37,0,serious? what like proper tongued her
ham,She.s good. She was wondering if you wont say hi but she.s smiling now. So how are you coping with the long distance,116,0,she.s good. she was wondering if you wont say hi but she.s smiling now. so how are you coping with the long distance
ham,How i noe... She's in da car now... Later then c lar... I'm wearing shorts...,77,0,how i noe... she's in da car now... later then c lar... i'm wearing shorts...
ham,Yeah whatever lol,17,0,yeah whatever lol
ham,Ard 530 lor. I ok then message ü lor.,37,0,ard 530 lor. i ok then message ü lor.
ham,Ok. C u then.,13,0,ok. c u then.
ham,Eh ur laptop got no stock lei... He say mon muz come again to take a look c got a not...,88,0,eh ur laptop got no stock lei... he say mon muz come again to take a look c got a not...
ham,No need to ke qi... Ü too bored izzit y suddenly thk of this...,63,0,no need to ke qi... ü too bored izzit y suddenly thk of this...
ham,I wish! I don't think its gonna snow that much. But it will be more than those flurries we usually get that melt before they hit the ground. Eek! We haven't had snow since &lt;#&gt; before I was even born!,205,0,i wish! i don't think its gonna snow that much. but it will be more than those flurries we usually get that melt before they hit the ground. eek! we haven't had snow since &lt;#&gt; before i was even born!
spam,FREE>Ringtone! Reply REAL or POLY eg REAL1 1. PushButton 2. DontCha 3. BabyGoodbye 4. GoldDigger 5. WeBeBurnin 1st tone FREE and 6 more when u join for £3/wk,157,1,free>ringtone! reply real or poly eg real1 1. pushbutton 2. dontcha 3. babygoodbye 4. golddigger 5. webeburnin 1st tone free and 6 more when u join for £3/wk
ham,"Oh really? perform, write a paper, go to a movie AND be home by midnight, huh?",78,0,"oh really? perform, write a paper, go to a movie and be home by midnight, huh?"
ham,Okay lor... Will they still let us go a not ah? Coz they will not know until later. We drop our cards into the box right?,121,0,okay lor... will they still let us go a not ah? coz they will not know until later. we drop our cards into the box right?
ham,How? Izzit still raining?,25,0,how? izzit still raining?
ham,As if i wasn't having enough trouble sleeping.,46,0,as if i wasn't having enough trouble sleeping.
ham,I havent add ü yet right.. ,27,0,i havent add ü yet right.. 
ham,Lol ... I really need to remember to eat when I'm drinking but I do appreciate you keeping me company that night babe *smiles*,126,0,lol ... i really need to remember to eat when i'm drinking but i do appreciate you keeping me company that night babe *smiles*
ham,Babe ? I lost you ... Will you try rebooting ?,46,0,babe ? i lost you ... will you try rebooting ?
ham,Yes. Nigh you cant aha.,23,0,yes. nigh you cant aha.
ham,I thk ü gotta go home by urself. Cos i'll b going out shopping 4 my frens present. ,83,0,i thk ü gotta go home by urself. cos i'll b going out shopping 4 my frens present. 
ham,Nooooooo I'm gonna be bored to death all day. Cable and internet outage.,72,0,nooooooo i'm gonna be bored to death all day. cable and internet outage.
ham,Sos! Any amount i can get pls.,30,0,sos! any amount i can get pls.
ham,"Playin space poker, u?",22,0,"playin space poker, u?"
ham,How come guoyang go n tell her? Then u told her?,48,0,how come guoyang go n tell her? then u told her?
ham,You need to get up. Now.,24,0,you need to get up. now.
ham,They r giving a second chance to rahul dengra.,46,0,they r giving a second chance to rahul dengra.
ham,"Yeah, in fact he just asked if we needed anything like an hour ago. When and how much?",86,0,"yeah, in fact he just asked if we needed anything like an hour ago. when and how much?"
ham,WHEN THE FIRST STRIKE IS A RED ONE. THE BIRD + ANTELOPE BEGIN TOPLAY IN THE FIELDOF SELFINDEPENDENCE BELIEVE THIS + THE FLOWER OF CONTENTION WILL GROW.RANDOM!,158,0,when the first strike is a red one. the bird + antelope begin toplay in the fieldof selfindependence believe this + the flower of contention will grow.random!
ham,Y ü wan to go there? C doctor?,30,0,y ü wan to go there? c doctor?
ham,Does daddy have a bb now.,25,0,does daddy have a bb now.
spam,"Free Msg: get Gnarls Barkleys ""Crazy"" ringtone TOTALLY FREE just reply GO to this message right now!",100,1,"free msg: get gnarls barkleys ""crazy"" ringtone totally free just reply go to this message right now!"
ham,She's borderline but yeah whatever.,35,0,she's borderline but yeah whatever.
ham,"Until 545 lor... Ya, can go 4 dinner together...",48,0,"until 545 lor... ya, can go 4 dinner together..."
ham,I will be gentle princess! We will make sweet gentle love...,60,0,i will be gentle princess! we will make sweet gentle love...
ham,How u doin baby girl ?? hope u are okay every time I call ure phone is off! I miss u get in touch,97,0,how u doin baby girl ?? hope u are okay every time i call ure phone is off! i miss u get in touch
ham,"Sorry, went to bed early, nightnight",36,0,"sorry, went to bed early, nightnight"
ham,I like to think there's always the possibility of being in a pub later.,71,0,i like to think there's always the possibility of being in a pub later.
ham,HMM yeah if your not too grooved out! And im looking forward to my pound special :),83,0,hmm yeah if your not too grooved out! and im looking forward to my pound special :)
ham,I got to video tape pple type in message lor. U so free wan 2 help me? Hee... Cos i noe u wan 2 watch infernal affairs so ask u along. Asking shuhui oso.,153,0,i got to video tape pple type in message lor. u so free wan 2 help me? hee... cos i noe u wan 2 watch infernal affairs so ask u along. asking shuhui oso.
ham,Hi dude hw r u da realy mising u today,38,0,hi dude hw r u da realy mising u today
ham,Me hungry buy some food good lei... But mum n yun dun wan juz buy a little bit... ,82,0,me hungry buy some food good lei... but mum n yun dun wan juz buy a little bit... 
spam,Refused a loan? Secured or Unsecured? Can't get credit? Call free now 0800 195 6669 or text back 'help' & we will!,114,1,refused a loan? secured or unsecured? can't get credit? call free now 0800 195 6669 or text back 'help' & we will!
ham,I probably won't eat at all today. I think I'm gonna pop. How was your weekend? Did u miss me?,94,0,i probably won't eat at all today. i think i'm gonna pop. how was your weekend? did u miss me?
ham,I knew it... U slept v late yest? Wake up so late...,52,0,i knew it... u slept v late yest? wake up so late...
ham,Haha... dont be angry with yourself... Take it as a practice for the real thing. =) ,84,0,haha... dont be angry with yourself... take it as a practice for the real thing. =) 
ham,Where is that one day training:-),33,0,where is that one day training:-)
ham,So i could kiss and feel you next to me...,42,0,so i could kiss and feel you next to me...
ham,Have a nice day my dear.,24,0,have a nice day my dear.
ham,I sent lanre fakeye's Eckankar details to the mail box,54,0,i sent lanre fakeye's eckankar details to the mail box
ham,Your dad is back in ph?,23,0,your dad is back in ph?
spam,"You have been specially selected to receive a ""3000 award! Call 08712402050 BEFORE the lines close. Cost 10ppm. 16+. T&Cs apply. AG Promo",137,1,"you have been specially selected to receive a ""3000 award! call 08712402050 before the lines close. cost 10ppm. 16+. t&cs apply. ag promo"
ham,If you ask her or she say any please message.,45,0,if you ask her or she say any please message.
ham,"If e timing can, then i go w u lor...",37,0,"if e timing can, then i go w u lor..."
ham,I was just callin to say hi. Take care bruv!,44,0,i was just callin to say hi. take care bruv!
spam,YOU HAVE WON! As a valued Vodafone customer our computer has picked YOU to win a £150 prize. To collect is easy. Just call 09061743386,134,1,you have won! as a valued vodafone customer our computer has picked you to win a £150 prize. to collect is easy. just call 09061743386
ham,Did u turn on the heater? The heater was on and set to &lt;#&gt; degrees.,73,0,did u turn on the heater? the heater was on and set to &lt;#&gt; degrees.
ham,Thanks for your message. I really appreciate your sacrifice. I'm not sure of the process of direct pay but will find out on my way back from the test tomorrow. I'm in class now. Do have a wonderful day.,202,0,thanks for your message. i really appreciate your sacrifice. i'm not sure of the process of direct pay but will find out on my way back from the test tomorrow. i'm in class now. do have a wonderful day.
ham,"That's the trouble with classes that go well - you're due a dodgey one … Expecting mine tomo! See you for recovery, same time, same place ",138,0,"that's the trouble with classes that go well - you're due a dodgey one … expecting mine tomo! see you for recovery, same time, same place "
spam,Free video camera phones with Half Price line rental for 12 mths and 500 cross ntwk mins 100 txts. Call MobileUpd8 08001950382 or Call2OptOut/674&,146,1,free video camera phones with half price line rental for 12 mths and 500 cross ntwk mins 100 txts. call mobileupd8 08001950382 or call2optout/674&
ham,WOT U UP 2 J?,13,0,wot u up 2 j?
ham,"Night night, see you tomorrow",29,0,"night night, see you tomorrow"
ham,Roger that. We‘re probably going to rem in about 20,51,0,roger that. we‘re probably going to rem in about 20
ham,do u think that any girl will propose u today by seing ur bloody funky shit fucking face...............asssssholeeee................,132,0,do u think that any girl will propose u today by seing ur bloody funky shit fucking face...............asssssholeeee................
ham,I wish u were here. I feel so alone,35,0,i wish u were here. i feel so alone
ham,Reason is if the team budget is available at last they buy the unsold players for at base rate..,96,0,reason is if the team budget is available at last they buy the unsold players for at base rate..
ham,CERI U REBEL! SWEET DREAMZ ME LITTLE BUDDY!! C YA 2MORO! WHO NEEDS BLOKES,73,0,ceri u rebel! sweet dreamz me little buddy!! c ya 2moro! who needs blokes
spam,ringtoneking 84484,18,1,ringtoneking 84484
ham,Huh i cant thk of more oredi how many pages do we have?,55,0,huh i cant thk of more oredi how many pages do we have?
ham,His frens go then he in lor. Not alone wif my mum n sis lor.,60,0,his frens go then he in lor. not alone wif my mum n sis lor.
ham,Nationwide auto centre (or something like that) on Newport road. I liked them there,83,0,nationwide auto centre (or something like that) on newport road. i liked them there
ham,"Hey, I missed you tm of last night as my phone was on the charge ... *smiles* ... I am meeting a friend shortly",111,0,"hey, i missed you tm of last night as my phone was on the charge ... *smiles* ... i am meeting a friend shortly"
ham,"Whatever, juliana. Do whatever you want.",40,0,"whatever, juliana. do whatever you want."
spam,Ringtone Club: Gr8 new polys direct to your mobile every week !,63,1,ringtone club: gr8 new polys direct to your mobile every week !
ham,"Hello. Sort of out in town already. That . So dont rush home, I am eating nachos. Will let you know eta.",104,0,"hello. sort of out in town already. that . so dont rush home, i am eating nachos. will let you know eta."
ham,Ok lor. Anyway i thk we cant get tickets now cos like quite late already. U wan 2 go look 4 ur frens a not? Darren is wif them now...,133,0,ok lor. anyway i thk we cant get tickets now cos like quite late already. u wan 2 go look 4 ur frens a not? darren is wif them now...
spam,(Bank of Granite issues Strong-Buy) EXPLOSIVE PICK FOR OUR MEMBERS *****UP OVER 300% *********** Nasdaq Symbol CDGT That is a $5.00 per..,137,1,(bank of granite issues strong-buy) explosive pick for our members *****up over 300% *********** nasdaq symbol cdgt that is a $5.00 per..
ham,"Dizzamn, aight I'll ask my suitemates when I get back",53,0,"dizzamn, aight i'll ask my suitemates when i get back"
ham,"Nimbomsons. Yep phone knows that one. Obviously, cos thats a real word",70,0,"nimbomsons. yep phone knows that one. obviously, cos thats a real word"
ham,I love to cuddle! I want to hold you in my strong arms right now...,67,0,i love to cuddle! i want to hold you in my strong arms right now...
ham,R u in this continent?,22,0,r u in this continent?
ham,We'll you pay over like  &lt;#&gt; yrs so its not too difficult,63,0,we'll you pay over like  &lt;#&gt; yrs so its not too difficult
spam,Bored housewives! Chat n date now! 0871750.77.11! BT-national rate 10p/min only from landlines!,95,1,bored housewives! chat n date now! 0871750.77.11! bt-national rate 10p/min only from landlines!
spam,We tried to call you re your reply to our sms for a video mobile 750 mins UNLIMITED TEXT free camcorder Reply or call now 08000930705 Del Thurs,143,1,we tried to call you re your reply to our sms for a video mobile 750 mins unlimited text free camcorder reply or call now 08000930705 del thurs
ham,K...k...when will you give treat?,33,0,k...k...when will you give treat?
spam,"This is the 2nd time we have tried to contact u. U have won the £400 prize. 2 claim is easy, just call 087104711148 NOW! Only 10p per minute. BT-national-rate",158,1,"this is the 2nd time we have tried to contact u. u have won the £400 prize. 2 claim is easy, just call 087104711148 now! only 10p per minute. bt-national-rate"
ham,He's just gonna worry for nothing. And he won't give you money its no use.,74,0,he's just gonna worry for nothing. and he won't give you money its no use.
ham,Did you get any gift? This year i didnt get anything. So bad,60,0,did you get any gift? this year i didnt get anything. so bad
ham,Well there's a pattern emerging of my friends telling me to drive up and come smoke with them and then telling me that I'm a weed fiend/make them smoke too much/impede their doing other things so you see how I'm hesitant,220,0,well there's a pattern emerging of my friends telling me to drive up and come smoke with them and then telling me that i'm a weed fiend/make them smoke too much/impede their doing other things so you see how i'm hesitant
ham,", ow u dey.i paid 60,400thousad.i told  u would call . ",55,0,", ow u dey.i paid 60,400thousad.i told  u would call . "
ham,IM FINE BABES AINT BEEN UP 2 MUCH THO! SAW SCARY MOVIE YEST ITS QUITE FUNNY! WANT 2MRW AFTERNOON? AT TOWN OR MALL OR SUMTHIN?xx,127,0,im fine babes aint been up 2 much tho! saw scary movie yest its quite funny! want 2mrw afternoon? at town or mall or sumthin?xx
ham,I'm reaching home in 5 min.,27,0,i'm reaching home in 5 min.
ham,"Forgot you were working today! Wanna chat, but things are ok so drop me a text when you're free / bored etc and i'll ring. Hope all is well, nose essay and all xx",162,0,"forgot you were working today! wanna chat, but things are ok so drop me a text when you're free / bored etc and i'll ring. hope all is well, nose essay and all xx"
ham,Ha... Then we must walk to everywhere... Cannot take tram. My cousin said can walk to vic market from our hotel ,112,0,ha... then we must walk to everywhere... cannot take tram. my cousin said can walk to vic market from our hotel 
ham,Discussed with your mother ah?,30,0,discussed with your mother ah?
ham,"Sorry, I can't text &amp; drive coherently, see you in twenty",61,0,"sorry, i can't text &amp; drive coherently, see you in twenty"
spam,You will be receiving this week's Triple Echo ringtone shortly. Enjoy it!,73,1,you will be receiving this week's triple echo ringtone shortly. enjoy it!
ham,In which place i can get rooms cheap:-),39,0,in which place i can get rooms cheap:-)
ham,Eek that's a lot of time especially since American Pie is like 8 minutes long. I can't stop singing it.,103,0,eek that's a lot of time especially since american pie is like 8 minutes long. i can't stop singing it.
ham,GRAN ONLYFOUND OUT AFEW DAYS AGO.CUSOON HONI,44,0,gran onlyfound out afew days ago.cusoon honi
spam,"U've been selected to stay in 1 of 250 top British hotels - FOR NOTHING! Holiday valued at £350! Dial 08712300220 to claim - National Rate Call. Bx526, SW73SS",158,1,"u've been selected to stay in 1 of 250 top british hotels - for nothing! holiday valued at £350! dial 08712300220 to claim - national rate call. bx526, sw73ss"
ham,University of southern california.,34,0,university of southern california.
ham,We have to pick rayan macleran there.,37,0,we have to pick rayan macleran there.
ham,U gd lor go shopping i got stuff to do. U wan 2 watch infernal affairs a not? Come lar...,89,0,u gd lor go shopping i got stuff to do. u wan 2 watch infernal affairs a not? come lar...
ham,Well. Balls. Time to make calls,31,0,well. balls. time to make calls
ham,Wat time ü wan today?,21,0,wat time ü wan today?
ham, &lt;#&gt;  in mca. But not conform.,36,0, &lt;#&gt;  in mca. but not conform.
ham,Oh ok.. Wat's ur email?,23,0,oh ok.. wat's ur email?
ham,"Yes, princess. Are you going to make me moan?",45,0,"yes, princess. are you going to make me moan?"
ham,Lol its ok I didn't remember til last nite,42,0,lol its ok i didn't remember til last nite
ham,"[…] anyway, many good evenings to u! s",38,0,"[…] anyway, many good evenings to u! s"
ham,"Cool, I'll text you in a few",28,0,"cool, i'll text you in a few"
ham,"Sorry vikky, i'm Watching olave mandara movie kano in trishul theatre wit my frnds..",84,0,"sorry vikky, i'm watching olave mandara movie kano in trishul theatre wit my frnds.."
ham,I'm very happy for you babe ! Woo hoo party on dude!,52,0,i'm very happy for you babe ! woo hoo party on dude!
ham,I am taking you for italian food. How about a pretty dress with no panties? :),78,0,i am taking you for italian food. how about a pretty dress with no panties? :)
ham,Wot u up 2? Thout u were gonna call me!! Txt bak luv K,54,0,wot u up 2? thout u were gonna call me!! txt bak luv k
spam,YOU ARE CHOSEN TO RECEIVE A £350 AWARD! Pls call claim number 09066364311 to collect your award which you are selected to receive as a valued mobile customer.,158,1,you are chosen to receive a £350 award! pls call claim number 09066364311 to collect your award which you are selected to receive as a valued mobile customer.
ham,How are you holding up?,23,0,how are you holding up?
ham,Dont flatter yourself... Tell that man of mine two pints of carlin in ten minutes please.... ,93,0,dont flatter yourself... tell that man of mine two pints of carlin in ten minutes please.... 
ham,Hope you are not scared!,24,0,hope you are not scared!
ham,I'm at home n ready...,22,0,i'm at home n ready...
ham,What time do u get out?,23,0,what time do u get out?
ham,I am literally in bed and have been up for like  &lt;#&gt;  hours,65,0,i am literally in bed and have been up for like  &lt;#&gt;  hours
ham,"Yes, my reg is  Ciao!",21,0,"yes, my reg is  ciao!"
ham,If You mean the website. Yes.,29,0,if you mean the website. yes.
spam,Win a £1000 cash prize or a prize worth £5000,45,1,win a £1000 cash prize or a prize worth £5000
spam,"Thanks for your ringtone order, reference number X49.Your mobile will be charged 4.50. Should your tone not arrive please call customer services 09065989182",156,1,"thanks for your ringtone order, reference number x49.your mobile will be charged 4.50. should your tone not arrive please call customer services 09065989182"
ham,Lol or I could just starve and lose a pound by the end of the day.,66,0,lol or i could just starve and lose a pound by the end of the day.
ham,Yeah that's the impression I got,32,0,yeah that's the impression i got
ham,Ok ok take care. I can understand.,34,0,ok ok take care. i can understand.
ham,"Motivate Behind every darkness, there is a shining light waiting for you to find it... Behind every best friend, there is always trust and love... BSLVYL",153,0,"motivate behind every darkness, there is a shining light waiting for you to find it... behind every best friend, there is always trust and love... bslvyl"
ham,"Ya ok, then had dinner?",23,0,"ya ok, then had dinner?"
ham,I was slept that time.you there?,32,0,i was slept that time.you there?
ham,dont make ne plans for nxt wknd coz she wants us to come down then ok,69,0,dont make ne plans for nxt wknd coz she wants us to come down then ok
ham,When is school starting. Where will you stay. What's the weather like. And the food. Do you have a social support system like friends in the school. All these things are important.,180,0,when is school starting. where will you stay. what's the weather like. and the food. do you have a social support system like friends in the school. all these things are important.
ham,"Ha ha nan yalrigu heltini..Iyo kothi chikku, u shared many things wit me..so far i didn't told any body and even uttered a word abt u.. If ur trusting me so much how can i tell these to others.. Plz nxt time dont use those words to me..ok, chikku:-);-)B-)",255,0,"ha ha nan yalrigu heltini..iyo kothi chikku, u shared many things wit me..so far i didn't told any body and even uttered a word abt u.. if ur trusting me so much how can i tell these to others.. plz nxt time dont use those words to me..ok, chikku:-);-)b-)"
ham,Noice. Text me when you're here,31,0,noice. text me when you're here
ham,Hi di is yijue we're meeting at 7 pm at esaplanade tonight.,59,0,hi di is yijue we're meeting at 7 pm at esaplanade tonight.
spam,Moby Pub Quiz.Win a £100 High Street prize if u know who the new Duchess of Cornwall will be? Txt her first name to 82277.unsub STOP £1.50 008704050406 SP,154,1,moby pub quiz.win a £100 high street prize if u know who the new duchess of cornwall will be? txt her first name to 82277.unsub stop £1.50 008704050406 sp
spam,"This weeks SavaMob member offers are now accessible. Just call 08709501522 for details! SavaMob, POBOX 139, LA3 2WU. Only £1.50/week. SavaMob - offers mobile!",158,1,"this weeks savamob member offers are now accessible. just call 08709501522 for details! savamob, pobox 139, la3 2wu. only £1.50/week. savamob - offers mobile!"
ham,"Aight I've been set free, think you could text me blake's address? It occurs to me I'm not quite as sure what I'm doing as I thought I was",138,0,"aight i've been set free, think you could text me blake's address? it occurs to me i'm not quite as sure what i'm doing as i thought i was"
ham,Hi dear we saw dear. We both are happy. Where you my battery is low,67,0,hi dear we saw dear. we both are happy. where you my battery is low
ham,How are you. Its been ages. How's abj,37,0,how are you. its been ages. how's abj
ham,Prof: you have passed in all the papers in this sem congrats . . . . Student: Enna kalaachutaarama..!! Prof:???? Gud mrng!,122,0,prof: you have passed in all the papers in this sem congrats . . . . student: enna kalaachutaarama..!! prof:???? gud mrng!
ham,Dont kick coco when he's down,29,0,dont kick coco when he's down
ham,Fyi I'm gonna call you sporadically starting at like  &lt;#&gt;  bc we are not not doin this shit,97,0,fyi i'm gonna call you sporadically starting at like  &lt;#&gt;  bc we are not not doin this shit
spam,"You are being contacted by our Dating Service by someone you know! To find out who it is, call from your mobile or landline 09064017305 PoBox75LDNS7 ",149,1,"you are being contacted by our dating service by someone you know! to find out who it is, call from your mobile or landline 09064017305 pobox75ldns7 "
spam,TBS/PERSOLVO. been chasing us since Sept for£38 definitely not paying now thanks to your information. We will ignore them. Kath. Manchester.,140,1,tbs/persolvo. been chasing us since sept for£38 definitely not paying now thanks to your information. we will ignore them. kath. manchester.
ham,Hope youre not having too much fun without me!! see u tomorrow love jess x,75,0,hope youre not having too much fun without me!! see u tomorrow love jess x
ham,Ok i wont call or disturb any one. I know all are avoiding me. I am a burden for all,84,0,ok i wont call or disturb any one. i know all are avoiding me. i am a burden for all
ham,I've reached home n i bathe liao... U can call me now...,56,0,i've reached home n i bathe liao... u can call me now...
spam,Loans for any purpose even if you have Bad Credit! Tenants Welcome. Call NoWorriesLoans.com on 08717111821,106,1,loans for any purpose even if you have bad credit! tenants welcome. call noworriesloans.com on 08717111821
ham,Was the actual exam harder than NBME,36,0,was the actual exam harder than nbme
ham,A lot of this sickness thing going round. Take it easy. Hope u feel better soon. Lol,84,0,a lot of this sickness thing going round. take it easy. hope u feel better soon. lol
spam,87077: Kick off a new season with 2wks FREE goals & news to ur mobile! Txt ur club name to 87077 eg VILLA to 87077,114,1,87077: kick off a new season with 2wks free goals & news to ur mobile! txt ur club name to 87077 eg villa to 87077
ham,Hey sathya till now we dint meet not even a single time then how can i saw the situation sathya.,96,0,hey sathya till now we dint meet not even a single time then how can i saw the situation sathya.
ham,Gam gone after outstanding innings.,35,0,gam gone after outstanding innings.
ham,O i played smash bros  &lt;#&gt;  religiously.,46,0,o i played smash bros  &lt;#&gt;  religiously.
ham,"Sir, good morning. Hope you had a good weekend. I called to let you know that i was able to raise  &lt;#&gt;  from my dad. He however said he would make the rest available by mid feb. This amount is still quite short and i was hoping you would help. Do have a good day. Abiola",276,0,"sir, good morning. hope you had a good weekend. i called to let you know that i was able to raise  &lt;#&gt;  from my dad. he however said he would make the rest available by mid feb. this amount is still quite short and i was hoping you would help. do have a good day. abiola"
ham,Hurry home. Soup is DONE!,25,0,hurry home. soup is done!
ham,"Good afternoon, my love. It was good to see your words on YM and get your tm. Very smart move, my slave ... *smiles* ... I drink my coffee and await you.",153,0,"good afternoon, my love. it was good to see your words on ym and get your tm. very smart move, my slave ... *smiles* ... i drink my coffee and await you."
ham,Quite ok but a bit ex... U better go eat smth now else i'll feel guilty...,74,0,quite ok but a bit ex... u better go eat smth now else i'll feel guilty...
spam,"Orange brings you ringtones from all time Chart Heroes, with a free hit each week! Go to Ringtones & Pics on wap. To stop receiving these tips reply STOP.",154,1,"orange brings you ringtones from all time chart heroes, with a free hit each week! go to ringtones & pics on wap. to stop receiving these tips reply stop."
ham,Lemme know when you're here,27,0,lemme know when you're here
spam,PRIVATE! Your 2003 Account Statement for 07973788240 shows 800 un-redeemed S. I. M. points. Call 08715203649 Identifier Code: 40533 Expires 31/10/04,148,1,private! your 2003 account statement for 07973788240 shows 800 un-redeemed s. i. m. points. call 08715203649 identifier code: 40533 expires 31/10/04
ham,He needs to stop going to bed and make with the fucking dealing,63,0,he needs to stop going to bed and make with the fucking dealing
ham,"How are you, my Love ? Are you with your brother ? Time to talk english with him ? *grins* Say : Hey Muhommad, Penny says hello from across the sea",147,0,"how are you, my love ? are you with your brother ? time to talk english with him ? *grins* say : hey muhommad, penny says hello from across the sea"
spam,We tried to call you re your reply to our sms for a video mobile 750 mins UNLIMITED TEXT + free camcorder Reply of call 08000930705 Now,135,1,we tried to call you re your reply to our sms for a video mobile 750 mins unlimited text + free camcorder reply of call 08000930705 now
ham,"Hey doc pls I want to get nice t shirt for my hubby nice fiting ones my budget is  &lt;#&gt; k help pls I will load d card abi hw,keep me posted luv. 2 mj",154,0,"hey doc pls i want to get nice t shirt for my hubby nice fiting ones my budget is  &lt;#&gt; k help pls i will load d card abi hw,keep me posted luv. 2 mj"
ham,I remain unconvinced that this isn't an elaborate test of my willpower,70,0,i remain unconvinced that this isn't an elaborate test of my willpower
ham,"Life is nothing wen v get everything. But ""life is everything wen v miss something "". Real value of people wil be realized only in their absence.... gud mrng",157,0,"life is nothing wen v get everything. but ""life is everything wen v miss something "". real value of people wil be realized only in their absence.... gud mrng"
ham,how are you? I miss you!,24,0,how are you? i miss you!
ham,I ain't answerin no phone at what is actually a pretty reasonable hour but I'm sleepy,85,0,i ain't answerin no phone at what is actually a pretty reasonable hour but i'm sleepy
ham,"Hey , is * rite u put »10 evey mnth is that all?",48,0,"hey , is * rite u put »10 evey mnth is that all?"
ham,i am going to bed now prin,26,0,i am going to bed now prin
ham,I think just yourself …Thanks and see you tomo,46,0,i think just yourself …thanks and see you tomo
ham,If u dun drive then how i go 2 sch.,35,0,if u dun drive then how i go 2 sch.
ham,I not at home now lei...,24,0,i not at home now lei...
spam,GSOH? Good with SPAM the ladies?U could b a male gigolo? 2 join the uk's fastest growing mens club reply ONCALL. mjzgroup. 08714342399.2stop reply STOP. msg@£1.50rcvd,166,1,gsoh? good with spam the ladies?u could b a male gigolo? 2 join the uk's fastest growing mens club reply oncall. mjzgroup. 08714342399.2stop reply stop. msg@£1.50rcvd
ham,Do u hav any frnd by name ashwini in ur college?,48,0,do u hav any frnd by name ashwini in ur college?
ham,Jus finish my lunch on my way home lor... I tot u dun wan 2 stay in sch today...,80,0,jus finish my lunch on my way home lor... i tot u dun wan 2 stay in sch today...
ham,K then 2marrow are you coming to class.,39,0,k then 2marrow are you coming to class.
spam,"HOT LIVE FANTASIES call now 08707500020 Just 20p per min NTT Ltd, PO Box 1327 Croydon CR9 5WB 0870 is a national rate call",122,1,"hot live fantasies call now 08707500020 just 20p per min ntt ltd, po box 1327 croydon cr9 5wb 0870 is a national rate call"
ham,Pls send me your address sir.,29,0,pls send me your address sir.
ham,I want to lick your pussy now...,32,0,i want to lick your pussy now...
ham,"Yo, you gonna still be in stock tomorrow/today? I'm trying to get a dubsack",75,0,"yo, you gonna still be in stock tomorrow/today? i'm trying to get a dubsack"
spam,URGENT! Your Mobile number has been awarded a <UKP>2000 prize GUARANTEED. Call 09061790125 from landline. Claim 3030. Valid 12hrs only 150ppm,141,1,urgent! your mobile number has been awarded a <ukp>2000 prize guaranteed. call 09061790125 from landline. claim 3030. valid 12hrs only 150ppm
ham,"I'll see, but prolly yeah",25,0,"i'll see, but prolly yeah"
ham,Thought we could go out for dinner. I'll treat you! Seem ok?,60,0,thought we could go out for dinner. i'll treat you! seem ok?
ham,Where are you ? What do you do ? How can you stand to be away from me ? Doesn't your heart ache without me ? Don't you wonder of me ? Don't you crave me ?,154,0,where are you ? what do you do ? how can you stand to be away from me ? doesn't your heart ache without me ? don't you wonder of me ? don't you crave me ?
ham,Sorry. You never hear unless you book it. One was kinda a joke--thet were really looking for skinny white girls. The other was one line--you can only do so much on camera with that. Something like that they're casting on the look.,230,0,sorry. you never hear unless you book it. one was kinda a joke--thet were really looking for skinny white girls. the other was one line--you can only do so much on camera with that. something like that they're casting on the look.
ham,"Sure thing big man. i have hockey elections at 6, shouldn‘t go on longer than an hour though",92,0,"sure thing big man. i have hockey elections at 6, shouldn‘t go on longer than an hour though"
ham,Watch lor. I saw a few swatch one i thk quite ok. Ard 116 but i need 2nd opinion leh...,87,0,watch lor. i saw a few swatch one i thk quite ok. ard 116 but i need 2nd opinion leh...
ham,Hiya do u like the hlday pics looked horrible in them so took mo out! Hows the camp Amrca thing? Speak soon Serena:),116,0,hiya do u like the hlday pics looked horrible in them so took mo out! hows the camp amrca thing? speak soon serena:)
ham,"Babe! How goes that day ? What are you up to ? I miss you already, my Love ... * loving kiss* ... I hope everything goes well.",126,0,"babe! how goes that day ? what are you up to ? i miss you already, my love ... * loving kiss* ... i hope everything goes well."
ham,Yunny... I'm goin to be late,28,0,yunny... i'm goin to be late
ham,Doc prescribed me morphine cause the other pain meds aren't enough. Waiting for my mom to bring it. That med should kick in fast so I'm gonna try to be on later,160,0,doc prescribed me morphine cause the other pain meds aren't enough. waiting for my mom to bring it. that med should kick in fast so i'm gonna try to be on later
ham,"Cool, want me to go to kappa or should I meet you outside mu",60,0,"cool, want me to go to kappa or should i meet you outside mu"
ham,"Hey sexy buns ! Have I told you ? I adore you, loverboy. I hope you remember to thank your sister in law for those meatballs *grins* ... i love you, babe",153,0,"hey sexy buns ! have i told you ? i adore you, loverboy. i hope you remember to thank your sister in law for those meatballs *grins* ... i love you, babe"
ham,May b approve panalam...but it should have more posts..,55,0,may b approve panalam...but it should have more posts..
spam,"SPJanuary Male Sale! Hot Gay chat now cheaper, call 08709222922. National rate from 1.5p/min cheap to 7.8p/min peak! To stop texts call 08712460324 (10p/min)",157,1,"spjanuary male sale! hot gay chat now cheaper, call 08709222922. national rate from 1.5p/min cheap to 7.8p/min peak! to stop texts call 08712460324 (10p/min)"
ham,Me i'm not workin. Once i get job...,36,0,me i'm not workin. once i get job...
ham,And by when you're done I mean now,34,0,and by when you're done i mean now
ham,"Its Ur luck to Love someone. Its Ur fortune to Love the one who Loves U. But, its a miracle to Love a person who can't Love anyone except U... Gud nyt...",153,0,"its ur luck to love someone. its ur fortune to love the one who loves u. but, its a miracle to love a person who can't love anyone except u... gud nyt..."
ham,Hi baby ive just got back from work and i was wanting to see u allday! I hope i didnt piss u off on the phone today. If u are up give me a call xxx,147,0,hi baby ive just got back from work and i was wanting to see u allday! i hope i didnt piss u off on the phone today. if u are up give me a call xxx
spam,FreeMsg Today's the day if you are ready! I'm horny & live in your town. I love sex fun & games! Netcollex Ltd 08700621170150p per msg reply Stop to end,152,1,freemsg today's the day if you are ready! i'm horny & live in your town. i love sex fun & games! netcollex ltd 08700621170150p per msg reply stop to end
ham,Is it your yahoo boys that bring in the perf? Or legal.,55,0,is it your yahoo boys that bring in the perf? or legal.
ham,No need to say anything to me. I know i am an outsider,54,0,no need to say anything to me. i know i am an outsider
ham,have you ever had one foot before?,34,0,have you ever had one foot before?
ham,Just got to  &lt;#&gt;,22,0,just got to  &lt;#&gt;
ham,"Good! No, don‘t need any receipts—well done! (…) Yes, please tell . What‘s her number, i could ring her",103,0,"good! no, don‘t need any receipts—well done! (…) yes, please tell . what‘s her number, i could ring her"
ham,Leave it wif me lar... Ü wan to carry meh so heavy... Is da num 98321561 familiar to ü?,87,0,leave it wif me lar... ü wan to carry meh so heavy... is da num 98321561 familiar to ü?
ham,Beautiful truth : Expression of the face could Be seen by everyone... But the depression of heart Could be understood only By the Loved ones.. Gud Ni8;-),153,0,beautiful truth : expression of the face could be seen by everyone... but the depression of heart could be understood only by the loved ones.. gud ni8;-)
ham,Infact happy new year. How are you where are you when are we seeing,67,0,infact happy new year. how are you where are you when are we seeing
spam,"In The Simpsons Movie released in July 2007 name the band that died at the start of the film? A-Green Day, B-Blue Day, C-Red Day. (Send A, B or C)",146,1,"in the simpsons movie released in july 2007 name the band that died at the start of the film? a-green day, b-blue day, c-red day. (send a, b or c)"
ham,That's a shame! Maybe cld meet for few hrs tomo?,48,0,that's a shame! maybe cld meet for few hrs tomo?
ham,Lol I would but despite these cramps I like being a girl.,57,0,lol i would but despite these cramps i like being a girl.
ham,I cant wait for cornwall. Hope tonight isnt too bad as well but its rock night shite. Anyway im going for a kip now have a good night. Speak to you soon.,157,0,i cant wait for cornwall. hope tonight isnt too bad as well but its rock night shite. anyway im going for a kip now have a good night. speak to you soon.
ham,Pls help me tell sura that i'm expecting a battery from hont. And that if should pls send me a message about how to download movies. Thanks,139,0,pls help me tell sura that i'm expecting a battery from hont. and that if should pls send me a message about how to download movies. thanks
spam,Please call Amanda with regard to renewing or upgrading your current T-Mobile handset free of charge. Offer ends today. Tel 0845 021 3680 subject to T's and C's,160,1,please call amanda with regard to renewing or upgrading your current t-mobile handset free of charge. offer ends today. tel 0845 021 3680 subject to t's and c's
ham,"Haven't found a way to get another app for your phone, eh ? Will you go to the net cafe ? Did you take that job? Geeee I need you babe. I crave to see you ...",158,0,"haven't found a way to get another app for your phone, eh ? will you go to the net cafe ? did you take that job? geeee i need you babe. i crave to see you ..."
ham,I only work from mon to thurs but Sat i cant leh... Booked liao... Which other day u free?,90,0,i only work from mon to thurs but sat i cant leh... booked liao... which other day u free?
ham,Ü comin to fetch us oredi...,28,0,ü comin to fetch us oredi...
ham,What's nannys address?,22,0,what's nannys address?
ham,Haf u eaten? Wat time u wan me 2 come?,38,0,haf u eaten? wat time u wan me 2 come?
spam,Want a new Video Phone? 750 anytime any network mins? Half price line rental free text for 3 months? Reply or call 08000930705 for free delivery,144,1,want a new video phone? 750 anytime any network mins? half price line rental free text for 3 months? reply or call 08000930705 for free delivery
ham,"Yo, call me when you get the chance, a friend of mine wanted me to ask you about a big order",92,0,"yo, call me when you get the chance, a friend of mine wanted me to ask you about a big order"
ham,This single single answers are we fighting? Plus i said am broke and you didnt reply,84,0,this single single answers are we fighting? plus i said am broke and you didnt reply
ham,It certainly puts things into perspective when something like this happens,74,0,it certainly puts things into perspective when something like this happens
ham,Now got tv 2 watch meh? U no work today?,40,0,now got tv 2 watch meh? u no work today?
ham,i felt so...not any conveying reason.. Ese he... What about me?,63,0,i felt so...not any conveying reason.. ese he... what about me?
ham,How's it going? Got any exciting karaoke type activities planned? I'm debating whether to play football this eve. Feeling lazy though.,134,0,how's it going? got any exciting karaoke type activities planned? i'm debating whether to play football this eve. feeling lazy though.
ham,I told that am coming on wednesday.,35,0,i told that am coming on wednesday.
ham,"Its ok, called mom instead have fun",35,0,"its ok, called mom instead have fun"
spam,"Dear Voucher Holder, To claim this weeks offer, at your PC please go to http://www.wtlp.co.uk/text. Ts&Cs apply.",112,1,"dear voucher holder, to claim this weeks offer, at your pc please go to http://www.wtlp.co.uk/text. ts&cs apply."
ham,Well if I'm that desperate I'll just call armand again,54,0,well if i'm that desperate i'll just call armand again
ham,Are you at work right now ?,27,0,are you at work right now ?
ham,Haven't heard anything and he's not answering my texts so I'm guessing he flaked. That said the jb is fantastic,111,0,haven't heard anything and he's not answering my texts so i'm guessing he flaked. that said the jb is fantastic
ham,"Mmmmmm ... I love you,so much, Ahmad ... I can't wait for this year to begin as every second takes me closer to being at your side. Happy New Year, my love!!",157,0,"mmmmmm ... i love you,so much, ahmad ... i can't wait for this year to begin as every second takes me closer to being at your side. happy new year, my love!!"
ham,Pls what's the full name of joke's school cos fees in university of florida seem to actually be  &lt;#&gt; k. Pls holla back,124,0,pls what's the full name of joke's school cos fees in university of florida seem to actually be  &lt;#&gt; k. pls holla back
ham,Ok... But they said i've got wisdom teeth hidden inside n mayb need 2 remove.,77,0,ok... but they said i've got wisdom teeth hidden inside n mayb need 2 remove.
ham,And pls pls drink plenty plenty water,37,0,and pls pls drink plenty plenty water
ham,How are you doing. How's the queen. Are you going for the royal wedding,71,0,how are you doing. how's the queen. are you going for the royal wedding
ham,He's in lag. That's just the sad part but we keep in touch thanks to skype,74,0,he's in lag. that's just the sad part but we keep in touch thanks to skype
ham,Ok lor then we go tog lor...,28,0,ok lor then we go tog lor...
ham,Two teams waiting for some players,34,0,two teams waiting for some players
ham,Can ü send me a copy of da report?,34,0,can ü send me a copy of da report?
ham,"swhrt how u dey,hope ur ok, tot about u 2day.love n miss.take care.",67,0,"swhrt how u dey,hope ur ok, tot about u 2day.love n miss.take care."
ham,"Ok da, i already planned. I wil pick you.",41,0,"ok da, i already planned. i wil pick you."
spam,"Urgent! Please call 0906346330. Your ABTA complimentary 4* Spanish Holiday or £10,000 cash await collection SAE T&Cs BOX 47 PO19 2EZ 150ppm 18+",143,1,"urgent! please call 0906346330. your abta complimentary 4* spanish holiday or £10,000 cash await collection sae t&cs box 47 po19 2ez 150ppm 18+"
ham,I just really need shit before tomorrow and I know you won't be awake before like 6,83,0,i just really need shit before tomorrow and i know you won't be awake before like 6
ham,I'm good. Have you registered to vote?,38,0,i'm good. have you registered to vote?
ham,"Hmm ok, i'll stay for like an hour cos my eye is really sore!",61,0,"hmm ok, i'll stay for like an hour cos my eye is really sore!"
ham,Dear got bus directly to calicut,32,0,dear got bus directly to calicut
ham,Mm umma ask vava also to come tell him can play later together,62,0,mm umma ask vava also to come tell him can play later together
ham,"Well the general price is  &lt;#&gt; /oz, let me know if/when/how much you want",79,0,"well the general price is  &lt;#&gt; /oz, let me know if/when/how much you want"
ham,"Each Moment in a day,has its own value-Morning brings hope,afternoon brings faith,Evening brings luv,Night brings rest,Wish u find them all today.Good Morning",158,0,"each moment in a day,has its own value-morning brings hope,afternoon brings faith,evening brings luv,night brings rest,wish u find them all today.good morning"
ham,&lt;#&gt;  w jetton ave if you forgot,37,0,&lt;#&gt;  w jetton ave if you forgot
ham,Ok i'm coming home now.,23,0,ok i'm coming home now.
ham,Can not use foreign stamps in this country.,43,0,can not use foreign stamps in this country.
ham,"Sorry, it's a lot of friend-of-a-friend stuff, I'm just now about to talk to the actual guy who wants to buy",108,0,"sorry, it's a lot of friend-of-a-friend stuff, i'm just now about to talk to the actual guy who wants to buy"
spam,"cmon babe, make me horny, *turn* me on! Txt me your fantasy now babe -) Im hot, sticky and need you now. All replies cost £1.50. 2 cancel send STOP",147,1,"cmon babe, make me horny, *turn* me on! txt me your fantasy now babe -) im hot, sticky and need you now. all replies cost £1.50. 2 cancel send stop"
ham,Wylie update: my weed dealer carlos went to freedom and had a class with lunsford,81,0,wylie update: my weed dealer carlos went to freedom and had a class with lunsford
ham,Are you happy baby ? Are you alright ? Did you take that job ? I hope your fine. I send you a kiss to make you smile from across the sea ... *kiss* *kiss*,154,0,are you happy baby ? are you alright ? did you take that job ? i hope your fine. i send you a kiss to make you smile from across the sea ... *kiss* *kiss*
ham,C movie is juz last minute decision mah. Juz watch 2 lar but i tot ü not interested.,84,0,c movie is juz last minute decision mah. juz watch 2 lar but i tot ü not interested.
ham,How are you enjoying this semester? Take care brother.,54,0,how are you enjoying this semester? take care brother.
spam,IMPORTANT INFORMATION 4 ORANGE USER 0796XXXXXX. TODAY IS UR LUCKY DAY!2 FIND OUT WHY LOG ONTO http://www.urawinner.com THERE'S A FANTASTIC PRIZEAWAITING YOU!,157,1,important information 4 orange user 0796xxxxxx. today is ur lucky day!2 find out why log onto http://www.urawinner.com there's a fantastic prizeawaiting you!
ham,"Get the door, I'm here",22,0,"get the door, i'm here"
ham,"Lets use it next week, princess :)",34,0,"lets use it next week, princess :)"
ham,Or i go home first lar ü wait 4 me lor.. I put down my stuff first..,68,0,or i go home first lar ü wait 4 me lor.. i put down my stuff first..
ham,I want kfc its Tuesday. Only buy 2 meals ONLY 2. No gravy. Only 2 Mark. 2!,74,0,i want kfc its tuesday. only buy 2 meals only 2. no gravy. only 2 mark. 2!
ham,No da:)he is stupid da..always sending like this:)don believe any of those message.pandy is a mental:),102,0,no da:)he is stupid da..always sending like this:)don believe any of those message.pandy is a mental:)
ham,Oi when you gonna ring,22,0,oi when you gonna ring
spam,Missed call alert. These numbers called but left no message. 07008009200,72,1,missed call alert. these numbers called but left no message. 07008009200
ham,I attended but nothing is there.,32,0,i attended but nothing is there.
ham,Ard 530 like dat lor. We juz meet in mrt station then ü dun haf to come out.,76,0,ard 530 like dat lor. we juz meet in mrt station then ü dun haf to come out.
ham,No dear i was sleeping :-P,26,0,no dear i was sleeping :-p
ham,Er mw im filled tuth is aight,29,0,er mw im filled tuth is aight
ham,Will be office around 4 pm. Now i am going hospital.,52,0,will be office around 4 pm. now i am going hospital.
ham,Actually i'm waiting for 2 weeks when they start putting ad.,60,0,actually i'm waiting for 2 weeks when they start putting ad.
ham,Anything lor if they all go then i go lor...,44,0,anything lor if they all go then i go lor...
ham,U free on sat rite? U wan 2 watch infernal affairs wif me n darren n mayb xy?,77,0,u free on sat rite? u wan 2 watch infernal affairs wif me n darren n mayb xy?
ham,Yo you around? A friend of mine's lookin to pick up later tonight,65,0,yo you around? a friend of mine's lookin to pick up later tonight
ham,Stupid auto correct on my phone,31,0,stupid auto correct on my phone
ham,Double eviction this week - Spiral and Michael and good riddance to them!,73,0,double eviction this week - spiral and michael and good riddance to them!
ham,"The world suffers a lot... Not because of the violence of bad people. But because of the silence of good people!, Gud night....",127,0,"the world suffers a lot... not because of the violence of bad people. but because of the silence of good people!, gud night...."
ham,"Ok thats cool. Its , just off either raglan rd or edward rd. Behind the cricket ground. Gimme ring when ur closeby see you tuesday.",131,0,"ok thats cool. its , just off either raglan rd or edward rd. behind the cricket ground. gimme ring when ur closeby see you tuesday."
ham,Buy one egg for me da..please:),31,0,buy one egg for me da..please:)
ham,Have you started in skye,24,0,have you started in skye
ham,Have you bookedthe hut? And also your time off? How are you by the way?,71,0,have you bookedthe hut? and also your time off? how are you by the way?
ham,And several to you sir.,23,0,and several to you sir.
ham,U really pig leh sleep so much. My dad wake me up at 10 smth 2 eat lunch today.,79,0,u really pig leh sleep so much. my dad wake me up at 10 smth 2 eat lunch today.
ham,My love ... I hope your not doing anything drastic. Don't you dare sell your pc or your phone ...,97,0,my love ... i hope your not doing anything drastic. don't you dare sell your pc or your phone ...
spam,FREEMSG: Our records indicate you may be entitled to 3750 pounds for the Accident you had. To claim for free reply with YES to this msg. To opt out text STOP,157,1,freemsg: our records indicate you may be entitled to 3750 pounds for the accident you had. to claim for free reply with yes to this msg. to opt out text stop
ham,Life style garments account no please.,38,0,life style garments account no please.
ham,Lol wtf random. Btw is that your lunch break,44,0,lol wtf random. btw is that your lunch break
ham,"Sez, hows u & de arab boy? Hope u r all good give my love 2 evry1 love ya eshxxxxxxxxxxx",88,0,"sez, hows u & de arab boy? hope u r all good give my love 2 evry1 love ya eshxxxxxxxxxxx"
ham,"The LAY MAN! Just to let you know you are missed and thought off. Do have a great day. And if you can send me bimbo and ugo's numbers, ill appreciate. Safe",155,0,"the lay man! just to let you know you are missed and thought off. do have a great day. and if you can send me bimbo and ugo's numbers, ill appreciate. safe"
ham,Detroit. The home of snow. Enjoy it.,36,0,detroit. the home of snow. enjoy it.
spam,Show ur colours! Euro 2004 2-4-1 Offer! Get an England Flag & 3Lions tone on ur phone! Click on the following service message for info!,135,1,show ur colours! euro 2004 2-4-1 offer! get an england flag & 3lions tone on ur phone! click on the following service message for info!
ham,"Aight, I'm chillin in a friend's room so text me when you're on the way",71,0,"aight, i'm chillin in a friend's room so text me when you're on the way"
ham,Is toshiba portege m100 gd?,27,0,is toshiba portege m100 gd?
ham,Well welp is sort of a semiobscure internet thing,49,0,well welp is sort of a semiobscure internet thing
spam,Text PASS to 69669 to collect your polyphonic ringtones. Normal gprs charges apply only. Enjoy your tones,105,1,text pass to 69669 to collect your polyphonic ringtones. normal gprs charges apply only. enjoy your tones
spam,"accordingly. I repeat, just text the word ok on your mobile phone and send",74,1,"accordingly. i repeat, just text the word ok on your mobile phone and send"
ham,Loosu go to hospital. De dont let it careless.,46,0,loosu go to hospital. de dont let it careless.
ham,How much for an eighth?,23,0,how much for an eighth?
ham,Omg Joanna is freaking me out. She's looked thru all my friends to find photos of me. And then she's asking about stuff on my MySpace which I haven't even logged on in like a year. :/,183,0,omg joanna is freaking me out. she's looked thru all my friends to find photos of me. and then she's asking about stuff on my myspace which i haven't even logged on in like a year. :/
ham,"Send ur birthdate with month and year, I will tel u ur LIFE PARTNER'S name. and the method of calculation. Reply must.",118,0,"send ur birthdate with month and year, i will tel u ur life partner's name. and the method of calculation. reply must."
ham,Juz now havent woke up so a bit blur blur... Can? Dad went out liao... I cant cum now oso...,92,0,juz now havent woke up so a bit blur blur... can? dad went out liao... i cant cum now oso...
ham,"How about clothes, jewelry, and trips?",38,0,"how about clothes, jewelry, and trips?"
spam,Block Breaker now comes in deluxe format with new features and great graphics from T-Mobile. Buy for just £5 by replying GET BBDELUXE and take the challenge,156,1,block breaker now comes in deluxe format with new features and great graphics from t-mobile. buy for just £5 by replying get bbdeluxe and take the challenge
ham,Aah! A cuddle would be lush! I'd need lots of tea and soup before any kind of fumbling!,87,0,aah! a cuddle would be lush! i'd need lots of tea and soup before any kind of fumbling!
spam,important information 4 orange user . today is your lucky day!2find out why log onto http://www.urawinner.com THERE'S A FANTASTIC SURPRISE AWAITING YOU!,152,1,important information 4 orange user . today is your lucky day!2find out why log onto http://www.urawinner.com there's a fantastic surprise awaiting you!
ham,Are you plans with your family set in stone ?,45,0,are you plans with your family set in stone ?
ham,Pls dont forget to study,24,0,pls dont forget to study
ham,You'll never believe this but i have actually got off at taunton. Wow,69,0,you'll never believe this but i have actually got off at taunton. wow
ham,"Den only weekdays got special price... Haiz... Cant eat liao... Cut nails oso muz wait until i finish drivin wat, lunch still muz eat wat... ",141,0,"den only weekdays got special price... haiz... cant eat liao... cut nails oso muz wait until i finish drivin wat, lunch still muz eat wat... "
ham,She just broke down a list of reasons why nobody's in town and I can't tell if she's being sarcastic or just faggy,114,0,she just broke down a list of reasons why nobody's in town and i can't tell if she's being sarcastic or just faggy
ham, &lt;DECIMAL&gt; m but its not a common car here so its better to buy from china or asia. Or if i find it less expensive. I.ll holla,132,0, &lt;decimal&gt; m but its not a common car here so its better to buy from china or asia. or if i find it less expensive. i.ll holla
ham,The greatest test of courage on earth is to bear defeat without losing heart....gn tc,85,0,the greatest test of courage on earth is to bear defeat without losing heart....gn tc
ham,SORRY IM STIL FUCKED AFTER LAST NITE WENT TOBED AT 430 GOT UP 4 WORK AT 630,75,0,sorry im stil fucked after last nite went tobed at 430 got up 4 work at 630
ham,Hey so whats the plan this sat? ,32,0,hey so whats the plan this sat? 
ham,Beauty sleep can help ur pimples too.,37,0,beauty sleep can help ur pimples too.
ham,Great. Hope you are using your connections from mode men also cos you can never know why old friends can lead you to today,122,0,great. hope you are using your connections from mode men also cos you can never know why old friends can lead you to today
spam,Natalja (25/F) is inviting you to be her friend. Reply YES-440 or NO-440 See her: www.SMS.ac/u/nat27081980 STOP? Send STOP FRND to 62468,136,1,natalja (25/f) is inviting you to be her friend. reply yes-440 or no-440 see her: www.sms.ac/u/nat27081980 stop? send stop frnd to 62468
ham,Where to get those?,19,0,where to get those?
ham,"Kind of. Just missed train cos of asthma attack, nxt one in half hr so driving in. not sure where to park.",106,0,"kind of. just missed train cos of asthma attack, nxt one in half hr so driving in. not sure where to park."
ham,Ball is moving a lot.will spin in last :)so very difficult to bat:),67,0,ball is moving a lot.will spin in last :)so very difficult to bat:)
ham,Haiyoh... Maybe your hamster was jealous of million,51,0,haiyoh... maybe your hamster was jealous of million
ham,Can you please send me my aunty's number,40,0,can you please send me my aunty's number
ham,I'm glad. You are following your dreams.,40,0,i'm glad. you are following your dreams.
ham,I've reached home finally...,28,0,i've reached home finally...
spam,"URGENT. Important information for 02 user. Today is your lucky day! 2 find out why , log onto http://www.urawinner.com there is a fantastic surprise awaiting you !",163,1,"urgent. important information for 02 user. today is your lucky day! 2 find out why , log onto http://www.urawinner.com there is a fantastic surprise awaiting you !"
ham,"Wn u r hurt by d prsn who s close 2 u, do fight wit dem. Coz somtimes dis fight saves a relation bt being quiet leaves nothin in a relation.. Gud eveB-)",152,0,"wn u r hurt by d prsn who s close 2 u, do fight wit dem. coz somtimes dis fight saves a relation bt being quiet leaves nothin in a relation.. gud eveb-)"
ham,U can call now...,17,0,u can call now...
ham,"Science tells that chocolate will melt under the sunlight. Please don't walk under the sunlight. BCoz,I don't want to loss a sweet friend.",138,0,"science tells that chocolate will melt under the sunlight. please don't walk under the sunlight. bcoz,i don't want to loss a sweet friend."
ham,Yes. I come to nyc for audiitions and am trying to relocate.,60,0,yes. i come to nyc for audiitions and am trying to relocate.
ham,I pocked you up there before,28,0,i pocked you up there before
ham,Congrats. That's great. I wanted to tell you not to tell me your score cos it might make me relax. But its motivating me so thanks for sharing,142,0,congrats. that's great. i wanted to tell you not to tell me your score cos it might make me relax. but its motivating me so thanks for sharing
ham,I wud never mind if u dont miss me or if u dont need me.. But u wil really hurt me wen u need me &amp; u dont tell me......... Take care:-),139,0,i wud never mind if u dont miss me or if u dont need me.. but u wil really hurt me wen u need me &amp; u dont tell me......... take care:-)
ham,Hey mr whats the name of that bill brison book the one about language and words ,80,0,hey mr whats the name of that bill brison book the one about language and words 
ham,"Okay, good, no problem, and thanx!",34,0,"okay, good, no problem, and thanx!"
ham,"For you information, IKEA is spelled with all caps. That is not yelling. when you thought i had left you, you were sitting on the bed among the mess when i came in. i said we were going after you got home from class. please don't try and bullshit me. It makes me want to listen to you less.",290,0,"for you information, ikea is spelled with all caps. that is not yelling. when you thought i had left you, you were sitting on the bed among the mess when i came in. i said we were going after you got home from class. please don't try and bullshit me. it makes me want to listen to you less."
ham,Call me when u're done...,25,0,call me when u're done...
ham,G.W.R,5,0,g.w.r
ham,You best watch what you say cause I get drunk as a motherfucker,63,0,you best watch what you say cause i get drunk as a motherfucker
spam,Kit Strip - you have been billed 150p. Netcollex Ltd. PO Box 1013 IG11 OJA,74,1,kit strip - you have been billed 150p. netcollex ltd. po box 1013 ig11 oja
spam,Please CALL 08712402578 immediately as there is an urgent message waiting for you,81,1,please call 08712402578 immediately as there is an urgent message waiting for you
spam,thesmszone.com lets you send free anonymous and masked messages..im sending this message from there..do you see the potential for abuse???,138,1,thesmszone.com lets you send free anonymous and masked messages..im sending this message from there..do you see the potential for abuse???
ham,"Erm... Woodland avenue somewhere. Do you get the parish magazine, his telephone number will be in there.",104,0,"erm... woodland avenue somewhere. do you get the parish magazine, his telephone number will be in there."
ham,Are there TA jobs available? Let me know please cos i really need to start working,82,0,are there ta jobs available? let me know please cos i really need to start working
ham,Aiyar hard 2 type. U later free then tell me then i call n scold n tell u.,74,0,aiyar hard 2 type. u later free then tell me then i call n scold n tell u.
ham,Yup i'm free...,15,0,yup i'm free...
ham,"Good good, billy mates all gone. Just been jogging, again! Did enjoy concert?",77,0,"good good, billy mates all gone. just been jogging, again! did enjoy concert?"
ham,Yo come over carlos will be here soon,37,0,yo come over carlos will be here soon
ham,Awww dat is sweet! We can think of something to do he he! Have a nice time tonight ill probably txt u later cos im lonely :( xxx.,129,0,awww dat is sweet! we can think of something to do he he! have a nice time tonight ill probably txt u later cos im lonely :( xxx.
ham,I guess it is useless calling u 4 something important.,54,0,i guess it is useless calling u 4 something important.
ham,Ha ha - had popped down to the loo when you hello-ed me. Hello!,63,0,ha ha - had popped down to the loo when you hello-ed me. hello!
ham,He dint tell anything. He is angry on me that why you told to abi.,66,0,he dint tell anything. he is angry on me that why you told to abi.
ham,It so happens that there r 2waxsto do wat you want. She can come and ill get her medical insurance. And she'll be able to deliver and have basic care. I'm currently shopping for the right medical insurance for her. So just give me til friday morning. Thats when i.ll see the major person that can guide me to the right insurance.,329,0,it so happens that there r 2waxsto do wat you want. she can come and ill get her medical insurance. and she'll be able to deliver and have basic care. i'm currently shopping for the right medical insurance for her. so just give me til friday morning. thats when i.ll see the major person that can guide me to the right insurance.
ham,I keep ten rs in my shelf:) buy two egg.,40,0,i keep ten rs in my shelf:) buy two egg.
ham,"I wasn't well babe, i have swollen glands at my throat ... What did you end up doing ?",86,0,"i wasn't well babe, i have swollen glands at my throat ... what did you end up doing ?"
ham,Is ur changes 2 da report big? Cos i've already made changes 2 da previous report.,82,0,is ur changes 2 da report big? cos i've already made changes 2 da previous report.
ham,Captain is in our room:),24,0,captain is in our room:)
ham,"I can't speak, bcaz mobile have problem. I can listen you but you cann't listen my voice. So i calls you later.",111,0,"i can't speak, bcaz mobile have problem. i can listen you but you cann't listen my voice. so i calls you later."
ham,HIYA STU WOT U UP 2.IM IN SO MUCH TRUBLE AT HOME AT MOMENT EVONE HATES ME EVEN U! WOT THE HELL AV I DONE NOW? Y WONT U JUST TELL ME TEXT BCK PLEASE LUV DAN ,156,0,hiya stu wot u up 2.im in so much truble at home at moment evone hates me even u! wot the hell av i done now? y wont u just tell me text bck please luv dan 
ham,S...i will take mokka players only:),36,0,s...i will take mokka players only:)
ham,Are you still playing with gautham?,35,0,are you still playing with gautham?
ham,Hey mr  and I are going to the sea view and having a couple of gays I mean games! Give me a bell when ya finish ,112,0,hey mr  and i are going to the sea view and having a couple of gays i mean games! give me a bell when ya finish 
ham,"K, jason says he's gonna be around so I'll be up there around  &lt;#&gt;",72,0,"k, jason says he's gonna be around so i'll be up there around  &lt;#&gt;"
ham,Sorry . I will be able to get to you. See you in the morning.,61,0,sorry . i will be able to get to you. see you in the morning.
ham,Aight well keep me informed,27,0,aight well keep me informed
ham,Am only searching for good dual sim mobile pa.,46,0,am only searching for good dual sim mobile pa.
ham,That seems unnecessarily hostile,32,0,that seems unnecessarily hostile
ham,Dude got a haircut. Now its breezy up there,43,0,dude got a haircut. now its breezy up there
spam,"Congrats! 2 mobile 3G Videophones R yours. call 09061744553 now! videochat wid ur mates, play java games, Dload polyH music, noline rentl. bx420. ip4. 5we. 150pm",161,1,"congrats! 2 mobile 3g videophones r yours. call 09061744553 now! videochat wid ur mates, play java games, dload polyh music, noline rentl. bx420. ip4. 5we. 150pm"
ham,1Apple/Day=No Doctor. 1Tulsi Leaf/Day=No Cancer. 1Lemon/Day=No Fat. 1Cup Milk/day=No Bone Problms 3 Litres Watr/Day=No Diseases Snd ths 2 Whom U Care..:-),154,0,1apple/day=no doctor. 1tulsi leaf/day=no cancer. 1lemon/day=no fat. 1cup milk/day=no bone problms 3 litres watr/day=no diseases snd ths 2 whom u care..:-)
ham,i thought we were doing a king of the hill thing there.,55,0,i thought we were doing a king of the hill thing there.
ham,Nope i'll come online now..,27,0,nope i'll come online now..
ham,ALSO TELL HIM I SAID HAPPY BIRTHDAY,35,0,also tell him i said happy birthday
ham,Y bishan lei... I tot ü say lavender? ,38,0,y bishan lei... i tot ü say lavender? 
ham,Boo what time u get out? U were supposed to take me shopping today. :(,70,0,boo what time u get out? u were supposed to take me shopping today. :(
ham,"Now u sound like manky scouse boy steve,like! I is travelling on da bus home.wot has u inmind 4 recreation dis eve?",115,0,"now u sound like manky scouse boy steve,like! i is travelling on da bus home.wot has u inmind 4 recreation dis eve?"
ham,"Fyi I'm taking a quick shower, be at epsilon in like  &lt;#&gt;  min",68,0,"fyi i'm taking a quick shower, be at epsilon in like  &lt;#&gt;  min"
ham,on a Tuesday night r u 4 real,29,0,on a tuesday night r u 4 real
ham,Yes when is the appt again?,27,0,yes when is the appt again?
ham,Just got outta class gonna go gym.,34,0,just got outta class gonna go gym.
ham,I want to sent  &lt;#&gt; mesages today. Thats y. Sorry if i hurts,66,0,i want to sent  &lt;#&gt; mesages today. thats y. sorry if i hurts
ham,Ü all write or wat..,20,0,ü all write or wat..
ham,Ha! I wouldn't say that I just didn't read anything into way u seemed. I don't like 2 be judgemental....i save that for fridays in the pub!,139,0,ha! i wouldn't say that i just didn't read anything into way u seemed. i don't like 2 be judgemental....i save that for fridays in the pub!
ham,Its a valentine game. . . send dis msg to all ur friends. . If 5 answers r d same then someone really loves u. . Ques- which colour suits me the best?,150,0,its a valentine game. . . send dis msg to all ur friends. . if 5 answers r d same then someone really loves u. . ques- which colour suits me the best?
ham,Hi:)did you asked to waheeda fathima about leave?,49,0,hi:)did you asked to waheeda fathima about leave?
ham,Enjoy urself tmr...,19,0,enjoy urself tmr...
ham,You still around? I could use a half-8th,40,0,you still around? i could use a half-8th
ham,You give us back my id proof and  &lt;#&gt;  rs. We wont allow you to work. We will come to your home within days,113,0,you give us back my id proof and  &lt;#&gt;  rs. we wont allow you to work. we will come to your home within days
ham,Ü bot notes oredi... Cos i juz rem i got...,43,0,ü bot notes oredi... cos i juz rem i got...
ham,Yes. Rent is very expensive so its the way we save.,51,0,yes. rent is very expensive so its the way we save.
ham,Hows the pain dear?y r u smiling?,33,0,hows the pain dear?y r u smiling?
ham,"Fun fact: although you would think armand would eventually build up a tolerance or some shit considering how much he smokes, he gets fucked up in like 2 hits",157,0,"fun fact: although you would think armand would eventually build up a tolerance or some shit considering how much he smokes, he gets fucked up in like 2 hits"
spam,important information 4 orange user 0789xxxxxxx. today is your lucky day!2find out why log onto http://www.urawinner.com THERE'S A FANTASTIC SURPRISE AWAITING YOU!,163,1,important information 4 orange user 0789xxxxxxx. today is your lucky day!2find out why log onto http://www.urawinner.com there's a fantastic surprise awaiting you!
ham,Great. So should i send you my account number.,46,0,great. so should i send you my account number.
ham,"HELLOGORGEOUS, HOWS U? MY FONE WAS ON CHARGE LST NITW WEN U TEXD ME. HOPEU AD A NICE WKEND AS IM SURE U DID LOOKIN 4WARD 2 C-IN U 2MRW LUV JAZ",142,0,"hellogorgeous, hows u? my fone was on charge lst nitw wen u texd me. hopeu ad a nice wkend as im sure u did lookin 4ward 2 c-in u 2mrw luv jaz"
spam,"Our dating service has been asked 2 contact U by someone shy! CALL 09058091870 NOW all will be revealed. POBox84, M26 3UZ 150p",126,1,"our dating service has been asked 2 contact u by someone shy! call 09058091870 now all will be revealed. pobox84, m26 3uz 150p"
ham,Ü only send me the contents page...,35,0,ü only send me the contents page...
ham,"Night sweet, sleep well! I've just been to see The Exorcism of Emily Rose and may never sleep again! Hugs and snogs! ",117,0,"night sweet, sleep well! i've just been to see the exorcism of emily rose and may never sleep again! hugs and snogs! "
ham,"Don't Think About ""What u Have Got"" Think About ""How to Use It That You Have Got"" gooD ni8",90,0,"don't think about ""what u have got"" think about ""how to use it that you have got"" good ni8"
ham,"I can't right this second, gotta hit people up first",52,0,"i can't right this second, gotta hit people up first"
ham,"Evry Emotion dsn't hav Words.Evry Wish dsn't hav Prayrs.. If u Smile,D World is wit u.Othrwise even d Drop of Tear dsn't lik 2 Stay wit u.So b happy.. Good morning, keep smiling:-)",180,0,"evry emotion dsn't hav words.evry wish dsn't hav prayrs.. if u smile,d world is wit u.othrwise even d drop of tear dsn't lik 2 stay wit u.so b happy.. good morning, keep smiling:-)"
ham,So what about you. What do you remember,39,0,so what about you. what do you remember
ham,Ujhhhhhhh computer shipped out with address to sandiago and parantella lane. Wtf. Poop.,87,0,ujhhhhhhh computer shipped out with address to sandiago and parantella lane. wtf. poop.
ham,Mm yes dear look how i am hugging you both. :-P,47,0,mm yes dear look how i am hugging you both. :-p
ham,I like dis sweater fr mango but no more my size already so irritating.,70,0,i like dis sweater fr mango but no more my size already so irritating.
ham,1 I don't have her number and 2 its gonna be a massive pain in the ass and i'd rather not get involved if that's possible,121,0,1 i don't have her number and 2 its gonna be a massive pain in the ass and i'd rather not get involved if that's possible
ham,Anytime lor...,14,0,anytime lor...
spam,Do you want a new Video handset? 750 any time any network mins? UNLIMITED TEXT? Camcorder? Reply or Call now 08000930705 for del Sat AM,135,1,do you want a new video handset? 750 any time any network mins? unlimited text? camcorder? reply or call now 08000930705 for del sat am
spam,"Ur balance is now £600. Next question: Complete the landmark, Big, A. Bob, B. Barry or C. Ben ?. Text A, B or C to 83738. Good luck!",132,1,"ur balance is now £600. next question: complete the landmark, big, a. bob, b. barry or c. ben ?. text a, b or c to 83738. good luck!"
ham,Me fine..absolutly fine,23,0,me fine..absolutly fine
ham,K and you're sure I don't have to have consent forms to do it :V,64,0,k and you're sure i don't have to have consent forms to do it :v
spam,Ur TONEXS subscription has been renewed and you have been charged £4.50. You can choose 10 more polys this month. www.clubzed.co.uk *BILLING MSG*,145,1,ur tonexs subscription has been renewed and you have been charged £4.50. you can choose 10 more polys this month. www.clubzed.co.uk *billing msg*
spam,"If you don't, your prize will go to another customer. T&C at www.t-c.biz 18+ 150p/min Polo Ltd Suite 373 London W1J 6HL Please call back if busy",144,1,"if you don't, your prize will go to another customer. t&c at www.t-c.biz 18+ 150p/min polo ltd suite 373 london w1j 6hl please call back if busy"
ham,How much is torch in 9ja.,25,0,how much is torch in 9ja.
ham,"Doing nothing, then u not having dinner w us?",45,0,"doing nothing, then u not having dinner w us?"
ham,How are you. Just checking up on you,36,0,how are you. just checking up on you
ham,Done it but internet connection v slow and can‘t send it. Will try again later or first thing tomo.,99,0,done it but internet connection v slow and can‘t send it. will try again later or first thing tomo.
ham,Mathews or tait or edwards or anderson,38,0,mathews or tait or edwards or anderson
ham,yeah sure thing mate haunt got all my stuff sorted but im going sound anyway promoting hex for .by the way who is this? dont know number. Joke,142,0,yeah sure thing mate haunt got all my stuff sorted but im going sound anyway promoting hex for .by the way who is this? dont know number. joke
ham,No need lar i go engin? Cos my sis at arts today...,51,0,no need lar i go engin? cos my sis at arts today...
ham,Thanks honey but still haven't heard anything I will leave it a bit longer so not 2 crowd him and will try later - great advice thanks hope cardiff is still there!,163,0,thanks honey but still haven't heard anything i will leave it a bit longer so not 2 crowd him and will try later - great advice thanks hope cardiff is still there!
spam,Do you want a New Nokia 3510i Colour Phone Delivered Tomorrow? With 200 FREE minutes to any mobile + 100 FREE text + FREE camcorder Reply or Call 8000930705,156,1,do you want a new nokia 3510i colour phone delivered tomorrow? with 200 free minutes to any mobile + 100 free text + free camcorder reply or call 8000930705
ham,", im .. On the snowboarding trip. I was wondering if your planning to get everyone together befor we go..a meet and greet kind of affair? Cheers, ",146,0,", im .. on the snowboarding trip. i was wondering if your planning to get everyone together befor we go..a meet and greet kind of affair? cheers, "
ham,S.i'm watching it in live..,27,0,s.i'm watching it in live..
ham,"see you then, we're all christmassy here!",41,0,"see you then, we're all christmassy here!"
ham,"K I'm ready,  &lt;#&gt; ?",25,0,"k i'm ready,  &lt;#&gt; ?"
ham,what are your new years plans?,30,0,what are your new years plans?
spam,RECPT 1/3. You have ordered a Ringtone. Your order is being processed...,72,1,recpt 1/3. you have ordered a ringtone. your order is being processed...
ham,Baaaaaaaabe! Wake up ! I miss you ! I crave you! I need you!,60,0,baaaaaaaabe! wake up ! i miss you ! i crave you! i need you!
ham,"Only just got this message, not ignoring you. Yes, i was. Shopping that is",74,0,"only just got this message, not ignoring you. yes, i was. shopping that is"
ham,Dear :-/ why you mood off. I cant drive so i brother to drive,61,0,dear :-/ why you mood off. i cant drive so i brother to drive
ham,When did dad get back.,22,0,when did dad get back.
ham,"Can you tell Shola to please go to college of medicine and visit the academic department, tell the academic secretary what the current situation is and ask if she can transfer there. She should ask someone to check Sagamu for the same thing and lautech. Its vital she completes her medical education in Nigeria. Its less expensive much less expensive. Unless she will be getting citizen rates in new zealand.",408,0,"can you tell shola to please go to college of medicine and visit the academic department, tell the academic secretary what the current situation is and ask if she can transfer there. she should ask someone to check sagamu for the same thing and lautech. its vital she completes her medical education in nigeria. its less expensive much less expensive. unless she will be getting citizen rates in new zealand."
ham,Yes just finished watching days of our lives. I love it.,56,0,yes just finished watching days of our lives. i love it.
ham,Juz go google n search 4 qet...,31,0,juz go google n search 4 qet...
ham,Many times we lose our best ones bcoz we are ,45,0,many times we lose our best ones bcoz we are 
ham,"Good FRIENDS CaRE for each Other.. CLoSE Friends UNDERSTaND each Other... and TRUE Friends STaY forever beyond words, beyond time. Gud ni8",138,0,"good friends care for each other.. close friends understand each other... and true friends stay forever beyond words, beyond time. gud ni8"
ham,Just getting back home,22,0,just getting back home
ham,"Sorry, I'll call later  &lt;#&gt; mins",38,0,"sorry, i'll call later  &lt;#&gt; mins"
ham,Dun need to use dial up juz open da browser n surf...,53,0,dun need to use dial up juz open da browser n surf...
spam,As one of our registered subscribers u can enter the draw 4 a 100 G.B. gift voucher by replying with ENTER. To unsubscribe text STOP,132,1,as one of our registered subscribers u can enter the draw 4 a 100 g.b. gift voucher by replying with enter. to unsubscribe text stop
ham,"Awesome, plan to get here any time after like  &lt;#&gt; , I'll text you details in a wee bit",93,0,"awesome, plan to get here any time after like  &lt;#&gt; , i'll text you details in a wee bit"
ham,Take care and sleep well.you need to learn to change in life.you only need to get CONVINCED on that.i will wait but no more conversations between us.GET CONVINCED by that time.Your family is over for you in many senses.respect them but not overemphasise.or u have no role in my life.,283,0,take care and sleep well.you need to learn to change in life.you only need to get convinced on that.i will wait but no more conversations between us.get convinced by that time.your family is over for you in many senses.respect them but not overemphasise.or u have no role in my life.
spam,"For your chance to WIN a FREE Bluetooth Headset then simply reply back with ""ADP""",81,1,"for your chance to win a free bluetooth headset then simply reply back with ""adp"""
ham,You also didnt get na hi hi hi hi hi,36,0,you also didnt get na hi hi hi hi hi
ham,Ya but it cant display internal subs so i gotta extract them,60,0,ya but it cant display internal subs so i gotta extract them
ham,If i said anything wrong sorry de:-),36,0,if i said anything wrong sorry de:-)
ham,How stupid to say that i challenge god.You dont think at all on what i write instead you respond immed.,103,0,how stupid to say that i challenge god.you dont think at all on what i write instead you respond immed.
ham,"Yeah I should be able to, I'll text you when I'm ready to meet up",65,0,"yeah i should be able to, i'll text you when i'm ready to meet up"
ham,V skint too but fancied few bevies.waz gona go meet &othrs in spoon but jst bin watchng planet earth&sofa is v comfey; If i dont make it hav gd night,149,0,v skint too but fancied few bevies.waz gona go meet &othrs in spoon but jst bin watchng planet earth&sofa is v comfey; if i dont make it hav gd night
ham," says that he's quitting at least5times a day so i wudn't take much notice of that. Nah, she didn't mind. Are you gonna see him again? Do you want to come to taunton tonight? U can tell me all about !",200,0," says that he's quitting at least5times a day so i wudn't take much notice of that. nah, she didn't mind. are you gonna see him again? do you want to come to taunton tonight? u can tell me all about !"
ham,"When you get free, call me",26,0,"when you get free, call me"
ham,How have your little darlings been so far this week? Need a coffee run tomo?Can't believe it's that time of week already …,122,0,how have your little darlings been so far this week? need a coffee run tomo?can't believe it's that time of week already …
ham,Still at west coast... Haiz... Ü'll take forever to come back...,64,0,still at west coast... haiz... ü'll take forever to come back...
ham,MMM ... Fuck .... Merry Christmas to me,39,0,mmm ... fuck .... merry christmas to me
ham,alright. Thanks for the advice. Enjoy your night out. I'ma try to get some sleep...,83,0,alright. thanks for the advice. enjoy your night out. i'ma try to get some sleep...
ham,Update your face book status frequently :),42,0,update your face book status frequently :)
ham,Just now saw your message.it k da:),35,0,just now saw your message.it k da:)
ham,Was it something u ate?,23,0,was it something u ate?
ham,So what did the bank say about the money?,41,0,so what did the bank say about the money?
ham,Aiyar dun disturb u liao... Thk u have lots 2 do aft ur cupboard come...,72,0,aiyar dun disturb u liao... thk u have lots 2 do aft ur cupboard come...
ham,Hey they r not watching movie tonight so i'll prob b home early...,66,0,hey they r not watching movie tonight so i'll prob b home early...
ham,Yar lor... How u noe? U used dat route too?,43,0,yar lor... how u noe? u used dat route too?
ham,2mro i am not coming to gym machan. Goodnight.,46,0,2mro i am not coming to gym machan. goodnight.
ham,Dont think you need yellow card for uk travel. Ask someone that has gone before. If you do its just  &lt;#&gt; bucks,116,0,dont think you need yellow card for uk travel. ask someone that has gone before. if you do its just  &lt;#&gt; bucks
ham,Can u look 4 me in da lib i got stuff havent finish yet.,56,0,can u look 4 me in da lib i got stuff havent finish yet.
ham,Sounds great! Im going to sleep now. Have a good night!,55,0,sounds great! im going to sleep now. have a good night!
spam,Don't b floppy... b snappy & happy! Only gay chat service with photo upload call 08718730666 (10p/min). 2 stop our texts call 08712460324,137,1,don't b floppy... b snappy & happy! only gay chat service with photo upload call 08718730666 (10p/min). 2 stop our texts call 08712460324
ham,How come u got nothing to do?,29,0,how come u got nothing to do?
ham,Nothing will ever be easy. But don't be looking for a reason not to take a risk on life and love,96,0,nothing will ever be easy. but don't be looking for a reason not to take a risk on life and love
ham,i want to grasp your pretty booty :),36,0,i want to grasp your pretty booty :)
ham,I've got it down to a tea. not sure which flavour,49,0,i've got it down to a tea. not sure which flavour
ham,I'm going 2 orchard now laready me reaching soon. U reaching?,61,0,i'm going 2 orchard now laready me reaching soon. u reaching?
ham,Dear i am not denying your words please,39,0,dear i am not denying your words please
ham,You know my old Dom I told you about yesterday ? His name is Roger? He got in touch with me last night and wants me to meet him today at 2 pm,141,0,you know my old dom i told you about yesterday ? his name is roger? he got in touch with me last night and wants me to meet him today at 2 pm
ham,COME BACK TO TAMPA FFFFUUUUUUU,30,0,come back to tampa ffffuuuuuuu
ham,"2 celebrate my bday, y else?",29,0,"2 celebrate my bday, y else?"
ham,Merry christmas to u too annie!,31,0,merry christmas to u too annie!
ham,Please tell me you have some of that special stock you were talking about,73,0,please tell me you have some of that special stock you were talking about
ham,I sent them. Do you like?,25,0,i sent them. do you like?
ham,"Awesome, be there in a minute",29,0,"awesome, be there in a minute"
ham,"And that is the problem. You walk around in ""julianaland"" oblivious to what is going on around you. I say the same things constantly and they go in one ear and out the other while you go off doing whatever you want to do. It's not that you don't know why I'm upset--it's that you don't listen when i tell you WHAT is going to upset me. Then you want to be surprised when I'm mad.",379,0,"and that is the problem. you walk around in ""julianaland"" oblivious to what is going on around you. i say the same things constantly and they go in one ear and out the other while you go off doing whatever you want to do. it's not that you don't know why i'm upset--it's that you don't listen when i tell you what is going to upset me. then you want to be surprised when i'm mad."
ham,I've told you everything will stop. Just dont let her get dehydrated.,69,0,i've told you everything will stop. just dont let her get dehydrated.
ham,Or I guess  &lt;#&gt;  min,26,0,or i guess  &lt;#&gt;  min
ham,I'm home. Ard wat time will u reach?,36,0,i'm home. ard wat time will u reach?
ham,"If you want to mapquest it or something look up ""usf dogwood drive"", that's the tiny street where the parking lot is",116,0,"if you want to mapquest it or something look up ""usf dogwood drive"", that's the tiny street where the parking lot is"
ham,Aight should I just plan to come up later tonight?,50,0,aight should i just plan to come up later tonight?
ham,Die... I accidentally deleted e msg i suppose 2 put in e sim archive. Haiz... I so sad...,89,0,die... i accidentally deleted e msg i suppose 2 put in e sim archive. haiz... i so sad...
spam,"Welcome to UK-mobile-date this msg is FREE giving you free calling to 08719839835. Future mgs billed at 150p daily. To cancel send ""go stop"" to 89123",149,1,"welcome to uk-mobile-date this msg is free giving you free calling to 08719839835. future mgs billed at 150p daily. to cancel send ""go stop"" to 89123"
ham,This is wishing you a great day. Moji told me about your offer and as always i was speechless. You offer so easily to go to great lengths on my behalf and its stunning. My exam is next friday. After that i will keep in touch more. Sorry.,237,0,this is wishing you a great day. moji told me about your offer and as always i was speechless. you offer so easily to go to great lengths on my behalf and its stunning. my exam is next friday. after that i will keep in touch more. sorry.
ham,"Thanks again for your reply today. When is ur visa coming in. And r u still buying the gucci and bags. My sister things are not easy, uncle john also has his own bills so i really need to think about how to make my own money. Later sha.",236,0,"thanks again for your reply today. when is ur visa coming in. and r u still buying the gucci and bags. my sister things are not easy, uncle john also has his own bills so i really need to think about how to make my own money. later sha."
ham,"Sorry I flaked last night, shit's seriously goin down with my roommate, what you up to tonight?",95,0,"sorry i flaked last night, shit's seriously goin down with my roommate, what you up to tonight?"
ham,He said i look pretty wif long hair wat. But i thk he's cutting quite short 4 me leh.,85,0,he said i look pretty wif long hair wat. but i thk he's cutting quite short 4 me leh.
ham,CHEERS FOR CALLIN BABE.SOZI CULDNT TALKBUT I WANNATELL U DETAILS LATER WENWECAN CHAT PROPERLY X,95,0,cheers for callin babe.sozi culdnt talkbut i wannatell u details later wenwecan chat properly x
ham,Hey u still at the gym?,23,0,hey u still at the gym?
ham,Much better now thanks lol,26,0,much better now thanks lol
ham,"Nothing, smsing u n xy lor. Sorry lor da guys neva c u in person but they sort of know u lor. So u wan 2 meet them xy ask me 2 bring u along 4 our next meeting.",160,0,"nothing, smsing u n xy lor. sorry lor da guys neva c u in person but they sort of know u lor. so u wan 2 meet them xy ask me 2 bring u along 4 our next meeting."
ham,"Lemme know when I can swing by and pick up, I'm free basically any time after 1 all this semester",97,0,"lemme know when i can swing by and pick up, i'm free basically any time after 1 all this semester"
ham,Wa... U so efficient... Gee... Thanx...,39,0,wa... u so efficient... gee... thanx...
spam,3. You have received your mobile content. Enjoy,47,1,3. you have received your mobile content. enjoy
ham,S but not able to sleep.,24,0,s but not able to sleep.
spam,Want explicit SEX in 30 secs? Ring 02073162414 now! Costs 20p/min,65,1,want explicit sex in 30 secs? ring 02073162414 now! costs 20p/min
ham,We will meet soon princess! Ttyl!,33,0,we will meet soon princess! ttyl!
ham,I'll pick you up at about 5.15pm to go to taunton if you still want to come.,76,0,i'll pick you up at about 5.15pm to go to taunton if you still want to come.
ham,Oh :-)only 4 outside players allowed to play know,49,0,oh :-)only 4 outside players allowed to play know
ham,I anything lor.,15,0,i anything lor.
ham,Erutupalam thandiyachu,22,0,erutupalam thandiyachu
ham,"Y cant u try new invention to fly..i'm not joking.,",51,0,"y cant u try new invention to fly..i'm not joking.,"
ham,No..its ful of song lyrics..,28,0,no..its ful of song lyrics..
ham,"What do u reckon as need 2 arrange transport if u can't do it, thanks",69,0,"what do u reckon as need 2 arrange transport if u can't do it, thanks"
ham,True lov n care wil nevr go unrecognized. though somone often makes mistakes when valuing it. but they will definitly undrstnd once when they start missing it.,159,0,true lov n care wil nevr go unrecognized. though somone often makes mistakes when valuing it. but they will definitly undrstnd once when they start missing it.
ham,Shopping? Eh ger i toking abt syd leh...Haha,44,0,shopping? eh ger i toking abt syd leh...haha
ham,What not under standing.,24,0,what not under standing.
ham,have * good weekend.,20,0,have * good weekend.
ham,Miss call miss call khelate kintu opponenter miss call dhorte lage. Thats d rule. One with great phone receiving quality wins.,126,0,miss call miss call khelate kintu opponenter miss call dhorte lage. thats d rule. one with great phone receiving quality wins.
ham,Call me when you get the chance plz &lt;3,41,0,call me when you get the chance plz &lt;3
ham,The new deus ex game comin early next yr,40,0,the new deus ex game comin early next yr
ham,My computer just fried the only essential part we don't keep spares of because my fucking idiot roommates looovvve leaving the thing running on full  &lt;#&gt; /7,162,0,my computer just fried the only essential part we don't keep spares of because my fucking idiot roommates looovvve leaving the thing running on full  &lt;#&gt; /7
ham,"My friend, she's studying at warwick, we've planned to go shopping and to concert tmw, but it may be canceled, havn't seen  for ages, yeah we should get together sometime!",171,0,"my friend, she's studying at warwick, we've planned to go shopping and to concert tmw, but it may be canceled, havn't seen  for ages, yeah we should get together sometime!"
ham,Probably a couple hours tops,28,0,probably a couple hours tops
ham,"LOL .. *grins* .. I'm not babe, but thanks for thinking of me!",62,0,"lol .. *grins* .. i'm not babe, but thanks for thinking of me!"
ham,Man this bus is so so so slow. I think you're gonna get there before me,71,0,man this bus is so so so slow. i think you're gonna get there before me
ham,Hope this text meets you smiling. If not then let this text give you a reason to smile. Have a beautiful day.,109,0,hope this text meets you smiling. if not then let this text give you a reason to smile. have a beautiful day.
ham,"In case you wake up wondering where I am, I forgot I have to take care of something for grandma today, should be done before the parade",135,0,"in case you wake up wondering where i am, i forgot i have to take care of something for grandma today, should be done before the parade"
spam,"Latest Nokia Mobile or iPOD MP3 Player +£400 proze GUARANTEED! Reply with: WIN to 83355 now! Norcorp Ltd.£1,50/Mtmsgrcvd18+",123,1,"latest nokia mobile or ipod mp3 player +£400 proze guaranteed! reply with: win to 83355 now! norcorp ltd.£1,50/mtmsgrcvd18+"
spam,"SMS SERVICES. for your inclusive text credits, pls goto www.comuk.net login= 3qxj9 unsubscribe with STOP, no extra charge. help 08702840625.COMUK. 220-CM2 9AE",158,1,"sms services. for your inclusive text credits, pls goto www.comuk.net login= 3qxj9 unsubscribe with stop, no extra charge. help 08702840625.comuk. 220-cm2 9ae"
ham,Nvm take ur time.,17,0,nvm take ur time.
ham,So wat's da decision?,21,0,so wat's da decision?
ham,Wot is u up 2 then bitch?,25,0,wot is u up 2 then bitch?
ham,She told to hr that he want posting in chennai:)because i'm working here:),74,0,she told to hr that he want posting in chennai:)because i'm working here:)
spam,Mobile Club: Choose any of the top quality items for your mobile. 7cfca1a,73,1,mobile club: choose any of the top quality items for your mobile. 7cfca1a
ham,When are you guys leaving?,26,0,when are you guys leaving?
ham,He neva grumble but i sad lor... Hee... Buy tmr lor aft lunch. But we still meetin 4 lunch tmr a not. Neva hear fr them lei. Ü got a lot of work ar?,148,0,he neva grumble but i sad lor... hee... buy tmr lor aft lunch. but we still meetin 4 lunch tmr a not. neva hear fr them lei. ü got a lot of work ar?
ham,Not able to do anything.,24,0,not able to do anything.
ham,Ü takin linear algebra today?,29,0,ü takin linear algebra today?
ham,This weekend is fine (an excuse not to do too much decorating),62,0,this weekend is fine (an excuse not to do too much decorating)
ham,"Sorry I missed you babe. I was up late and slept in. I hope you enjoy your driving lesson, boytoy. I miss you too ... *teasing kiss*",132,0,"sorry i missed you babe. i was up late and slept in. i hope you enjoy your driving lesson, boytoy. i miss you too ... *teasing kiss*"
ham,Now project pa. After that only i can come.,43,0,now project pa. after that only i can come.
spam,Money i have won wining number 946 wot do i do next,51,1,money i have won wining number 946 wot do i do next
ham,"Sure, whenever you show the fuck up &gt;:(",42,0,"sure, whenever you show the fuck up &gt;:("
ham,That was random saw my old roomate on campus. He graduated,58,0,that was random saw my old roomate on campus. he graduated
ham,"Men always needs a beautiful, intelligent, caring, loving, adjustable, cooperative wife. But the law allows only one wife....",125,0,"men always needs a beautiful, intelligent, caring, loving, adjustable, cooperative wife. but the law allows only one wife...."
ham,That sucks. So what do you got planned for your yo valentine? I am your yo valentine aren't I?,94,0,that sucks. so what do you got planned for your yo valentine? i am your yo valentine aren't i?
ham,"Just got part Nottingham - 3 hrs 63miles. Good thing i love my man so much, but only doing 40mph. Hey ho",104,0,"just got part nottingham - 3 hrs 63miles. good thing i love my man so much, but only doing 40mph. hey ho"
ham,What to think no one saying clearly. Ok leave no need to ask her. I will go if she come or not,94,0,what to think no one saying clearly. ok leave no need to ask her. i will go if she come or not
ham,Hi good mornin.. Thanku wish u d same..,39,0,hi good mornin.. thanku wish u d same..
ham,DO U WANT 2 MEET UP 2MORRO,26,0,do u want 2 meet up 2morro
ham,Actually I decided I was too hungry so I haven't left yet :V,60,0,actually i decided i was too hungry so i haven't left yet :v
ham,I've sent ü my part..,21,0,i've sent ü my part..
ham,Cos i was out shopping wif darren jus now n i called him 2 ask wat present he wan lor. Then he started guessing who i was wif n he finally guessed darren lor.,158,0,cos i was out shopping wif darren jus now n i called him 2 ask wat present he wan lor. then he started guessing who i was wif n he finally guessed darren lor.
spam,"I want some cock! My hubby's away, I need a real man 2 satisfy me. Txt WIFE to 89938 for no strings action. (Txt STOP 2 end, txt rec £1.50ea. OTBox 731 LA1 7WS. )",162,1,"i want some cock! my hubby's away, i need a real man 2 satisfy me. txt wife to 89938 for no strings action. (txt stop 2 end, txt rec £1.50ea. otbox 731 la1 7ws. )"
ham,Understand. his loss is my gain :) so do you work? School?,58,0,understand. his loss is my gain :) so do you work? school?
ham,HOW ARE U? I HAVE MISSED U! I HAVENT BEEN UP 2 MUCH A BIT BORED WITH THE HOLIDAY WANT 2 GO BAK 2 COLLEGE! SAD ISNT IT?xx,120,0,how are u? i have missed u! i havent been up 2 much a bit bored with the holiday want 2 go bak 2 college! sad isnt it?xx
ham,"Hiya, probably coming home * weekend after next",47,0,"hiya, probably coming home * weekend after next"
ham,Don't forget though that I love you .... And I walk beside you. Watching over you and keeping your heart warm.,110,0,don't forget though that i love you .... and i walk beside you. watching over you and keeping your heart warm.
ham,I wish things were different. I wonder when i will be able to show you how much i value you. Pls continue the brisk walks no drugs without askin me please and find things to laugh about. I love you dearly.,205,0,i wish things were different. i wonder when i will be able to show you how much i value you. pls continue the brisk walks no drugs without askin me please and find things to laugh about. i love you dearly.
ham,Ok both our days. So what are you making for dinner tonite? Am I invited?,73,0,ok both our days. so what are you making for dinner tonite? am i invited?
spam,Gr8 new service - live sex video chat on your mob - see the sexiest dirtiest girls live on ur phone - 4 details text horny to 89070 to cancel send STOP to 89070,160,1,gr8 new service - live sex video chat on your mob - see the sexiest dirtiest girls live on ur phone - 4 details text horny to 89070 to cancel send stop to 89070
ham,I have no money 4 steve mate! !,31,0,i have no money 4 steve mate! !
ham,IM LATE TELLMISS IM ON MY WAY,29,0,im late tellmiss im on my way
ham,Normally i use to drink more water daily:),42,0,normally i use to drink more water daily:)
ham,Dare i ask... Any luck with sorting out the car?,48,0,dare i ask... any luck with sorting out the car?
ham,"Party's at my place at usf, no charge (but if you can contribute in any way it is greatly appreciated) and yeah, we got room for one more",137,0,"party's at my place at usf, no charge (but if you can contribute in any way it is greatly appreciated) and yeah, we got room for one more"
ham,"Urgh, coach hot, smells of chip fat! Thanks again, especially for the duvet (not a predictive text word).",105,0,"urgh, coach hot, smells of chip fat! thanks again, especially for the duvet (not a predictive text word)."
ham,Hiya. How was last night? I've been naughty and bought myself clothes and very little ... Ready for more shopping tho! What kind of time do you wanna meet?,155,0,hiya. how was last night? i've been naughty and bought myself clothes and very little ... ready for more shopping tho! what kind of time do you wanna meet?
spam,FreeMsg Hi baby wow just got a new cam moby. Wanna C a hot pic? or Fancy a chat?Im w8in 4uTxt / rply CHAT to 82242 Hlp 08712317606 Msg150p 2rcv,143,1,freemsg hi baby wow just got a new cam moby. wanna c a hot pic? or fancy a chat?im w8in 4utxt / rply chat to 82242 hlp 08712317606 msg150p 2rcv
ham,I've been trying to reach him without success,45,0,i've been trying to reach him without success
ham,when you and derek done with class?,35,0,when you and derek done with class?
ham,Never y lei... I v lazy... Got wat? Dat day ü send me da url cant work one...,77,0,never y lei... i v lazy... got wat? dat day ü send me da url cant work one...
ham,Never try alone to take the weight of a tear that comes out of ur heart and falls through ur eyes... Always remember a STUPID FRIEND is here to share... BSLVYL,159,0,never try alone to take the weight of a tear that comes out of ur heart and falls through ur eyes... always remember a stupid friend is here to share... bslvyl
ham,Hey mate. Spoke to the mag people. We‘re on.  the is deliver by the end of the month. Deliver on the 24th sept. Talk later. ,124,0,hey mate. spoke to the mag people. we‘re on.  the is deliver by the end of the month. deliver on the 24th sept. talk later. 
ham,"Haha, my friend tyler literally just asked if you could get him a dubsack",73,0,"haha, my friend tyler literally just asked if you could get him a dubsack"
ham,Hey! do u fancy meetin me at 4 at cha  hav a lil beverage on me. if not txt or ring me and we can meet up l8r. quite tired got in at 3 v.pist ;) love Pete x x x,161,0,hey! do u fancy meetin me at 4 at cha  hav a lil beverage on me. if not txt or ring me and we can meet up l8r. quite tired got in at 3 v.pist ;) love pete x x x
ham,Great. Have a safe trip. Dont panic surrender all.,50,0,great. have a safe trip. dont panic surrender all.
ham,"SYMPTOMS when U are in love: ""1.U like listening songs 2.U get stopped where u see the name of your beloved 3.U won't get angry when your",137,0,"symptoms when u are in love: ""1.u like listening songs 2.u get stopped where u see the name of your beloved 3.u won't get angry when your"
ham,Sun ah... Thk mayb can if dun have anythin on... Thk have to book e lesson... E pilates is at orchard mrt u noe hor...  ,120,0,sun ah... thk mayb can if dun have anythin on... thk have to book e lesson... e pilates is at orchard mrt u noe hor...  
ham,Try to do something dear. You read something for exams,54,0,try to do something dear. you read something for exams
ham,Gettin rdy to ship comp,23,0,gettin rdy to ship comp
ham,I am in hospital da. . I will return home in evening,52,0,i am in hospital da. . i will return home in evening
ham,PISS IS TALKING IS SOMEONE THAT REALISE U THAT POINT THIS AT IS IT.(NOW READ IT BACKWARDS),90,0,piss is talking is someone that realise u that point this at is it.(now read it backwards)
ham,Think + da. You wil do.,23,0,think + da. you wil do.
ham,I'm awake oh. What's up.,24,0,i'm awake oh. what's up.
ham,Good afternoon my boytoy. How goes that walking here and there day ? Did you get that police abstract? Are you still out and about? I wake and miss you babe,156,0,good afternoon my boytoy. how goes that walking here and there day ? did you get that police abstract? are you still out and about? i wake and miss you babe
ham,How much u trying to get?,25,0,how much u trying to get?
ham,"Come around  &lt;DECIMAL&gt; pm vikky..i'm otside nw, il come by tht time",73,0,"come around  &lt;decimal&gt; pm vikky..i'm otside nw, il come by tht time"
ham,Tell me again what your address is,34,0,tell me again what your address is
ham,Should i buy him a blackberry bold 2 or torch. Should i buy him new or used. Let me know. Plus are you saying i should buy the  &lt;#&gt; g wifi ipad. And what are you saying about the about the  &lt;#&gt; g?,208,0,should i buy him a blackberry bold 2 or torch. should i buy him new or used. let me know. plus are you saying i should buy the  &lt;#&gt; g wifi ipad. and what are you saying about the about the  &lt;#&gt; g?
ham,But you were together so you should be thinkin about him,56,0,but you were together so you should be thinkin about him
ham,hiya hows it going in sunny africa? hope u r avin a good time. give that big old silver back a big kiss from me.,112,0,hiya hows it going in sunny africa? hope u r avin a good time. give that big old silver back a big kiss from me.
ham,At WHAT TIME should i come tomorrow,35,0,at what time should i come tomorrow
spam,Wanna have a laugh? Try CHIT-CHAT on your mobile now! Logon by txting the word: CHAT and send it to No: 8883 CM PO Box 4217 London W1A 6ZF 16+ 118p/msg rcvd,156,1,wanna have a laugh? try chit-chat on your mobile now! logon by txting the word: chat and send it to no: 8883 cm po box 4217 london w1a 6zf 16+ 118p/msg rcvd
ham,"CHA QUITEAMUZING THATSCOOL BABE,PROBPOP IN & CU SATTHEN HUNNY 4BREKKIE! LOVE JEN XXX. PSXTRA LRG PORTIONS 4 ME PLEASE ",119,0,"cha quiteamuzing thatscool babe,probpop in & cu satthen hunny 4brekkie! love jen xxx. psxtra lrg portions 4 me please "
ham,Omg how did u know what I ate?,30,0,omg how did u know what i ate?
spam,URGENT! This is the 2nd attempt to contact U!U have WON £1000CALL 09071512432 b4 300603t&csBCM4235WC1N3XX.callcost150ppmmobilesvary. max£7. 50,142,1,urgent! this is the 2nd attempt to contact u!u have won £1000call 09071512432 b4 300603t&csbcm4235wc1n3xx.callcost150ppmmobilesvary. max£7. 50
ham,:( but your not here....,24,0,:( but your not here....
ham,Not directly behind... Abt 4 rows behind ü...,45,0,not directly behind... abt 4 rows behind ü...
spam,Congratulations ur awarded 500 of CD vouchers or 125gift guaranteed & Free entry 2 100 wkly draw txt MUSIC to 87066,115,1,congratulations ur awarded 500 of cd vouchers or 125gift guaranteed & free entry 2 100 wkly draw txt music to 87066
spam,"Had your contract mobile 11 Mnths? Latest Motorola, Nokia etc. all FREE! Double Mins & Text on Orange tariffs. TEXT YES for callback, no to remove from records",159,1,"had your contract mobile 11 mnths? latest motorola, nokia etc. all free! double mins & text on orange tariffs. text yes for callback, no to remove from records"
spam,"Urgent! call 09066350750 from your landline. Your complimentary 4* Ibiza Holiday or 10,000 cash await collection SAE T&Cs PO BOX 434 SK3 8WP 150 ppm 18+",152,1,"urgent! call 09066350750 from your landline. your complimentary 4* ibiza holiday or 10,000 cash await collection sae t&cs po box 434 sk3 8wp 150 ppm 18+"
ham,No plans yet. What are you doing ?,34,0,no plans yet. what are you doing ?
ham,Hi ....My engagement has been fixd on  &lt;#&gt; th of next month. I know its really shocking bt....hmm njan vilikkam....t ws al of a sudn;-(.,142,0,hi ....my engagement has been fixd on  &lt;#&gt; th of next month. i know its really shocking bt....hmm njan vilikkam....t ws al of a sudn;-(.
ham,Not course. Only maths one day one chapter with in one month we can finish.,75,0,not course. only maths one day one chapter with in one month we can finish.
ham,Wow didn't think it was that common. I take it all back ur not a freak! Unless u chop it off:-),95,0,wow didn't think it was that common. i take it all back ur not a freak! unless u chop it off:-)
ham,Noooooooo please. Last thing I need is stress. For once in your life be fair.,77,0,noooooooo please. last thing i need is stress. for once in your life be fair.
spam,U have a Secret Admirer who is looking 2 make contact with U-find out who they R*reveal who thinks UR so special-call on 09065171142-stopsms-08718727870150ppm,158,1,u have a secret admirer who is looking 2 make contact with u-find out who they r*reveal who thinks ur so special-call on 09065171142-stopsms-08718727870150ppm
ham,"I'll see if I can swing by in a bit, got some things to take care of here firsg",79,0,"i'll see if i can swing by in a bit, got some things to take care of here firsg"
ham,I wanted to wish you a Happy New Year and I wanted to talk to you about some legal advice to do with when Gary and I split but in person. I'll make a trip to Ptbo for that. I hope everything is good with you babe and I love ya :),229,0,i wanted to wish you a happy new year and i wanted to talk to you about some legal advice to do with when gary and i split but in person. i'll make a trip to ptbo for that. i hope everything is good with you babe and i love ya :)
ham,Have you not finished work yet or something?,44,0,have you not finished work yet or something?
ham,Right it wasnt you who phoned it was someone with a number like yours!,70,0,right it wasnt you who phoned it was someone with a number like yours!
ham,It's ok i wun b angry. Msg u aft i come home tonight.,53,0,it's ok i wun b angry. msg u aft i come home tonight.
ham,I had a good time too. Its nice to do something a bit different with my weekends for a change. See ya soon,106,0,i had a good time too. its nice to do something a bit different with my weekends for a change. see ya soon
ham,Yo sorry was in the shower sup,30,0,yo sorry was in the shower sup
ham,"Carlos is down but I have to pick it up from him, so I'll swing by usf in a little bit",86,0,"carlos is down but i have to pick it up from him, so i'll swing by usf in a little bit"
ham,Full heat pa:-) i have applyed oil pa.,38,0,full heat pa:-) i have applyed oil pa.
ham,I'm stuck in da middle of da row on da right hand side of da lt... ,67,0,i'm stuck in da middle of da row on da right hand side of da lt... 
ham,Have you laid your airtel line to rest?,39,0,have you laid your airtel line to rest?
ham,Hi did u decide wot 2 get 4 his bday if not ill prob jus get him a voucher frm virgin or sumfing ,97,0,hi did u decide wot 2 get 4 his bday if not ill prob jus get him a voucher frm virgin or sumfing 
spam,FreeMsg: Txt: CALL to No: 86888 & claim your reward of 3 hours talk time to use from your phone now! Subscribe6GBP/mnth inc 3hrs 16 stop?txtStop,144,1,freemsg: txt: call to no: 86888 & claim your reward of 3 hours talk time to use from your phone now! subscribe6gbp/mnth inc 3hrs 16 stop?txtstop
ham,"Hey j! r u feeling any better, hopeSo hunny. i amnow feelin ill & ithink i may have tonsolitusaswell! damn iam layin in bedreal bored. lotsof luv me xxxx",153,0,"hey j! r u feeling any better, hopeso hunny. i amnow feelin ill & ithink i may have tonsolitusaswell! damn iam layin in bedreal bored. lotsof luv me xxxx"
ham,And I don't plan on staying the night but I prolly won't be back til late,73,0,and i don't plan on staying the night but i prolly won't be back til late
ham,THANX 4 PUTTIN DA FONE DOWN ON ME!!,35,0,thanx 4 puttin da fone down on me!!
ham,"I need an 8th but I'm off campus atm, could I pick up in an hour or two?",72,0,"i need an 8th but i'm off campus atm, could i pick up in an hour or two?"
ham,"Oh... Haha... Den we shld had went today too... Gee, nvm la... Kaiez, i dun mind goin jazz oso... Scared hiphop open cant catch up... ",134,0,"oh... haha... den we shld had went today too... gee, nvm la... kaiez, i dun mind goin jazz oso... scared hiphop open cant catch up... "
ham,Been running but only managed 5 minutes and then needed oxygen! Might have to resort to the roller option!,106,0,been running but only managed 5 minutes and then needed oxygen! might have to resort to the roller option!
ham,We live in the next  &lt;#&gt; mins,35,0,we live in the next  &lt;#&gt; mins
ham,Y de asking like this.,22,0,y de asking like this.
ham,Just glad to be talking to you.,31,0,just glad to be talking to you.
ham,Wat time ü finish?,18,0,wat time ü finish?
ham,Sorry da. I gone mad so many pending works what to do.,54,0,sorry da. i gone mad so many pending works what to do.
ham,How much you got for cleaning,29,0,how much you got for cleaning
ham,hows my favourite person today? r u workin hard? couldn't sleep again last nite nearly rang u at 4.30,101,0,hows my favourite person today? r u workin hard? couldn't sleep again last nite nearly rang u at 4.30
spam,Sunshine Quiz! Win a super Sony DVD recorder if you canname the capital of Australia? Text MQUIZ to 82277. B,108,1,sunshine quiz! win a super sony dvd recorder if you canname the capital of australia? text mquiz to 82277. b
ham,Ü called dad oredi...,21,0,ü called dad oredi...
ham,Good. do you think you could send me some pix? I would love to see your top and bottom...,89,0,good. do you think you could send me some pix? i would love to see your top and bottom...
ham,Nvm... I'm going to wear my sport shoes anyway... I'm going to be late leh.,75,0,nvm... i'm going to wear my sport shoes anyway... i'm going to be late leh.
ham,"Sorry, I'll call later In meeting.",34,0,"sorry, i'll call later in meeting."
ham,THIS IS A LONG FUCKIN SHOWR,27,0,this is a long fuckin showr
ham,"Received, understood n acted upon!",34,0,"received, understood n acted upon!"
ham,They finally came to fix the ceiling.,37,0,they finally came to fix the ceiling.
ham,"U need my presnts always bcz U cant mis love. ""jeevithathile irulinae neekunna prakasamanu sneham"" prakasam ennal prabha 'That mns prabha is'LOVE' Got it. Dont mis me....",170,0,"u need my presnts always bcz u cant mis love. ""jeevithathile irulinae neekunna prakasamanu sneham"" prakasam ennal prabha 'that mns prabha is'love' got it. dont mis me...."
ham,Jus finish blowing my hair. U finish dinner already?,52,0,jus finish blowing my hair. u finish dinner already?
ham,I'm on the bus. Love you,24,0,i'm on the bus. love you
ham,Lol ... I knew that .... I saw him in the dollar store,54,0,lol ... i knew that .... i saw him in the dollar store
spam,Todays Voda numbers ending with 7634 are selected to receive a £350 reward. If you have a match please call 08712300220 quoting claim code 7684 standard rates apply.,165,1,todays voda numbers ending with 7634 are selected to receive a £350 reward. if you have a match please call 08712300220 quoting claim code 7684 standard rates apply.
ham,Only saturday and sunday holiday so its very difficult:),56,0,only saturday and sunday holiday so its very difficult:)
ham,Everybody had fun this evening. Miss you.,41,0,everybody had fun this evening. miss you.
ham,"Got hella gas money, want to go on a grand nature adventure with galileo in a little bit?",89,0,"got hella gas money, want to go on a grand nature adventure with galileo in a little bit?"
ham,Oh wow thats gay. Will firmware update help,43,0,oh wow thats gay. will firmware update help
ham,These won't do. Have to move on to morphine,43,0,these won't do. have to move on to morphine
ham,How come i din c ü... Yup i cut my hair...,42,0,how come i din c ü... yup i cut my hair...
ham,K k pa Had your lunch aha.,26,0,k k pa had your lunch aha.
ham,Captain vijaykanth is doing comedy in captain tv..he is drunken :),66,0,captain vijaykanth is doing comedy in captain tv..he is drunken :)
ham,Of course. I guess god's just got me on hold right now.,55,0,of course. i guess god's just got me on hold right now.
ham,Do you hide anythiing or keeping distance from me,49,0,do you hide anythiing or keeping distance from me
ham,Havent.,7,0,havent.
spam,You are being ripped off! Get your mobile content from www.clubmoby.com call 08717509990 poly/true/Pix/Ringtones/Games six downloads for only 3,143,1,you are being ripped off! get your mobile content from www.clubmoby.com call 08717509990 poly/true/pix/ringtones/games six downloads for only 3
ham,Sorry i din lock my keypad.,27,0,sorry i din lock my keypad.
ham,Are you planning to come chennai?,33,0,are you planning to come chennai?
spam,We tried to contact you re your reply to our offer of a Video Phone 750 anytime any network mins Half Price Line Rental Camcorder Reply or call 08000930705,155,1,we tried to contact you re your reply to our offer of a video phone 750 anytime any network mins half price line rental camcorder reply or call 08000930705
ham,God created gap btwn ur fingers so dat sum1 vry special will fill those gaps by holding ur hands.. Now plz dont ask y he created so much gap between legs !!!,157,0,god created gap btwn ur fingers so dat sum1 vry special will fill those gaps by holding ur hands.. now plz dont ask y he created so much gap between legs !!!
ham,We are okay. Going to sleep now. Later,38,0,we are okay. going to sleep now. later
ham,"Finally it has happened..! Aftr decades..! BEER is now cheaper than PETROL! The goverment expects us to ""DRINK"". . . But don't ""DRIVE """,135,0,"finally it has happened..! aftr decades..! beer is now cheaper than petrol! the goverment expects us to ""drink"". . . but don't ""drive """
spam,A £400 XMAS REWARD IS WAITING FOR YOU! Our computer has randomly picked you from our loyal mobile customers to receive a £400 reward. Just call 09066380611 ,156,1,a £400 xmas reward is waiting for you! our computer has randomly picked you from our loyal mobile customers to receive a £400 reward. just call 09066380611 
ham,Where r e meeting tmr?,22,0,where r e meeting tmr?
ham,Lol yes. But it will add some spice to your day.,48,0,lol yes. but it will add some spice to your day.
ham,Our Prasanth ettans mother passed away last night. Just pray for her and family.,80,0,our prasanth ettans mother passed away last night. just pray for her and family.
ham,"K, I'll work something out",26,0,"k, i'll work something out"
spam,PRIVATE! Your 2003 Account Statement for shows 800 un-redeemed S. I. M. points. Call 08718738002 Identifier Code: 48922 Expires 21/11/04,136,1,private! your 2003 account statement for shows 800 un-redeemed s. i. m. points. call 08718738002 identifier code: 48922 expires 21/11/04
ham,This message is from a great Doctor in India:-): 1) Do not drink APPY FIZZ. It contains Cancer causing age,106,0,this message is from a great doctor in india:-): 1) do not drink appy fizz. it contains cancer causing age
ham,You call him and tell now infront of them. Call him now.,56,0,you call him and tell now infront of them. call him now.
ham,Ok no prob...,13,0,ok no prob...
ham,Ladies first and genus second k .,33,0,ladies first and genus second k .
ham,No. Yes please. Been swimming?,30,0,no. yes please. been swimming?
ham,Mum not going robinson already.,31,0,mum not going robinson already.
ham,Ok set let u noe e details later...,35,0,ok set let u noe e details later...
ham,Not..tel software name..,24,0,not..tel software name..
ham,I send the print  outs da.,26,0,i send the print  outs da.
ham,IM REALY SOZ IMAT MY MUMS 2NITE WHAT ABOUT 2MORO ,49,0,im realy soz imat my mums 2nite what about 2moro 
ham,"When I was born, GOD said, ""Oh No! Another IDIOT"". When you were born, GOD said, ""OH No! COMPETITION"". Who knew, one day these two will become FREINDS FOREVER!",159,0,"when i was born, god said, ""oh no! another idiot"". when you were born, god said, ""oh no! competition"". who knew, one day these two will become freinds forever!"
ham,"I didnt get ur full msg..sometext is missing, send it again",59,0,"i didnt get ur full msg..sometext is missing, send it again"
ham,"Probably not, I'm almost out of gas and I get some cash tomorrow",64,0,"probably not, i'm almost out of gas and i get some cash tomorrow"
spam,"Customer service announcement. We recently tried to make a delivery to you but were unable to do so, please call 07099833605 to re-schedule. Ref:9280114",152,1,"customer service announcement. we recently tried to make a delivery to you but were unable to do so, please call 07099833605 to re-schedule. ref:9280114"
ham,I forgot 2 ask ü all smth.. There's a card on da present lei... How? Ü all want 2 write smth or sign on it?,107,0,i forgot 2 ask ü all smth.. there's a card on da present lei... how? ü all want 2 write smth or sign on it?
ham,I'm leaving my house now.,25,0,i'm leaving my house now.
spam,"Hi babe its Chloe, how r u? I was smashed on saturday night, it was great! How was your weekend? U been missing me? SP visionsms.com Text stop to stop 150p/text",160,1,"hi babe its chloe, how r u? i was smashed on saturday night, it was great! how was your weekend? u been missing me? sp visionsms.com text stop to stop 150p/text"
ham,Ü ready then call me...,23,0,ü ready then call me...
ham,Wewa is 130. Iriver 255. All 128 mb.,36,0,wewa is 130. iriver 255. all 128 mb.
ham,It is a good thing I'm now getting the connection to bw,55,0,it is a good thing i'm now getting the connection to bw
ham,Sry da..jst nw only i came to home..,36,0,sry da..jst nw only i came to home..
ham,"That's cool he'll be here all night, lemme know when you're around",66,0,"that's cool he'll be here all night, lemme know when you're around"
ham,Are you staying in town ?,25,0,are you staying in town ?
ham,"Haha yeah, 2 oz is kind of a shitload",37,0,"haha yeah, 2 oz is kind of a shitload"
ham,Ok u can take me shopping when u get paid =D,44,0,ok u can take me shopping when u get paid =d
ham,"Alright we'll bring it to you, see you in like  &lt;#&gt;  mins",63,0,"alright we'll bring it to you, see you in like  &lt;#&gt;  mins"
ham,But pls dont play in others life.,33,0,but pls dont play in others life.
ham,Eatin my lunch...,17,0,eatin my lunch...
ham,Hmmm.but you should give it on one day..,40,0,hmmm.but you should give it on one day..
ham,"Didn't try, g and I decided not to head out",43,0,"didn't try, g and i decided not to head out"
ham,Ok no prob,10,0,ok no prob
ham,Surly ill give it to you:-) while coming to review.,51,0,surly ill give it to you:-) while coming to review.
ham,"By march ending, i should be ready. But will call you for sure. The problem is that my capital never complete. How far with you. How's work and the ladies",154,0,"by march ending, i should be ready. but will call you for sure. the problem is that my capital never complete. how far with you. how's work and the ladies"
ham,Pls give her the food preferably pap very slowly with loads of sugar. You can take up to an hour to give it. And then some water. Very very slowly.,147,0,pls give her the food preferably pap very slowly with loads of sugar. you can take up to an hour to give it. and then some water. very very slowly.
spam,"URGENT! Your Mobile No 07808726822 was awarded a £2,000 Bonus Caller Prize on 02/09/03! This is our 2nd attempt to contact YOU! Call 0871-872-9758 BOX95QU",154,1,"urgent! your mobile no 07808726822 was awarded a £2,000 bonus caller prize on 02/09/03! this is our 2nd attempt to contact you! call 0871-872-9758 box95qu"
ham,A guy who gets used but is too dumb to realize it.,50,0,a guy who gets used but is too dumb to realize it.
ham,"Okey dokey, i‘ll be over in a bit just sorting some stuff out.",62,0,"okey dokey, i‘ll be over in a bit just sorting some stuff out."
ham,Yes fine ,9,0,yes fine 
ham,I liked the new mobile,22,0,i liked the new mobile
ham,Anytime...,10,0,anytime...
ham,Mmmmmmm *snuggles into you* ...*deep contented sigh* ... *whispers* ... I fucking love you so much I can barely stand it ...,124,0,mmmmmmm *snuggles into you* ...*deep contented sigh* ... *whispers* ... i fucking love you so much i can barely stand it ...
ham,Yar but they say got some error.,32,0,yar but they say got some error.
ham,Hey anyway i have to :-),24,0,hey anyway i have to :-)
ham,Wow so healthy. Old airport rd lor. Cant thk of anything else. But i'll b bathing my dog later.,95,0,wow so healthy. old airport rd lor. cant thk of anything else. but i'll b bathing my dog later.
ham,Wif my family booking tour package.,35,0,wif my family booking tour package.
ham,"Did you say bold, then torch later. Or one torch and 2bold?",59,0,"did you say bold, then torch later. or one torch and 2bold?"
ham,"Haha awesome, I might need to take you up on that, what you doin tonight?",73,0,"haha awesome, i might need to take you up on that, what you doin tonight?"
ham,Ya i knw u vl giv..its ok thanks kano..anyway enjoy wit ur family wit 1st salary..:-);-),88,0,ya i knw u vl giv..its ok thanks kano..anyway enjoy wit ur family wit 1st salary..:-);-)
ham,Huh so slow i tot u reach long ago liao... U 2 more days only i 4 more leh...,77,0,huh so slow i tot u reach long ago liao... u 2 more days only i 4 more leh...
ham,Thats cool princess! I will cover your face in hot sticky cum :),64,0,thats cool princess! i will cover your face in hot sticky cum :)
ham,Big brother‘s really scraped the barrel with this shower of social misfits,74,0,big brother‘s really scraped the barrel with this shower of social misfits
ham,Oops i thk i dun haf enuff... I go check then tell ü..,54,0,oops i thk i dun haf enuff... i go check then tell ü..
ham,S:)8 min to go for lunch:),26,0,s:)8 min to go for lunch:)
ham,"Hey. What happened? U switch off ur cell d whole day. This isnt good. Now if u do care, give me a call tomorrow.",112,0,"hey. what happened? u switch off ur cell d whole day. this isnt good. now if u do care, give me a call tomorrow."
ham,"K will do, addie &amp; I are doing some art so I'll be here when you get home",77,0,"k will do, addie &amp; i are doing some art so i'll be here when you get home"
ham,"Aiyo... Her lesson so early... I'm still sleepin, haha... Okie, u go home liao den confirm w me lor...",102,0,"aiyo... her lesson so early... i'm still sleepin, haha... okie, u go home liao den confirm w me lor..."
ham,Forgot to tell ü smth.. Can ü like number the sections so that it's clearer..,77,0,forgot to tell ü smth.. can ü like number the sections so that it's clearer..
ham,"Yup. Anything lor, if u dun wan it's ok...",42,0,"yup. anything lor, if u dun wan it's ok..."
ham,"I'm home, my love ... If your still awake ... *loving kiss*",59,0,"i'm home, my love ... if your still awake ... *loving kiss*"
ham,HELLO PEACH! MY CAKE TASTS LUSH!,32,0,hello peach! my cake tasts lush!
spam,"FREE GAME. Get Rayman Golf 4 FREE from the O2 Games Arcade. 1st get UR games settings. Reply POST, then save & activ8. Press 0 key for Arcade. Termsapply",153,1,"free game. get rayman golf 4 free from the o2 games arcade. 1st get ur games settings. reply post, then save & activ8. press 0 key for arcade. termsapply"
ham,"There'll be a minor shindig at my place later tonight, you interested?",70,0,"there'll be a minor shindig at my place later tonight, you interested?"
ham,Jason says it's cool if we pick some up from his place in like an hour,70,0,jason says it's cool if we pick some up from his place in like an hour
spam,"Had your mobile 10 mths? Update to the latest Camera/Video phones for FREE. KEEP UR SAME NUMBER, Get extra free mins/texts. Text YES for a call",143,1,"had your mobile 10 mths? update to the latest camera/video phones for free. keep ur same number, get extra free mins/texts. text yes for a call"
ham,I (Career Tel) have added u as a contact on INDYAROCKS.COM to send FREE SMS. To remove from phonebook - sms NO to  &lt;#&gt;,124,0,i (career tel) have added u as a contact on indyarocks.com to send free sms. to remove from phonebook - sms no to  &lt;#&gt;
ham,I've reached already.,21,0,i've reached already.
ham,I dont know ask to my brother. Nothing problem some thing that. Just i told .,77,0,i dont know ask to my brother. nothing problem some thing that. just i told .
ham,K:)eng rocking in ashes:),25,0,k:)eng rocking in ashes:)
ham,Wat time r ü going to xin's hostel?,35,0,wat time r ü going to xin's hostel?
ham,Good Morning my Dear Shijutta........... Have a great &amp; successful day.,75,0,good morning my dear shijutta........... have a great &amp; successful day.
ham,Oh k:)after that placement there ah?,36,0,oh k:)after that placement there ah?
ham,"Not for possession, especially not first offense",48,0,"not for possession, especially not first offense"
ham,"Nt only for driving even for many reasons she is called BBD..thts it chikku, then hw abt dvg cold..heard tht vinobanagar violence hw is the condition..and hw ru ? Any problem?",175,0,"nt only for driving even for many reasons she is called bbd..thts it chikku, then hw abt dvg cold..heard tht vinobanagar violence hw is the condition..and hw ru ? any problem?"
ham,I bought the test yesterday. Its something that lets you know the exact day u ovulate.when will get 2u in about 2 to 3wks. But pls pls dont fret. I know u r worried. Pls relax. Also is there anything in ur past history u need to tell me?,237,0,i bought the test yesterday. its something that lets you know the exact day u ovulate.when will get 2u in about 2 to 3wks. but pls pls dont fret. i know u r worried. pls relax. also is there anything in ur past history u need to tell me?
ham,We have pizza if u want,23,0,we have pizza if u want
ham,"I keep seeing weird shit and bein all ""woah"" then realising it's actually reasonable and I'm all ""oh""",101,0,"i keep seeing weird shit and bein all ""woah"" then realising it's actually reasonable and i'm all ""oh"""
ham,Many more happy returns of the day. I wish you happy birthday.,62,0,many more happy returns of the day. i wish you happy birthday.
ham,Thinking of u ;) x,18,0,thinking of u ;) x
ham,Orh i tot u say she now still dun believe.,42,0,orh i tot u say she now still dun believe.
ham,"When you just put in the + sign, choose my number and the pin will show. Right?",79,0,"when you just put in the + sign, choose my number and the pin will show. right?"
ham,The beauty of life is in next second.. which hides thousands of secrets. I wish every second will be wonderful in ur life...!! gud n8,133,0,the beauty of life is in next second.. which hides thousands of secrets. i wish every second will be wonderful in ur life...!! gud n8
ham,Thanx u darlin!im cool thanx. A few bday drinks 2 nite. 2morrow off! Take care c u soon.xxx,91,0,thanx u darlin!im cool thanx. a few bday drinks 2 nite. 2morrow off! take care c u soon.xxx
ham,"If you're still up, maybe leave the credit card so I can get gas when I get back like he told me to",99,0,"if you're still up, maybe leave the credit card so i can get gas when i get back like he told me to"
spam,Your weekly Cool-Mob tones are ready to download !This weeks new Tones include: 1) Crazy Frog-AXEL F>>> 2) Akon-Lonely>>> 3) Black Eyed-Dont P >>>More info in n,160,1,your weekly cool-mob tones are ready to download !this weeks new tones include: 1) crazy frog-axel f>>> 2) akon-lonely>>> 3) black eyed-dont p >>>more info in n
ham,Well boy am I glad G wasted all night at applebees for nothing,62,0,well boy am i glad g wasted all night at applebees for nothing
spam,Cashbin.co.uk (Get lots of cash this weekend!) www.cashbin.co.uk Dear Welcome to the weekend We have got our biggest and best EVER cash give away!! These..,155,1,cashbin.co.uk (get lots of cash this weekend!) www.cashbin.co.uk dear welcome to the weekend we have got our biggest and best ever cash give away!! these..
ham,Ok lor... Or u wan me go look 4 u?,34,0,ok lor... or u wan me go look 4 u?
ham,U wan 2 haf lunch i'm in da canteen now.,40,0,u wan 2 haf lunch i'm in da canteen now.
ham,Don't make life too stressfull.. Always find time to Laugh.. It may not add years to your Life! But surely adds more life to ur years!! Gud ni8..swt dreams..,157,0,don't make life too stressfull.. always find time to laugh.. it may not add years to your life! but surely adds more life to ur years!! gud ni8..swt dreams..
ham,"hey, looks like I was wrong and one of the kappa guys numbers is still on my phone, if you want I can text him and see if he's around",133,0,"hey, looks like i was wrong and one of the kappa guys numbers is still on my phone, if you want i can text him and see if he's around"
spam,Thanks 4 your continued support Your question this week will enter u in2 our draw 4 £100 cash. Name the NEW US President? txt ans to 80082,138,1,thanks 4 your continued support your question this week will enter u in2 our draw 4 £100 cash. name the new us president? txt ans to 80082
ham,I'm home. Doc gave me pain meds says everything is fine.,56,0,i'm home. doc gave me pain meds says everything is fine.
ham,It's é only $140 ard...É rest all ard $180 at least...Which is é price 4 é 2 bedrm ($900),89,0,it's é only $140 ard...é rest all ard $180 at least...which is é price 4 é 2 bedrm ($900)
ham,Me too! Have a lovely night xxx,31,0,me too! have a lovely night xxx
ham,Prepare to be pleasured :),26,0,prepare to be pleasured :)
ham,Hi.:)technical support.providing assistance to us customer through call and email:),83,0,hi.:)technical support.providing assistance to us customer through call and email:)
ham,if you text on your way to cup stop that should work. And that should be BUS,76,0,if you text on your way to cup stop that should work. and that should be bus
ham,Whens your radio show?,22,0,whens your radio show?
spam,Your unique user ID is 1172. For removal send STOP to 87239 customer services 08708034412,89,1,your unique user id is 1172. for removal send stop to 87239 customer services 08708034412
ham,I'm not sure if its still available though,42,0,i'm not sure if its still available though
ham,watever reLation u built up in dis world only thing which remains atlast iz lonlines with lotz n lot memories! feeling..,120,0,watever relation u built up in dis world only thing which remains atlast iz lonlines with lotz n lot memories! feeling..
ham,CHEERS LOU! YEAH WAS A GOODNITE SHAME U NEVA CAME! C YA GAILxx,62,0,cheers lou! yeah was a goodnite shame u neva came! c ya gailxx
ham,Hi..i got the money da:),24,0,hi..i got the money da:)
ham,Ok then u tell me wat time u coming later lor.,46,0,ok then u tell me wat time u coming later lor.
ham,U repeat e instructions again. Wat's e road name of ur house?,61,0,u repeat e instructions again. wat's e road name of ur house?
ham,Quite lor. But dun tell him wait he get complacent...,53,0,quite lor. but dun tell him wait he get complacent...
ham,Sorry completely forgot * will pop em round this week if your still here?,73,0,sorry completely forgot * will pop em round this week if your still here?
ham,U R THE MOST BEAUTIFUL GIRL IVE EVER SEEN. U R MY BABY COME AND C ME IN THE COMMON ROOM,87,0,u r the most beautiful girl ive ever seen. u r my baby come and c me in the common room
ham,O we cant see if we can join denis and mina? Or does denis want alone time,74,0,o we cant see if we can join denis and mina? or does denis want alone time
ham,Sen told that he is going to join his uncle finance in cbe,58,0,sen told that he is going to join his uncle finance in cbe
ham,Yup... Hey then one day on fri we can ask miwa and jiayin take leave go karaoke ,80,0,yup... hey then one day on fri we can ask miwa and jiayin take leave go karaoke 
ham,"Call me, i am senthil from hsbc.",32,0,"call me, i am senthil from hsbc."
ham,"Especially since i talk about boston all up in my personal statement, lol! I woulda changed that if i had realized it said nyc! It says boston now.",147,0,"especially since i talk about boston all up in my personal statement, lol! i woulda changed that if i had realized it said nyc! it says boston now."
ham,Indeed and by the way it was either or - not both !,51,0,indeed and by the way it was either or - not both !
spam,"Urgent -call 09066649731from Landline. Your complimentary 4* Ibiza Holiday or £10,000 cash await collection SAE T&Cs PO BOX 434 SK3 8WP 150ppm 18+",146,1,"urgent -call 09066649731from landline. your complimentary 4* ibiza holiday or £10,000 cash await collection sae t&cs po box 434 sk3 8wp 150ppm 18+"
ham,Holy living christ what is taking you so long,45,0,holy living christ what is taking you so long
ham,Ü thk of wat to eat tonight.,28,0,ü thk of wat to eat tonight.
ham,"Thanx. Yup we coming back on sun. Finish dinner going back 2 hotel now. Time flies, we're tog 4 exactly a mth today. Hope we'll haf many more mths to come...",157,0,"thanx. yup we coming back on sun. finish dinner going back 2 hotel now. time flies, we're tog 4 exactly a mth today. hope we'll haf many more mths to come..."
ham,We're on the opposite side from where we dropped you off,56,0,we're on the opposite side from where we dropped you off
ham,Yup. Izzit still raining heavily cos i'm in e mrt i can't c outside.,68,0,yup. izzit still raining heavily cos i'm in e mrt i can't c outside.
ham,Send me your resume:-),22,0,send me your resume:-)
ham,Gd luck 4 ur exams :-),22,0,gd luck 4 ur exams :-)
ham,Or u ask they all if next sat can a not. If all of them can make it then i'm ok lor.,84,0,or u ask they all if next sat can a not. if all of them can make it then i'm ok lor.
ham,Sorry that was my uncle. I.ll keep in touch,43,0,sorry that was my uncle. i.ll keep in touch
ham,Saw Guys and Dolls last night with Patrick Swayze it was great,62,0,saw guys and dolls last night with patrick swayze it was great
spam,URGENT This is our 2nd attempt to contact U. Your £900 prize from YESTERDAY is still awaiting collection. To claim CALL NOW 09061702893,135,1,urgent this is our 2nd attempt to contact u. your £900 prize from yesterday is still awaiting collection. to claim call now 09061702893
spam,Santa calling! Would your little ones like a call from Santa Xmas Eve? Call 09077818151 to book you time. Calls1.50ppm last 3mins 30s T&C www.santacalling.com,158,1,santa calling! would your little ones like a call from santa xmas eve? call 09077818151 to book you time. calls1.50ppm last 3mins 30s t&c www.santacalling.com
ham,Just come home. I don't want u to be miserable,46,0,just come home. i don't want u to be miserable
ham,I dont know why she.s not getting your messages,47,0,i dont know why she.s not getting your messages
ham,"its cool but tyler had to take off so we're gonna buy for him and drop it off at his place later tonight. Our total order is a quarter, you got enough?",151,0,"its cool but tyler had to take off so we're gonna buy for him and drop it off at his place later tonight. our total order is a quarter, you got enough?"
ham,"The guy at the car shop who was flirting with me got my phone number from the paperwork and called and texted me. I'm nervous because of course now he may have my address. Should i call his boss and tell him, knowing this may get him fired?",240,0,"the guy at the car shop who was flirting with me got my phone number from the paperwork and called and texted me. i'm nervous because of course now he may have my address. should i call his boss and tell him, knowing this may get him fired?"
ham,How do you plan to manage that,30,0,how do you plan to manage that
ham,"Er, hello, things didn‘t quite go to plan – is limping slowly home followed by aa and with exhaust hanging off",110,0,"er, hello, things didn‘t quite go to plan – is limping slowly home followed by aa and with exhaust hanging off"
ham,Sorry for the delay. Yes masters,32,0,sorry for the delay. yes masters
ham,Call me when u finish then i come n pick u.,43,0,call me when u finish then i come n pick u.
spam,PRIVATE! Your 2004 Account Statement for 078498****7 shows 786 unredeemed Bonus Points. To claim call 08719180219 Identifier Code: 45239 Expires 06.05.05,153,1,private! your 2004 account statement for 078498****7 shows 786 unredeemed bonus points. to claim call 08719180219 identifier code: 45239 expires 06.05.05
ham,What's up my own oga. Left my phone at home and just saw ur messages. Hope you are good. Have a great weekend.,110,0,what's up my own oga. left my phone at home and just saw ur messages. hope you are good. have a great weekend.
ham,"Don't worry though, I understand how important it is that I be put in my place with a poorly thought out punishment in the face of the worst thing that has ever happened to me. Brb gonna go kill myself",201,0,"don't worry though, i understand how important it is that i be put in my place with a poorly thought out punishment in the face of the worst thing that has ever happened to me. brb gonna go kill myself"
ham,"Honey, can you pls find out how much they sell Predicte in Nigeria. And how many times can it be used. Its very important to have a reply before monday",151,0,"honey, can you pls find out how much they sell predicte in nigeria. and how many times can it be used. its very important to have a reply before monday"
ham,E admin building there? I might b slightly earlier... I'll call u when i'm reaching...,86,0,e admin building there? i might b slightly earlier... i'll call u when i'm reaching...
ham,"fyi I'm at usf now, swing by the room whenever",46,0,"fyi i'm at usf now, swing by the room whenever"
ham,i can call in  &lt;#&gt;  min if thats ok,41,0,i can call in  &lt;#&gt;  min if thats ok
ham,Ü no home work to do meh... ,28,0,ü no home work to do meh... 
ham,Anything is valuable in only 2 situations: First- Before getting it... Second- After loosing it...,98,0,anything is valuable in only 2 situations: first- before getting it... second- after loosing it...
ham,Me too. Mark is taking forever to pick up my prescription and the pain is coming back.,86,0,me too. mark is taking forever to pick up my prescription and the pain is coming back.
ham,How's ur paper?,15,0,how's ur paper?
ham,Got smaller capacity one? Quite ex...,37,0,got smaller capacity one? quite ex...
spam,Check Out Choose Your Babe Videos @ sms.shsex.netUN fgkslpoPW fgkslpo,69,1,check out choose your babe videos @ sms.shsex.netun fgkslpopw fgkslpo
ham,Im good! I have been thinking about you...,42,0,im good! i have been thinking about you...
spam,u r a winner U ave been specially selected 2 receive £1000 cash or a 4* holiday (flights inc) speak to a live operator 2 claim 0871277810710p/min (18 ),151,1,u r a winner u ave been specially selected 2 receive £1000 cash or a 4* holiday (flights inc) speak to a live operator 2 claim 0871277810710p/min (18 )
ham,:-) :-),7,0,:-) :-)
ham,Not thought bout it... || Drink in tap & spile at seven. || Is that pub on gas st off broad st by canal. || Ok?,111,0,not thought bout it... || drink in tap & spile at seven. || is that pub on gas st off broad st by canal. || ok?
ham,I am going to sleep. I am tired of travel.,42,0,i am going to sleep. i am tired of travel.
ham,"Haha, just what I was thinkin",29,0,"haha, just what i was thinkin"
ham,Yup but it's not giving me problems now so mayb i'll jus leave it...,68,0,yup but it's not giving me problems now so mayb i'll jus leave it...
ham,Lol no. Just trying to make your day a little more interesting,62,0,lol no. just trying to make your day a little more interesting
ham,"How long before you get reply, just defer admission til next semester",69,0,"how long before you get reply, just defer admission til next semester"
ham,"The word ""Checkmate"" in chess comes from the Persian phrase ""Shah Maat"" which means; ""the king is dead.."" Goodmorning.. Have a good day..:)",139,0,"the word ""checkmate"" in chess comes from the persian phrase ""shah maat"" which means; ""the king is dead.."" goodmorning.. have a good day..:)"
ham,Po de :-):):-):-):-). No need job aha.,38,0,po de :-):):-):-):-). no need job aha.
ham,Rats. Hey did u ever vote for the next themes?,46,0,rats. hey did u ever vote for the next themes?
spam,"New Mobiles from 2004, MUST GO! Txt: NOKIA to No: 89545 & collect yours today! From ONLY £1. www.4-tc.biz 2optout 087187262701.50gbp/mtmsg18 TXTAUCTION.",152,1,"new mobiles from 2004, must go! txt: nokia to no: 89545 & collect yours today! from only £1. www.4-tc.biz 2optout 087187262701.50gbp/mtmsg18 txtauction."
ham,I hope your pee burns tonite.,29,0,i hope your pee burns tonite.
ham,"OH RITE. WELL IM WITH MY BEST MATE PETE, WHO I WENT OUT WITH 4 A WEEK+ NOW WERE 2GEVA AGAIN. ITS BEEN LONGER THAN A WEEK.",121,0,"oh rite. well im with my best mate pete, who i went out with 4 a week+ now were 2geva again. its been longer than a week."
ham,Yay can't wait to party together!,33,0,yay can't wait to party together!
ham,....photoshop makes my computer shut down.,42,0,....photoshop makes my computer shut down.
ham,All boys made fun of me today. Ok i have no problem. I just sent one message just for fun,89,0,all boys made fun of me today. ok i have no problem. i just sent one message just for fun
ham,That's one of the issues but california is okay. No snow so its manageable,74,0,that's one of the issues but california is okay. no snow so its manageable
spam,PRIVATE! Your 2003 Account Statement for shows 800 un-redeemed S. I. M. points. Call 08715203652 Identifier Code: 42810 Expires 29/10/0,135,1,private! your 2003 account statement for shows 800 un-redeemed s. i. m. points. call 08715203652 identifier code: 42810 expires 29/10/0
ham,"Hmmm.... Mayb can try e shoppin area one, but forgot e name of hotel...",71,0,"hmmm.... mayb can try e shoppin area one, but forgot e name of hotel..."
ham,"Awesome, that gonna be soon or later tonight?",45,0,"awesome, that gonna be soon or later tonight?"
ham,I need details about that online job.,37,0,i need details about that online job.
spam,YOU HAVE WON! As a valued Vodafone customer our computer has picked YOU to win a £150 prize. To collect is easy. Just call 09061743386 ,135,1,you have won! as a valued vodafone customer our computer has picked you to win a £150 prize. to collect is easy. just call 09061743386 
ham,Missing you too.pray inshah allah,33,0,missing you too.pray inshah allah
ham,Pls help me tell Ashley that i cant find her number oh,54,0,pls help me tell ashley that i cant find her number oh
ham,S.this will increase the chance of winning.,43,0,s.this will increase the chance of winning.
ham,either way works for me. I am  &lt;#&gt;  years old. Hope that doesnt bother you.,81,0,either way works for me. i am  &lt;#&gt;  years old. hope that doesnt bother you.
ham,Maybe you should find something else to do instead???,53,0,maybe you should find something else to do instead???
ham,Gain the rights of a wife.dont demand it.i am trying as husband too.Lets see,76,0,gain the rights of a wife.dont demand it.i am trying as husband too.lets see
ham,I liked your new house,22,0,i liked your new house
ham,I'm fine. Hope you are also,27,0,i'm fine. hope you are also
ham,"Also north carolina and texas atm, you would just go to the gre site and pay for the test results to be sent.",109,0,"also north carolina and texas atm, you would just go to the gre site and pay for the test results to be sent."
ham,Same to u...,12,0,same to u...
ham,yes baby! I need to stretch open your pussy!,44,0,yes baby! i need to stretch open your pussy!
ham,Thanks  and ! Or bomb and date as my phone wanted to say! ,58,0,thanks  and ! or bomb and date as my phone wanted to say! 
ham,"Hey, a guy I know is breathing down my neck to get him some bud, anyway you'd be able to get a half track to usf tonight?",121,0,"hey, a guy i know is breathing down my neck to get him some bud, anyway you'd be able to get a half track to usf tonight?"
ham,"Response is one of d powerful weapon 2 occupy a place in others 'HEART'... So, always give response 2 who cares 4 U""... Gud night..swt dreams..take care",152,0,"response is one of d powerful weapon 2 occupy a place in others 'heart'... so, always give response 2 who cares 4 u""... gud night..swt dreams..take care"
ham,Nokia phone is lovly..,22,0,nokia phone is lovly..
spam,**FREE MESSAGE**Thanks for using the Auction Subscription Service. 18 . 150p/MSGRCVD 2 Skip an Auction txt OUT. 2 Unsubscribe txt STOP CustomerCare 08718726270,159,1,**free message**thanks for using the auction subscription service. 18 . 150p/msgrcvd 2 skip an auction txt out. 2 unsubscribe txt stop customercare 08718726270
ham,Sorry da..today i wont come to play..i have driving clas..,58,0,sorry da..today i wont come to play..i have driving clas..
ham,I'm really sorry I lit your hair on fire,40,0,i'm really sorry i lit your hair on fire
ham,"Oh! Shit, I thought that was your trip! Loooooool ... That just makes SO much more sense now ... *grins* and the sofa reference was ... The ""sleep on a couch"" link you sent me ... Wasn't that how you went on your trip ? Oh ... And didn't your babe go with you for that celebration with your rents?",297,0,"oh! shit, i thought that was your trip! loooooool ... that just makes so much more sense now ... *grins* and the sofa reference was ... the ""sleep on a couch"" link you sent me ... wasn't that how you went on your trip ? oh ... and didn't your babe go with you for that celebration with your rents?"
ham,Okey dokey swashbuckling stuff what oh.,39,0,okey dokey swashbuckling stuff what oh.
ham,1. Tension face 2. Smiling face 3. Waste face 4. Innocent face 5.Terror face 6.Cruel face 7.Romantic face 8.Lovable face 9.decent face  &lt;#&gt; .joker face.,158,0,1. tension face 2. smiling face 3. waste face 4. innocent face 5.terror face 6.cruel face 7.romantic face 8.lovable face 9.decent face  &lt;#&gt; .joker face.
ham,Dip's cell dead. So i m coming with him. U better respond else we shall come back.,82,0,dip's cell dead. so i m coming with him. u better respond else we shall come back.
ham,Well. You know what i mean. Texting,35,0,well. you know what i mean. texting
ham,Hi dis is yijue i would be happy to work wif ü all for gek1510...,65,0,hi dis is yijue i would be happy to work wif ü all for gek1510...
ham,Lol! Oops sorry! Have fun. ,27,0,lol! oops sorry! have fun. 
ham,Wat happened to the cruise thing,32,0,wat happened to the cruise thing
ham,"I know dat feelin had it with Pete! Wuld get with em , nuther place nuther time mayb?",85,0,"i know dat feelin had it with pete! wuld get with em , nuther place nuther time mayb?"
spam,lyricalladie(21/F) is inviting you to be her friend. Reply YES-910 or NO-910. See her: www.SMS.ac/u/hmmross STOP? Send STOP FRND to 62468,137,1,lyricalladie(21/f) is inviting you to be her friend. reply yes-910 or no-910. see her: www.sms.ac/u/hmmross stop? send stop frnd to 62468
ham,The world's most happiest frnds never have the same characters... Dey just have the best understanding of their differences...,126,0,the world's most happiest frnds never have the same characters... dey just have the best understanding of their differences...
ham,Yeah just open chat and click friend lists. Then make the list. Easy as pie,75,0,yeah just open chat and click friend lists. then make the list. easy as pie
ham,alright tyler's got a minor crisis and has to be home sooner than he thought so be here asap,92,0,alright tyler's got a minor crisis and has to be home sooner than he thought so be here asap
ham,When/where do I pick you up,27,0,when/where do i pick you up
ham,As usual u can call me ard 10 smth.,35,0,as usual u can call me ard 10 smth.
ham,For many things its an antibiotic and it can be used for chest abdomen and gynae infections even bone infections.,113,0,for many things its an antibiotic and it can be used for chest abdomen and gynae infections even bone infections.
ham,Poor girl can't go one day lmao,31,0,poor girl can't go one day lmao
ham,Or just do that 6times,22,0,or just do that 6times
ham,You have to pls make a note of all she.s exposed to. Also find out from her school if anyone else was vomiting. Is there a dog or cat in the house? Let me know later.,166,0,you have to pls make a note of all she.s exposed to. also find out from her school if anyone else was vomiting. is there a dog or cat in the house? let me know later.
ham,Sounds like there could be a lot of time spent in that chastity device boy ... *grins* ... Or take your beatings like a good dog. Going to lounge in a nice long bath now ?,171,0,sounds like there could be a lot of time spent in that chastity device boy ... *grins* ... or take your beatings like a good dog. going to lounge in a nice long bath now ?
ham,Its worse if if uses half way then stops. Its better for him to complete it.,76,0,its worse if if uses half way then stops. its better for him to complete it.
ham,Miserable. They don't tell u that the side effects of birth control are massive gut wrenching cramps for the first 2 months. I didn't sleep at all last night.,158,0,miserable. they don't tell u that the side effects of birth control are massive gut wrenching cramps for the first 2 months. i didn't sleep at all last night.
ham,Send me the new number,22,0,send me the new number
spam,Want the latest Video handset? 750 anytime any network mins? Half price line rental? Reply or call 08000930705 for delivery tomorrow,132,1,want the latest video handset? 750 anytime any network mins? half price line rental? reply or call 08000930705 for delivery tomorrow
ham,2 and half years i missed your friendship:-),44,0,2 and half years i missed your friendship:-)
ham,Oh for fuck's sake she's in like tallahassee,44,0,oh for fuck's sake she's in like tallahassee
ham,"Haha, that was the first person I was gonna ask",47,0,"haha, that was the first person i was gonna ask"
spam,"ou are guaranteed the latest Nokia Phone, a 40GB iPod MP3 player or a £500 prize! Txt word: COLLECT to No: 83355! IBHltd LdnW15H 150p/Mtmsgrcvd18",145,1,"ou are guaranteed the latest nokia phone, a 40gb ipod mp3 player or a £500 prize! txt word: collect to no: 83355! ibhltd ldnw15h 150p/mtmsgrcvd18"
ham,Taka lor. Wat time u wan 2 come n look 4 us?,44,0,taka lor. wat time u wan 2 come n look 4 us?
spam,* FREE* POLYPHONIC RINGTONE Text SUPER to 87131 to get your FREE POLY TONE of the week now! 16 SN PoBox202 NR31 7ZS subscription 450pw,134,1,* free* polyphonic ringtone text super to 87131 to get your free poly tone of the week now! 16 sn pobox202 nr31 7zs subscription 450pw
ham,I;m reaching in another 2 stops.,32,0,i;m reaching in another 2 stops.
ham,"no, i *didn't* mean to post it. I wrote it, and like so many other times i've ritten stuff to you, i let it sit there. it WAS what i was feeling at the time. I was angry. Before i left, i hit send, then stop. It wasn't there. I checked on my phone when i got to my car. It wasn't there. You said you didn't sleep, you were bored. So why wouldn't THAT be the time to clean, fold laundry, etc.? At least make the bed?",415,0,"no, i *didn't* mean to post it. i wrote it, and like so many other times i've ritten stuff to you, i let it sit there. it was what i was feeling at the time. i was angry. before i left, i hit send, then stop. it wasn't there. i checked on my phone when i got to my car. it wasn't there. you said you didn't sleep, you were bored. so why wouldn't that be the time to clean, fold laundry, etc.? at least make the bed?"
spam,Warner Village 83118 C Colin Farrell in SWAT this wkend @Warner Village & get 1 free med. Popcorn!Just show msg+ticket@kiosk.Valid 4-7/12. C t&c @kiosk. Reply SONY 4 mre film offers,181,1,warner village 83118 c colin farrell in swat this wkend @warner village & get 1 free med. popcorn!just show msg+ticket@kiosk.valid 4-7/12. c t&c @kiosk. reply sony 4 mre film offers
ham,Will you come online today night,32,0,will you come online today night
ham,Then anything special?,22,0,then anything special?
ham,"I'm in solihull, | do you want anything?",40,0,"i'm in solihull, | do you want anything?"
ham,Will do. Have a good day,24,0,will do. have a good day
ham,WE REGRET TO INFORM U THAT THE NHS HAS MADE A MISTAKE.U WERE NEVER ACTUALLY BORN.PLEASE REPORT 2 YOR LOCAL HOSPITAL 2B TERMINATED.WE R SORRY 4 THE INCONVENIENCE,160,0,we regret to inform u that the nhs has made a mistake.u were never actually born.please report 2 yor local hospital 2b terminated.we r sorry 4 the inconvenience
ham,Love that holiday Monday feeling even if I have to go to the dentists in an hour,80,0,love that holiday monday feeling even if i have to go to the dentists in an hour
ham,I am on the way to tirupur.,27,0,i am on the way to tirupur.
spam,"Goal! Arsenal 4 (Henry, 7 v Liverpool 2 Henry scores with a simple shot from 6 yards from a pass by Bergkamp to give Arsenal a 2 goal margin after 78 mins.",155,1,"goal! arsenal 4 (henry, 7 v liverpool 2 henry scores with a simple shot from 6 yards from a pass by bergkamp to give arsenal a 2 goal margin after 78 mins."
ham,You've already got a flaky parent. It'snot supposed to be the child's job to support the parent...not until they're The Ride age anyway. I'm supposed to be there to support you. And now i've hurt you. unintentional. But hurt nonetheless.,237,0,you've already got a flaky parent. it'snot supposed to be the child's job to support the parent...not until they're the ride age anyway. i'm supposed to be there to support you. and now i've hurt you. unintentional. but hurt nonetheless.
ham,We took hooch for a walk toaday and i fell over! Splat! Grazed my knees and everything! Should have stayed at home! See you tomorrow! ,134,0,we took hooch for a walk toaday and i fell over! splat! grazed my knees and everything! should have stayed at home! see you tomorrow! 
ham,"Just dropped em off, omw back now",33,0,"just dropped em off, omw back now"
ham,Sitting in mu waiting for everyone to get out of my suite so I can take a shower,80,0,sitting in mu waiting for everyone to get out of my suite so i can take a shower
ham,Re your call; You didn't see my facebook huh?,45,0,re your call; you didn't see my facebook huh?
ham,"G says you never answer your texts, confirm/deny",48,0,"g says you never answer your texts, confirm/deny"
ham,"Its so common hearin How r u? Wat r u doing? How was ur day? So let me ask u something different. Did u smile today? If not, do it now.... Gud evng.",148,0,"its so common hearin how r u? wat r u doing? how was ur day? so let me ask u something different. did u smile today? if not, do it now.... gud evng."
ham,Oh yah... We never cancel leh... Haha ,38,0,oh yah... we never cancel leh... haha 
ham,We can go 4 e normal pilates after our intro...  ,49,0,we can go 4 e normal pilates after our intro...  
ham,Ok... Let u noe when i leave my house.,38,0,ok... let u noe when i leave my house.
ham,"Oh yes, why is it like torture watching england?",48,0,"oh yes, why is it like torture watching england?"
ham,Wanna do some art?! :D,22,0,wanna do some art?! :d
ham,Just hopeing that wasn‘t too pissed up to remember and has gone off to his sisters or something!,96,0,just hopeing that wasn‘t too pissed up to remember and has gone off to his sisters or something!
spam,"Hi, the SEXYCHAT girls are waiting for you to text them. Text now for a great night chatting. send STOP to stop this service",124,1,"hi, the sexychat girls are waiting for you to text them. text now for a great night chatting. send stop to stop this service"
ham,"Good morning, my boytoy! How's those yummy lips ? Where's my sexy buns now ? What do you do ? Do you think of me ? Do you crave me ? Do you need me ?",149,0,"good morning, my boytoy! how's those yummy lips ? where's my sexy buns now ? what do you do ? do you think of me ? do you crave me ? do you need me ?"
ham,Match started.india  &lt;#&gt;  for 2,37,0,match started.india  &lt;#&gt;  for 2
ham,Once free call me sir.,22,0,once free call me sir.
ham,Hey do you want anything to buy:),33,0,hey do you want anything to buy:)
ham,"Hey babe, how's it going ? Did you ever figure out where your going for New Years ?",83,0,"hey babe, how's it going ? did you ever figure out where your going for new years ?"
ham,K..k.:)congratulation ..,24,0,k..k.:)congratulation ..
ham,G wants to know where the fuck you are,38,0,g wants to know where the fuck you are
ham,No it was cancelled yeah baby! Well that sounds important so i understand my darlin give me a ring later on this fone love Kate x,129,0,no it was cancelled yeah baby! well that sounds important so i understand my darlin give me a ring later on this fone love kate x
ham,Tomarrow i want to got to court. At  &lt;DECIMAL&gt; . So you come to bus stand at 9.,85,0,tomarrow i want to got to court. at  &lt;decimal&gt; . so you come to bus stand at 9.
ham,Ü go home liao? Ask dad to pick me up at 6...,45,0,ü go home liao? ask dad to pick me up at 6...
ham,Omg you can make a wedding chapel in frontierville? Why do they get all the good stuff?,87,0,omg you can make a wedding chapel in frontierville? why do they get all the good stuff?
ham,"I'm eatin now lor, but goin back to work soon... E mountain deer show huh... I watch b4 liao, very nice...",106,0,"i'm eatin now lor, but goin back to work soon... e mountain deer show huh... i watch b4 liao, very nice..."
ham,Check mail.i have mailed varma and kept copy to you regarding membership.take care.insha allah.,95,0,check mail.i have mailed varma and kept copy to you regarding membership.take care.insha allah.
ham,Wrong phone! This phone! I answer this one but assume the other is people i don't well,86,0,wrong phone! this phone! i answer this one but assume the other is people i don't well
ham,"Anyway I don't think I can secure anything up here, lemme know if you want me to drive down south and chill",107,0,"anyway i don't think i can secure anything up here, lemme know if you want me to drive down south and chill"
ham,I'm already back home so no probably not,40,0,i'm already back home so no probably not
spam,"Hi this is Amy, we will be sending you a free phone number in a couple of days, which will give you an access to all the adult parties...",137,1,"hi this is amy, we will be sending you a free phone number in a couple of days, which will give you an access to all the adult parties..."
ham,I am in bus on the way to calicut,33,0,i am in bus on the way to calicut
ham,Hi its me you are probably having too much fun to get this message but i thought id txt u cos im bored! and james has been farting at me all night,146,0,hi its me you are probably having too much fun to get this message but i thought id txt u cos im bored! and james has been farting at me all night
ham,hi baby im sat on the bloody bus at the mo and i wont be home until about 7:30 wanna do somethin later? call me later ortxt back jess xx,136,0,hi baby im sat on the bloody bus at the mo and i wont be home until about 7:30 wanna do somethin later? call me later ortxt back jess xx
spam,"Welcome to Select, an O2 service with added benefits. You can now call our specially trained advisors FREE from your mobile by dialling 402.",140,1,"welcome to select, an o2 service with added benefits. you can now call our specially trained advisors free from your mobile by dialling 402."
ham,I lost 4 pounds since my doc visit last week woot woot! Now I'm gonna celebrate by stuffing my face!,100,0,i lost 4 pounds since my doc visit last week woot woot! now i'm gonna celebrate by stuffing my face!
ham,U coming back 4 dinner rite? Dad ask me so i re confirm wif u...,64,0,u coming back 4 dinner rite? dad ask me so i re confirm wif u...
ham,Doing my masters. When will you buy a bb cos i have for sale and how's bf,73,0,doing my masters. when will you buy a bb cos i have for sale and how's bf
ham,"Ahhhh...just woken up!had a bad dream about u tho,so i dont like u right now :) i didnt know anything about comedy night but i guess im up for it.",146,0,"ahhhh...just woken up!had a bad dream about u tho,so i dont like u right now :) i didnt know anything about comedy night but i guess im up for it."
ham,I'm vivek:)i got call from your number.,39,0,i'm vivek:)i got call from your number.
ham,Why didn't u call on your lunch?,32,0,why didn't u call on your lunch?
ham,"What i mean was i left too early to check, cos i'm working a 9-6.",65,0,"what i mean was i left too early to check, cos i'm working a 9-6."
ham,I want  &lt;#&gt;  rs da:)do you have it?,41,0,i want  &lt;#&gt;  rs da:)do you have it?
ham,I want to see your pretty pussy...,34,0,i want to see your pretty pussy...
spam,Dear Voucher holder Have your next meal on us. Use the following link on your pc 2 enjoy a 2 4 1 dining experiencehttp://www.vouch4me.com/etlp/dining.asp,153,1,dear voucher holder have your next meal on us. use the following link on your pc 2 enjoy a 2 4 1 dining experiencehttp://www.vouch4me.com/etlp/dining.asp
ham,"A few people are at the game, I'm at the mall with iouri and kaila",66,0,"a few people are at the game, i'm at the mall with iouri and kaila"
spam,URGENT! We are trying to contact U. Todays draw shows that you have won a £2000 prize GUARANTEED. Call 09058094507 from land line. Claim 3030. Valid 12hrs only,159,1,urgent! we are trying to contact u. todays draw shows that you have won a £2000 prize guaranteed. call 09058094507 from land line. claim 3030. valid 12hrs only
spam,You can donate £2.50 to UNICEF's Asian Tsunami disaster support fund by texting DONATE to 864233. £2.50 will be added to your next bill,135,1,you can donate £2.50 to unicef's asian tsunami disaster support fund by texting donate to 864233. £2.50 will be added to your next bill
ham,Future is not what we planned for tomorrow.....! it is the result of what we do today...! Do the best in present... enjoy the future.,133,0,future is not what we planned for tomorrow.....! it is the result of what we do today...! do the best in present... enjoy the future.
ham,I will cme i want to go to hos 2morow. After that i wil cme. This what i got from her dear what to do. She didnt say any time,125,0,i will cme i want to go to hos 2morow. after that i wil cme. this what i got from her dear what to do. she didnt say any time
ham,We are supposed to meet to discuss abt our trip... Thought xuhui told you? In the afternoon. Thought we can go for lesson after that,132,0,we are supposed to meet to discuss abt our trip... thought xuhui told you? in the afternoon. thought we can go for lesson after that
ham,Hey come online! Use msn... We are all there,44,0,hey come online! use msn... we are all there
ham,I'm fine. Hope you are good. Do take care.,42,0,i'm fine. hope you are good. do take care.
ham,Oops I was in the shower when u called. Hey a parking garage collapsed at university hospital. See I'm not crazy. Stuff like that DOES happen.,142,0,oops i was in the shower when u called. hey a parking garage collapsed at university hospital. see i'm not crazy. stuff like that does happen.
ham,Aiyo u so poor thing... Then u dun wan 2 eat? U bathe already?,62,0,aiyo u so poor thing... then u dun wan 2 eat? u bathe already?
ham,Yar... I tot u knew dis would happen long ago already.,54,0,yar... i tot u knew dis would happen long ago already.
ham,You are gorgeous! keep those pix cumming :) thank you!,54,0,you are gorgeous! keep those pix cumming :) thank you!
ham,JADE ITS PAUL. Y DIDNT U TXT ME? DO U REMEMBER ME FROM BARMED? I WANT 2 TALK 2 U! TXT ME,89,0,jade its paul. y didnt u txt me? do u remember me from barmed? i want 2 talk 2 u! txt me
ham,Spending new years with my brother and his family. Lets plan to meet next week. Are you ready to be spoiled? :),111,0,spending new years with my brother and his family. lets plan to meet next week. are you ready to be spoiled? :)
ham,So what u doing today?,22,0,so what u doing today?
ham,I said its okay. Sorry,22,0,i said its okay. sorry
ham,Slept? I thinkThis time ( &lt;#&gt;  pm) is not dangerous,57,0,slept? i thinkthis time ( &lt;#&gt;  pm) is not dangerous
ham,Networking job is there.,24,0,networking job is there.
spam,goldviking (29/M) is inviting you to be his friend. Reply YES-762 or NO-762 See him: www.SMS.ac/u/goldviking STOP? Send STOP FRND to 62468,138,1,goldviking (29/m) is inviting you to be his friend. reply yes-762 or no-762 see him: www.sms.ac/u/goldviking stop? send stop frnd to 62468
ham,Dont let studying stress you out. L8r.,38,0,dont let studying stress you out. l8r.
ham,That's y u haf 2 keep me busy...,32,0,that's y u haf 2 keep me busy...
ham,No rushing. I'm not working. I'm in school so if we rush we go hungry.,70,0,no rushing. i'm not working. i'm in school so if we rush we go hungry.
ham,Which channel:-):-):):-).,25,0,which channel:-):-):):-).
ham,So your telling me I coulda been your real Valentine and I wasn't? U never pick me for NOTHING!!,96,0,so your telling me i coulda been your real valentine and i wasn't? u never pick me for nothing!!
spam,Phony £350 award - Todays Voda numbers ending XXXX are selected to receive a £350 award. If you have a match please call 08712300220 quoting claim code 3100 standard rates app,175,1,phony £350 award - todays voda numbers ending xxxx are selected to receive a £350 award. if you have a match please call 08712300220 quoting claim code 3100 standard rates app
ham,"We made it! Eta at taunton is 12:30 as planned, hope that‘s still okday?! Good to see you! :-xx",95,0,"we made it! eta at taunton is 12:30 as planned, hope that‘s still okday?! good to see you! :-xx"
ham,I'm hungry buy smth home...,27,0,i'm hungry buy smth home...
ham,"HEY KATE, HOPE UR OK... WILL GIVE U A BUZ WEDLUNCH. GO OUTSOMEWHERE 4 ADRINK IN TOWN..CUD GO 2WATERSHD 4 A BIT? PPL FROMWRK WILL BTHERE. LOVE PETEXXX.",150,0,"hey kate, hope ur ok... will give u a buz wedlunch. go outsomewhere 4 adrink in town..cud go 2watershd 4 a bit? ppl fromwrk will bthere. love petexxx."
ham,My drive can only be read. I need to write,42,0,my drive can only be read. i need to write
ham,"Just looked it up and addie goes back Monday, sucks to be her",61,0,"just looked it up and addie goes back monday, sucks to be her"
ham,Happy new year. Hope you are having a good semester,51,0,happy new year. hope you are having a good semester
ham,Esplanade lor. Where else...,28,0,esplanade lor. where else...
ham,Can you talk with me..,22,0,can you talk with me..
ham,"Hmph. Go head, big baller.",26,0,"hmph. go head, big baller."
ham,Well its not like you actually called someone a punto. That woulda been worse.,78,0,well its not like you actually called someone a punto. that woulda been worse.
ham,"Nope. Since ayo travelled, he has forgotten his guy",51,0,"nope. since ayo travelled, he has forgotten his guy"
ham,You still around? Looking to pick up later,42,0,you still around? looking to pick up later
spam,CDs 4u: Congratulations ur awarded £500 of CD gift vouchers or £125 gift guaranteed & Freeentry 2 £100 wkly draw xt MUSIC to 87066 TnCs www.ldew.com1win150ppmx3age16 ,166,1,cds 4u: congratulations ur awarded £500 of cd gift vouchers or £125 gift guaranteed & freeentry 2 £100 wkly draw xt music to 87066 tncs www.ldew.com1win150ppmx3age16 
ham,There's someone here that has a year  &lt;#&gt;  toyota camry like mr olayiwola's own. Mileage is  &lt;#&gt; k.its clean but i need to know how much will it sell for. If i can raise the dough for it how soon after landing will it sell. Holla back.,247,0,there's someone here that has a year  &lt;#&gt;  toyota camry like mr olayiwola's own. mileage is  &lt;#&gt; k.its clean but i need to know how much will it sell for. if i can raise the dough for it how soon after landing will it sell. holla back.
ham,Guess which pub im in? Im as happy as a pig in clover or whatever the saying is! ,81,0,guess which pub im in? im as happy as a pig in clover or whatever the saying is! 
ham,ILL B DOWN SOON,15,0,ill b down soon
ham,Oh k. . I will come tomorrow,28,0,oh k. . i will come tomorrow
ham,Go fool dont cheat others ok,28,0,go fool dont cheat others ok
ham,"My mobile number.pls sms ur mail id.convey regards to achan,amma.Rakhesh.Qatar",78,0,"my mobile number.pls sms ur mail id.convey regards to achan,amma.rakhesh.qatar"
ham,"By the way, 'rencontre' is to meet again. Mountains dont....",60,0,"by the way, 'rencontre' is to meet again. mountains dont...."
spam,You have WON a guaranteed £1000 cash or a £2000 prize. To claim yr prize call our customer service representative on 08714712412 between 10am-7pm Cost 10p,154,1,you have won a guaranteed £1000 cash or a £2000 prize. to claim yr prize call our customer service representative on 08714712412 between 10am-7pm cost 10p
ham,U attend ur driving lesson how many times a wk n which day?,59,0,u attend ur driving lesson how many times a wk n which day?
ham,"Uncle G, just checking up on you. Do have a rewarding month",59,0,"uncle g, just checking up on you. do have a rewarding month"
ham,Hello boytoy ! Geeee ... I'm missing you today. I like to send you a tm and remind you I'm thinking of you ... And you are loved ... *loving kiss*,146,0,hello boytoy ! geeee ... i'm missing you today. i like to send you a tm and remind you i'm thinking of you ... and you are loved ... *loving kiss*
ham,I think the other two still need to get cash but we can def be ready by 9,73,0,i think the other two still need to get cash but we can def be ready by 9
ham,Hey gals...U all wanna meet 4 dinner at nìte? ,46,0,hey gals...u all wanna meet 4 dinner at nìte? 
spam,Dear 0776xxxxxxx U've been invited to XCHAT. This is our final attempt to contact u! Txt CHAT to 86688 150p/MsgrcvdHG/Suite342/2Lands/Row/W1J6HL LDN 18yrs,154,1,dear 0776xxxxxxx u've been invited to xchat. this is our final attempt to contact u! txt chat to 86688 150p/msgrcvdhg/suite342/2lands/row/w1j6hl ldn 18yrs
ham,Babe ! What are you doing ? Where are you ? Who are you talking to ? Do you think of me ? Are you being a good boy? Are you missing me? Do you love me ?,152,0,babe ! what are you doing ? where are you ? who are you talking to ? do you think of me ? are you being a good boy? are you missing me? do you love me ?
ham,Great! How is the office today?,31,0,great! how is the office today?
ham,"It's cool, we can last a little while. Getting more any time soon?",66,0,"it's cool, we can last a little while. getting more any time soon?"
ham,:-( sad puppy noise,19,0,:-( sad puppy noise
ham,Yes its possible but dint try. Pls dont tell to any one k,57,0,yes its possible but dint try. pls dont tell to any one k
ham,Anyway holla at me whenever you're around because I need an excuse to go creep on people in sarasota,100,0,anyway holla at me whenever you're around because i need an excuse to go creep on people in sarasota
ham,Where you. What happen,22,0,where you. what happen
ham,I was gonna ask you lol but i think its at 7,44,0,i was gonna ask you lol but i think its at 7
spam,Ur cash-balance is currently 500 pounds - to maximize ur cash-in now send GO to 86688 only 150p/meg. CC: 08718720201 HG/Suite342/2lands Row/W1j6HL,146,1,ur cash-balance is currently 500 pounds - to maximize ur cash-in now send go to 86688 only 150p/meg. cc: 08718720201 hg/suite342/2lands row/w1j6hl
spam,PRIVATE! Your 2003 Account Statement for shows 800 un-redeemed S.I.M. points. Call 08715203685 Identifier Code:4xx26 Expires 13/10/04,133,1,private! your 2003 account statement for shows 800 un-redeemed s.i.m. points. call 08715203685 identifier code:4xx26 expires 13/10/04
ham,Go chase after her and run her over while she's crossing the street,67,0,go chase after her and run her over while she's crossing the street
spam,I'd like to tell you my deepest darkest fantasies. Call me 09094646631 just 60p/min. To stop texts call 08712460324 (nat rate),126,1,i'd like to tell you my deepest darkest fantasies. call me 09094646631 just 60p/min. to stop texts call 08712460324 (nat rate)
ham,Hey... Very inconvenient for your sis a not huh?,48,0,hey... very inconvenient for your sis a not huh?
ham,Ok i vl..do u know i got adsense approved..,43,0,ok i vl..do u know i got adsense approved..
ham,"* Was really good to see you the other day dudette, been missing you!",69,0,"* was really good to see you the other day dudette, been missing you!"
ham,I want to go to perumbavoor,27,0,i want to go to perumbavoor
ham,How many times i told in the stage all use to laugh. You not listen aha.,72,0,how many times i told in the stage all use to laugh. you not listen aha.
ham,(You didn't hear it from me),28,0,(you didn't hear it from me)
ham,Thanks for being there for me just to talk to on saturday. You are very dear to me. I cherish having you as a brother and role model.,133,0,thanks for being there for me just to talk to on saturday. you are very dear to me. i cherish having you as a brother and role model.
ham,Pls clarify back if an open return ticket that i have can be preponed for me to go back to kerala.,98,0,pls clarify back if an open return ticket that i have can be preponed for me to go back to kerala.
spam,Natalie (20/F) is inviting you to be her friend. Reply YES-165 or NO-165 See her: www.SMS.ac/u/natalie2k9 STOP? Send STOP FRND to 62468,135,1,natalie (20/f) is inviting you to be her friend. reply yes-165 or no-165 see her: www.sms.ac/u/natalie2k9 stop? send stop frnd to 62468
ham,She ran off with a younger man. we will make pretty babies together :),70,0,she ran off with a younger man. we will make pretty babies together :)
spam,Jamster! To get your free wallpaper text HEART to 88888 now! T&C apply. 16 only. Need Help? Call 08701213186.,109,1,jamster! to get your free wallpaper text heart to 88888 now! t&c apply. 16 only. need help? call 08701213186.
ham,O ic lol. Should play 9 doors sometime yo,41,0,o ic lol. should play 9 doors sometime yo
ham,"Dunno, my dad said he coming home 2 bring us out 4 lunch. Yup i go w u lor. I call u when i reach school lor...",111,0,"dunno, my dad said he coming home 2 bring us out 4 lunch. yup i go w u lor. i call u when i reach school lor..."
ham,Desires- u going to doctor 4 liver. And get a bit stylish. Get ur hair managed. Thats it.,89,0,desires- u going to doctor 4 liver. and get a bit stylish. get ur hair managed. thats it.
ham,Hmmm.still we dont have opener?,31,0,hmmm.still we dont have opener?
ham,Yeah so basically any time next week you can get away from your mom &amp; get up before 3,89,0,yeah so basically any time next week you can get away from your mom &amp; get up before 3
ham,I will vote for wherever my heart guides me,43,0,i will vote for wherever my heart guides me
ham,With my sis lor... We juz watched italian job.,46,0,with my sis lor... we juz watched italian job.
ham,"Tick, tick, tick .... Where are you ? I could die of loneliness you know ! *pouts* *stomps feet* I need you ...",111,0,"tick, tick, tick .... where are you ? i could die of loneliness you know ! *pouts* *stomps feet* i need you ..."
ham,Lmao you know me so well...,27,0,lmao you know me so well...
ham,Am on a train back from northampton so i'm afraid not! I'm staying skyving off today ho ho! Will be around wednesday though. Do you fancy the comedy club this week by the way?,175,0,am on a train back from northampton so i'm afraid not! i'm staying skyving off today ho ho! will be around wednesday though. do you fancy the comedy club this week by the way?
ham,Goodnight da thangam I really miss u dear.,42,0,goodnight da thangam i really miss u dear.
ham,Hey next sun 1030 there's a basic yoga course... at bugis... We can go for that... Pilates intro next sat.... Tell me what time you r free,138,0,hey next sun 1030 there's a basic yoga course... at bugis... we can go for that... pilates intro next sat.... tell me what time you r free
ham,"Geeeee ... Your internet is really bad today, eh ?",50,0,"geeeee ... your internet is really bad today, eh ?"
spam,Free video camera phones with Half Price line rental for 12 mths and 500 cross ntwk mins 100 txts. Call MobileUpd8 08001950382 or Call2OptOut/674,145,1,free video camera phones with half price line rental for 12 mths and 500 cross ntwk mins 100 txts. call mobileupd8 08001950382 or call2optout/674
ham,I think i am disturbing her da,30,0,i think i am disturbing her da
ham,"Sorry, I'll call you  later. I am in meeting sir.",49,0,"sorry, i'll call you  later. i am in meeting sir."
ham,Havent stuck at orchard in my dad's car. Going 4 dinner now. U leh? So r they free tonight?,91,0,havent stuck at orchard in my dad's car. going 4 dinner now. u leh? so r they free tonight?
ham,Ok i also wan 2 watch e 9 pm show...,36,0,ok i also wan 2 watch e 9 pm show...
ham,I dunno lei... Like dun haf...,30,0,i dunno lei... like dun haf...
ham,But your brother transfered only  &lt;#&gt;  +  &lt;#&gt; . Pa.,63,0,but your brother transfered only  &lt;#&gt;  +  &lt;#&gt; . pa.
ham,I calls you later. Afternoon onwords mtnl service get problem in south mumbai. I can hear you but you cann't listen me.,119,0,i calls you later. afternoon onwords mtnl service get problem in south mumbai. i can hear you but you cann't listen me.
spam,83039 62735=£450 UK Break AccommodationVouchers terms & conditions apply. 2 claim you mustprovide your claim number which is 15541 ,131,1,83039 62735=£450 uk break accommodationvouchers terms & conditions apply. 2 claim you mustprovide your claim number which is 15541 
ham,Talk to g and x about that,26,0,talk to g and x about that
ham,Hai dear friends... This is my new &amp; present number..:) By Rajitha Raj (Ranju),82,0,hai dear friends... this is my new &amp; present number..:) by rajitha raj (ranju)
spam,5p 4 alfie Moon's Children in need song on ur mob. Tell ur m8s. Txt Tone charity to 8007 for Nokias or Poly charity for polys: zed 08701417012 profit 2 charity.,160,1,5p 4 alfie moon's children in need song on ur mob. tell ur m8s. txt tone charity to 8007 for nokias or poly charity for polys: zed 08701417012 profit 2 charity.
ham,As in different styles?,23,0,as in different styles?
spam,WIN a £200 Shopping spree every WEEK Starting NOW. 2 play text STORE to 88039. SkilGme. TsCs08714740323 1Winawk! age16 £1.50perweeksub.,135,1,win a £200 shopping spree every week starting now. 2 play text store to 88039. skilgme. tscs08714740323 1winawk! age16 £1.50perweeksub.
ham,Gud ni8 dear..slp well..take care..swt dreams..Muah..,53,0,gud ni8 dear..slp well..take care..swt dreams..muah..
spam,"This is the 2nd attempt to contract U, you have won this weeks top prize of either £1000 cash or £200 prize. Just call 09066361921",130,1,"this is the 2nd attempt to contract u, you have won this weeks top prize of either £1000 cash or £200 prize. just call 09066361921"
ham,"Well, i'm glad you didn't find it totally disagreeable ... Lol",62,0,"well, i'm glad you didn't find it totally disagreeable ... lol"
ham,"Guy, no flash me now. If you go call me, call me. How madam. Take care oh.",74,0,"guy, no flash me now. if you go call me, call me. how madam. take care oh."
spam,Do you want a New Nokia 3510i colour phone DeliveredTomorrow? With 300 free minutes to any mobile + 100 free texts + Free Camcorder reply or call 08000930705.,158,1,do you want a new nokia 3510i colour phone deliveredtomorrow? with 300 free minutes to any mobile + 100 free texts + free camcorder reply or call 08000930705.
ham,Mark works tomorrow. He gets out at 5. His work is by your house so he can meet u afterwards.,93,0,mark works tomorrow. he gets out at 5. his work is by your house so he can meet u afterwards.
ham,"Keep ur problems in ur heart, b'coz nobody will fight for u. Only u &amp; u have to fight for ur self &amp; win the battle. -VIVEKANAND- G 9t.. SD..
ham	Yeah, give me a call if you've got a minute
ham	HI BABE UAWAKE?FEELLIKW SHIT.JUSTFOUND OUT VIA ALETTER THATMUM GOTMARRIED 4thNOV.BEHIND OURBACKS  FUCKINNICE!SELFISH,DEVIOUSBITCH.ANYWAY,IL CALL U""",350,0,"keep ur problems in ur heart, b'coz nobody will fight for u. only u &amp; u have to fight for ur self &amp; win the battle. -vivekanand- g 9t.. sd..
ham	yeah, give me a call if you've got a minute
ham	hi babe uawake?feellikw shit.justfound out via aletter thatmum gotmarried 4thnov.behind ourbacks  fuckinnice!selfish,deviousbitch.anyway,il call u"""
ham,Amazing : If you rearrange these letters it gives the same meaning... Dormitory = Dirty room Astronomer = Moon starer The eyes = They see Election results = Lies lets recount Mother-in-law = Woman Hitler Eleven plus two =Twelve plus one Its Amazing... !:-),256,0,amazing : if you rearrange these letters it gives the same meaning... dormitory = dirty room astronomer = moon starer the eyes = they see election results = lies lets recount mother-in-law = woman hitler eleven plus two =twelve plus one its amazing... !:-)
ham,Aiya we discuss later lar... Pick ü up at 4 is it?,50,0,aiya we discuss later lar... pick ü up at 4 is it?
ham,Hey happy birthday...,21,0,hey happy birthday...
ham,Sorry i missed your call. Can you please call back.,51,0,sorry i missed your call. can you please call back.
ham,Omg if its not one thing its another. My cat has worms :/ when does this bad day end?,85,0,omg if its not one thing its another. my cat has worms :/ when does this bad day end?
ham,"Good morning, im suffering from fever and dysentry ..will not be able to come to office today.",94,0,"good morning, im suffering from fever and dysentry ..will not be able to come to office today."
ham,I wont do anything de.,22,0,i wont do anything de.
ham,What type of stuff do you sing?,31,0,what type of stuff do you sing?
ham,"St andre, virgil's cream",24,0,"st andre, virgil's cream"
ham,"My fri ah... Okie lor,goin 4 my drivin den go shoppin after tt...",65,0,"my fri ah... okie lor,goin 4 my drivin den go shoppin after tt..."
ham,Gokila is talking with you aha:),32,0,gokila is talking with you aha:)
ham,"Hi Shanil,Rakhesh here.thanks,i have exchanged the uncut diamond stuff.leaving back. Excellent service by Dino and Prem.",120,0,"hi shanil,rakhesh here.thanks,i have exchanged the uncut diamond stuff.leaving back. excellent service by dino and prem."
ham,K.k.this month kotees birthday know?,36,0,k.k.this month kotees birthday know?
ham,But i'm really really broke oh. No amount is too small even  &lt;#&gt; ,71,0,but i'm really really broke oh. no amount is too small even  &lt;#&gt; 
ham,Sorry about that this is my mates phone and i didnt write it love Kate,70,0,sorry about that this is my mates phone and i didnt write it love kate
spam,"TheMob>Hit the link to get a premium Pink Panther game, the new no. 1 from Sugababes, a crazy Zebra animation or a badass Hoody wallpaper-all 4 FREE!",149,1,"themob>hit the link to get a premium pink panther game, the new no. 1 from sugababes, a crazy zebra animation or a badass hoody wallpaper-all 4 free!"
ham,"Ah, well that confuses things, doesnt it? I thought was friends with now. Maybe i did the wrong thing but i already sort of invited -tho he may not come cos of money.",166,0,"ah, well that confuses things, doesnt it? i thought was friends with now. maybe i did the wrong thing but i already sort of invited -tho he may not come cos of money."
ham,"Aight, call me once you're close",32,0,"aight, call me once you're close"
ham,Nope thats fine. I might have a nap tho! ,41,0,nope thats fine. i might have a nap tho! 
spam,This msg is for your mobile content order It has been resent as previous attempt failed due to network error Queries to customersqueries@netvision.uk.com,153,1,this msg is for your mobile content order it has been resent as previous attempt failed due to network error queries to customersqueries@netvision.uk.com
ham,In other news after hassling me to get him weed for a week andres has no money. HAUGHAIGHGTUJHYGUJ,98,0,in other news after hassling me to get him weed for a week andres has no money. haughaighgtujhyguj
ham,Ding me on ya break fassyole! Blacko from londn,47,0,ding me on ya break fassyole! blacko from londn
ham,I REALLY NEED 2 KISS U I MISS U MY BABY FROM UR BABY 4EVA,57,0,i really need 2 kiss u i miss u my baby from ur baby 4eva
ham,Oh you got many responsibilities.,33,0,oh you got many responsibilities.
spam,You have 1 new message. Please call 08715205273,47,1,you have 1 new message. please call 08715205273
ham,I've reached sch already...,27,0,i've reached sch already...
spam,December only! Had your mobile 11mths+? You are entitled to update to the latest colour camera mobile for Free! Call The Mobile Update VCo FREE on 08002986906 ,159,1,december only! had your mobile 11mths+? you are entitled to update to the latest colour camera mobile for free! call the mobile update vco free on 08002986906 
ham,U definitely need a module from e humanities dis sem izzit? U wan 2 take other modules 1st?,91,0,u definitely need a module from e humanities dis sem izzit? u wan 2 take other modules 1st?
ham,Argh why the fuck is nobody in town ;_;,39,0,argh why the fuck is nobody in town ;_;
spam,"Get 3 Lions England tone, reply lionm 4 mono or lionp 4 poly. 4 more go 2 www.ringtones.co.uk, the original n best. Tones 3GBP network operator rates apply.",156,1,"get 3 lions england tone, reply lionm 4 mono or lionp 4 poly. 4 more go 2 www.ringtones.co.uk, the original n best. tones 3gbp network operator rates apply."
ham,Thanks. Fills me with complete calm and reassurance! ,53,0,thanks. fills me with complete calm and reassurance! 
ham,Aslamalaikkum....insha allah tohar beeen muht albi mufti mahfuuz...meaning same here....,88,0,aslamalaikkum....insha allah tohar beeen muht albi mufti mahfuuz...meaning same here....
ham,Are you driving or training?,28,0,are you driving or training?
ham,Lol for real. She told my dad I have cancer,43,0,lol for real. she told my dad i have cancer
spam,PRIVATE! Your 2003 Account Statement for 078,44,1,private! your 2003 account statement for 078
ham,"Oops I did have it,  &lt;#&gt; ?",32,0,"oops i did have it,  &lt;#&gt; ?"
ham,NOT ENUFCREDEIT TOCALL.SHALL ILEAVE UNI AT 6 +GET A BUS TO YOR HOUSE?,69,0,not enufcredeit tocall.shall ileave uni at 6 +get a bus to yor house?
ham,"Hi Chikku, send some nice msgs",30,0,"hi chikku, send some nice msgs"
ham,"He is impossible to argue with and he always treats me like his sub, like he never released me ... Which he did and I will remind him of that if necessary",154,0,"he is impossible to argue with and he always treats me like his sub, like he never released me ... which he did and i will remind him of that if necessary"
ham,"After my work ah... Den 6 plus lor... U workin oso rite... Den go orchard lor, no other place to go liao...",107,0,"after my work ah... den 6 plus lor... u workin oso rite... den go orchard lor, no other place to go liao..."
ham,"To the wonderful Okors, have a great month. We cherish you guys and wish you well each day. MojiBiola",101,0,"to the wonderful okors, have a great month. we cherish you guys and wish you well each day. mojibiola"
ham,Cuz ibored. And don wanna study,31,0,cuz ibored. and don wanna study
ham,Wot about on wed nite I am 3 then but only til 9!,49,0,wot about on wed nite i am 3 then but only til 9!
ham,Any way where are you and what doing.,37,0,any way where are you and what doing.
ham,That sucks. I'll go over so u can do my hair. You'll do it free right?,70,0,that sucks. i'll go over so u can do my hair. you'll do it free right?
ham,it's still not working. And this time i also tried adding zeros. That was the savings. The checking is  &lt;#&gt; ,114,0,it's still not working. and this time i also tried adding zeros. that was the savings. the checking is  &lt;#&gt; 
ham,"Hmm... Dunno leh, mayb a bag 4 goigng out dat is not too small. Or jus anything except perfume, smth dat i can keep.",116,0,"hmm... dunno leh, mayb a bag 4 goigng out dat is not too small. or jus anything except perfume, smth dat i can keep."
ham,Sday only joined.so training we started today:),47,0,sday only joined.so training we started today:)
ham,Sorry * was at the grocers.,27,0,sorry * was at the grocers.
ham,There are some nice pubs near here or there is Frankie n Bennys near the warner cinema?,87,0,there are some nice pubs near here or there is frankie n bennys near the warner cinema?
spam,"YOU VE WON! Your 4* Costa Del Sol Holiday or £5000 await collection. Call 09050090044 Now toClaim. SAE, TC s, POBox334, Stockport, SK38xh, Cost£1.50/pm, Max10mins",162,1,"you ve won! your 4* costa del sol holiday or £5000 await collection. call 09050090044 now toclaim. sae, tc s, pobox334, stockport, sk38xh, cost£1.50/pm, max10mins"
ham,Yup... I havent been there before... You want to go for the yoga? I can call up to book ,88,0,yup... i havent been there before... you want to go for the yoga? i can call up to book 
ham,Oh shut it. Omg yesterday I had a dream that I had 2 kids both boys. I was so pissed. Not only about the kids but them being boys. I even told mark in my dream that he was changing diapers cause I'm not getting owed in the face.,228,0,oh shut it. omg yesterday i had a dream that i had 2 kids both boys. i was so pissed. not only about the kids but them being boys. i even told mark in my dream that he was changing diapers cause i'm not getting owed in the face.
ham,Yeah I imagine he would be really gentle. Unlike the other docs who treat their patients like turkeys.,102,0,yeah i imagine he would be really gentle. unlike the other docs who treat their patients like turkeys.
ham,Now that you have started dont stop. Just pray for more good ideas and anything i see that can help you guys i.ll forward you a link.,133,0,now that you have started dont stop. just pray for more good ideas and anything i see that can help you guys i.ll forward you a link.
ham,Hi darlin im on helens fone im gonna b up the princes 2 nite please come up tb love Kate,88,0,hi darlin im on helens fone im gonna b up the princes 2 nite please come up tb love kate
ham,I'm in office now da:)where are you?,36,0,i'm in office now da:)where are you?
ham,Aiyar u so poor thing... I give u my support k... Jia you! I'll think of u...,77,0,aiyar u so poor thing... i give u my support k... jia you! i'll think of u...
ham,Oh unintentionally not bad timing. Great. Fingers  the trains play along! Will give fifteen min warning.,104,0,oh unintentionally not bad timing. great. fingers  the trains play along! will give fifteen min warning.
spam,Get your garden ready for summer with a FREE selection of summer bulbs and seeds worth £33:50 only with The Scotsman this Saturday. To stop go2 notxt.co.uk,155,1,get your garden ready for summer with a free selection of summer bulbs and seeds worth £33:50 only with the scotsman this saturday. to stop go2 notxt.co.uk
ham,K..then come wenever u lik to come and also tel vikky to come by getting free time..:-),87,0,k..then come wenever u lik to come and also tel vikky to come by getting free time..:-)
ham,Pls call me da. What happen.,28,0,pls call me da. what happen.
ham,"Happy new year to u and ur family...may this new year bring happiness , stability and tranquility to ur vibrant colourful life:):)",130,0,"happy new year to u and ur family...may this new year bring happiness , stability and tranquility to ur vibrant colourful life:):)"
ham,No problem with the renewal. I.ll do it right away but i dont know his details.,79,0,no problem with the renewal. i.ll do it right away but i dont know his details.
ham,Idk. I'm sitting here in a stop and shop parking lot right now bawling my eyes out because i feel like i'm a failure in everything. Nobody wants me and now i feel like i'm failing you.,184,0,idk. i'm sitting here in a stop and shop parking lot right now bawling my eyes out because i feel like i'm a failure in everything. nobody wants me and now i feel like i'm failing you.
ham,Haven't left yet so probably gonna be here til dinner,53,0,haven't left yet so probably gonna be here til dinner
ham,"Like  &lt;#&gt; , same question",31,0,"like  &lt;#&gt; , same question"
ham,MY NEW YEARS EVE WAS OK. I WENT TO A PARTY WITH MY BOYFRIEND. WHO IS THIS SI THEN HEY,85,0,my new years eve was ok. i went to a party with my boyfriend. who is this si then hey
ham,"Sir, I need Velusamy sir's date of birth and company bank facilities details.",77,0,"sir, i need velusamy sir's date of birth and company bank facilities details."
ham,K k:) sms chat with me.,23,0,k k:) sms chat with me.
ham,I will come with karnan car. Please wait till 6pm will directly goto doctor.,76,0,i will come with karnan car. please wait till 6pm will directly goto doctor.
ham,No but the bluray player can,28,0,no but the bluray player can
ham,Ok... Then r we meeting later?,30,0,ok... then r we meeting later?
ham,Lol no. I just need to cash in my nitros. Hurry come on before I crash out!,75,0,lol no. i just need to cash in my nitros. hurry come on before i crash out!
ham,Just send a text. We'll skype later.,36,0,just send a text. we'll skype later.
ham,Ok leave no need to ask,23,0,ok leave no need to ask
ham,Ü still got lessons?  Ü in sch?,31,0,ü still got lessons?  ü in sch?
ham,Y she dun believe leh? I tot i told her it's true already. I thk she muz c us tog then she believe.,99,0,y she dun believe leh? i tot i told her it's true already. i thk she muz c us tog then she believe.
ham,Oh did you charge camera,24,0,oh did you charge camera
ham,"I‘ve got some salt, you can rub it in my open wounds if you like!",65,0,"i‘ve got some salt, you can rub it in my open wounds if you like!"
ham,Now i'm going for lunch.,24,0,now i'm going for lunch.
ham,I'm in school now n i'll be in da lab doing some stuff give me a call when ü r done.,84,0,i'm in school now n i'll be in da lab doing some stuff give me a call when ü r done.
ham,"Aight, text me tonight and we'll see what's up",46,0,"aight, text me tonight and we'll see what's up"
ham,U 2.,4,0,u 2.
ham,Water logging in desert. Geoenvironmental implications.,55,0,water logging in desert. geoenvironmental implications.
ham,"Very strange.  and  are watching the 2nd one now but i'm in bed. Sweet dreams, miss u ",86,0,"very strange.  and  are watching the 2nd one now but i'm in bed. sweet dreams, miss u "
spam,SMS AUCTION - A BRAND NEW Nokia 7250 is up 4 auction today! Auction is FREE 2 join & take part! Txt NOKIA to 86021 now!,119,1,sms auction - a brand new nokia 7250 is up 4 auction today! auction is free 2 join & take part! txt nokia to 86021 now!
ham,"Hi hope u r both ok, he said he would text and he hasn't, have u seen him, let me down gently please ",101,0,"hi hope u r both ok, he said he would text and he hasn't, have u seen him, let me down gently please "
ham,"Babe! I fucking love you too !! You know? Fuck it was so good to hear your voice. I so need that. I crave it. I can't get enough. I adore you, Ahmad *kisses*",157,0,"babe! i fucking love you too !! you know? fuck it was so good to hear your voice. i so need that. i crave it. i can't get enough. i adore you, ahmad *kisses*"
ham,K sure am in my relatives home. Sms me de. Pls:-),49,0,k sure am in my relatives home. sms me de. pls:-)
ham,"Fuuuuck I need to stop sleepin, sup",35,0,"fuuuuck i need to stop sleepin, sup"
ham,I'm in town now so i'll jus take mrt down later.,48,0,i'm in town now so i'll jus take mrt down later.
ham,I just cooked a rather nice salmon a la you,43,0,i just cooked a rather nice salmon a la you
ham,I uploaded mine to Facebook,27,0,i uploaded mine to facebook
ham,WHAT TIME U WRKIN?,18,0,what time u wrkin?
spam,ree entry in 2 a weekly comp for a chance to win an ipod. Txt POD to 80182 to get entry (std txt rate) T&C's apply 08452810073 for details 18+,142,1,ree entry in 2 a weekly comp for a chance to win an ipod. txt pod to 80182 to get entry (std txt rate) t&c's apply 08452810073 for details 18+
spam,Our records indicate u maybe entitled to 5000 pounds in compensation for the Accident you had. To claim 4 free reply with CLAIM to this msg. 2 stop txt STOP,156,1,our records indicate u maybe entitled to 5000 pounds in compensation for the accident you had. to claim 4 free reply with claim to this msg. 2 stop txt stop
ham,Oh oh... Den muz change plan liao... Go back have to yan jiu again...,69,0,oh oh... den muz change plan liao... go back have to yan jiu again...
ham,"It's wylie, you in tampa or sarasota?",37,0,"it's wylie, you in tampa or sarasota?"
ham,Ok... Take ur time n enjoy ur dinner...,39,0,ok... take ur time n enjoy ur dinner...
ham,Darren was saying dat if u meeting da ge den we dun meet 4 dinner. Cos later u leave xy will feel awkward. Den u meet him 4 lunch lor.,134,0,darren was saying dat if u meeting da ge den we dun meet 4 dinner. cos later u leave xy will feel awkward. den u meet him 4 lunch lor.
spam,"Spook up your mob with a Halloween collection of a logo & pic message plus a free eerie tone, txt CARD SPOOK to 8007 zed 08701417012150p per logo/pic ",150,1,"spook up your mob with a halloween collection of a logo & pic message plus a free eerie tone, txt card spook to 8007 zed 08701417012150p per logo/pic "
ham,I like cheap! But i‘m happy to splash out on the wine if it makes you feel better..,83,0,i like cheap! but i‘m happy to splash out on the wine if it makes you feel better..
ham,She.s fine. I have had difficulties with her phone. It works with mine. Can you pls send her another friend request.,116,0,she.s fine. i have had difficulties with her phone. it works with mine. can you pls send her another friend request.
ham,Ugh my leg hurts. Musta overdid it on mon.,42,0,ugh my leg hurts. musta overdid it on mon.
spam,Call Germany for only 1 pence per minute! Call from a fixed line via access number 0844 861 85 85. No prepayment. Direct access! www.telediscount.co.uk,151,1,call germany for only 1 pence per minute! call from a fixed line via access number 0844 861 85 85. no prepayment. direct access! www.telediscount.co.uk
ham,WOT STUDENT DISCOUNT CAN U GET ON BOOKS?,40,0,wot student discount can u get on books?
ham,How come she can get it? Should b quite diff to guess rite...,61,0,how come she can get it? should b quite diff to guess rite...
spam,Had your mobile 11mths ? Update for FREE to Oranges latest colour camera mobiles & unlimited weekend calls. Call Mobile Upd8 on freefone 08000839402 or 2StopTxt,160,1,had your mobile 11mths ? update for free to oranges latest colour camera mobiles & unlimited weekend calls. call mobile upd8 on freefone 08000839402 or 2stoptxt
ham,"Babe, I'm answering you, can't you see me ? Maybe you'd better reboot YM ... I got the photo ... It's great !",109,0,"babe, i'm answering you, can't you see me ? maybe you'd better reboot ym ... i got the photo ... it's great !"
ham,Hi.what you think about match?,30,0,hi.what you think about match?
ham,"I know you are thinkin malaria. But relax, children cant handle malaria. She would have been worse and its gastroenteritis. If she takes enough to replace her loss her temp will reduce. And if you give her malaria meds now she will just vomit. Its a self limiting illness she has which means in a few days it will completely stop",329,0,"i know you are thinkin malaria. but relax, children cant handle malaria. she would have been worse and its gastroenteritis. if she takes enough to replace her loss her temp will reduce. and if you give her malaria meds now she will just vomit. its a self limiting illness she has which means in a few days it will completely stop"
ham,Dai i downloaded but there is only exe file which i can only run that exe after installing.,91,0,dai i downloaded but there is only exe file which i can only run that exe after installing.
ham,It is only yesterday true true.,31,0,it is only yesterday true true.
ham,K.k.how is your business now?,29,0,k.k.how is your business now?
ham,3 pa but not selected.,22,0,3 pa but not selected.
ham,Well thats nice. Too bad i cant eat it,38,0,well thats nice. too bad i cant eat it
ham,I accidentally brought em home in the box,41,0,i accidentally brought em home in the box
ham,Pls she needs to dat slowly or she will vomit more.,51,0,pls she needs to dat slowly or she will vomit more.
ham,I have to take exam with in march 3,35,0,i have to take exam with in march 3
ham,"Jane babes not goin 2 wrk, feel ill after lst nite. Foned in already cover 4 me chuck.:-)",89,0,"jane babes not goin 2 wrk, feel ill after lst nite. foned in already cover 4 me chuck.:-)"
ham,5 nights...We nt staying at port step liao...Too ex,51,0,5 nights...we nt staying at port step liao...too ex
ham,If I die I want u to have all my stuffs.,40,0,if i die i want u to have all my stuffs.
ham,OH FUCK. JUSWOKE UP IN A BED ON A BOATIN THE DOCKS. SLEPT WID 25 YEAR OLD. SPINOUT! GIV U DA GOSSIP L8R. XXX,108,0,oh fuck. juswoke up in a bed on a boatin the docks. slept wid 25 year old. spinout! giv u da gossip l8r. xxx
ham,I re-met alex nichols from middle school and it turns out he's dealing!,71,0,i re-met alex nichols from middle school and it turns out he's dealing!
spam,PRIVATE! Your 2003 Account Statement for <fone no> shows 800 un-redeemed S. I. M. points. Call 08715203656 Identifier Code: 42049 Expires 26/10/04,146,1,private! your 2003 account statement for <fone no> shows 800 un-redeemed s. i. m. points. call 08715203656 identifier code: 42049 expires 26/10/04
ham,It means u could not keep ur words.,35,0,it means u could not keep ur words.
ham,"Nope, I'm still in the market",29,0,"nope, i'm still in the market"
ham,I realise you are a busy guy and i'm trying not to be a bother. I have to get some exams outta the way and then try the cars. Do have a gr8 day,143,0,i realise you are a busy guy and i'm trying not to be a bother. i have to get some exams outta the way and then try the cars. do have a gr8 day
ham,Hey what how about your project. Started aha da.,48,0,hey what how about your project. started aha da.
ham,Ok cool. See ya then.,21,0,ok cool. see ya then.
ham,Am on the uworld site. Am i buying the qbank only or am i buying it with the self assessment also?,98,0,am on the uworld site. am i buying the qbank only or am i buying it with the self assessment also?
spam,Someonone you know is trying to contact you via our dating service! To find out who it could be call from your mobile or landline 09064015307 BOX334SK38ch ,155,1,someonone you know is trying to contact you via our dating service! to find out who it could be call from your mobile or landline 09064015307 box334sk38ch 
ham,Yeah I can still give you a ride,32,0,yeah i can still give you a ride
ham,"Jay wants to work out first, how's 4 sound?",43,0,"jay wants to work out first, how's 4 sound?"
ham,"Gud gud..k, chikku tke care.. sleep well gud nyt",48,0,"gud gud..k, chikku tke care.. sleep well gud nyt"
ham,Hmm thinking lor...,19,0,hmm thinking lor...
ham,Of course ! Don't tease me ... You know I simply must see ! *grins* ... Do keep me posted my prey ... *loving smile* *devouring kiss*,133,0,of course ! don't tease me ... you know i simply must see ! *grins* ... do keep me posted my prey ... *loving smile* *devouring kiss*
ham,thanks for the temales it was wonderful. Thank. Have a great week.,66,0,thanks for the temales it was wonderful. thank. have a great week.
ham,Thank you princess! I want to see your nice juicy booty...,58,0,thank you princess! i want to see your nice juicy booty...
ham,Haven't eaten all day. I'm sitting here staring at this juicy pizza and I can't eat it. These meds are ruining my life.,119,0,haven't eaten all day. i'm sitting here staring at this juicy pizza and i can't eat it. these meds are ruining my life.
ham,U come n search tat vid..not finishd..,38,0,u come n search tat vid..not finishd..
ham,"K I'm leaving soon, be there a little after 9",45,0,"k i'm leaving soon, be there a little after 9"
spam,Urgent! Please call 09061213237 from a landline. £5000 cash or a 4* holiday await collection. T &Cs SAE PO Box 177 M227XY. 16+,126,1,urgent! please call 09061213237 from a landline. £5000 cash or a 4* holiday await collection. t &cs sae po box 177 m227xy. 16+
ham,"Yeah work is fine, started last week, all the same stuff as before, dull but easy and guys are fun!",99,0,"yeah work is fine, started last week, all the same stuff as before, dull but easy and guys are fun!"
ham,You do your studies alone without anyones help. If you cant no need to study.,77,0,you do your studies alone without anyones help. if you cant no need to study.
ham,Please tell me not all of my car keys are in your purse,55,0,please tell me not all of my car keys are in your purse
ham,I didnt get anything da,23,0,i didnt get anything da
ham,Ok... Sweet dreams...,21,0,ok... sweet dreams...
ham,Well she's in for a big surprise!,33,0,well she's in for a big surprise!
ham,1 in cbe. 2 in chennai.,23,0,1 in cbe. 2 in chennai.
ham,Can help u swoop by picking u up from wherever ur other birds r meeting if u want.,82,0,can help u swoop by picking u up from wherever ur other birds r meeting if u want.
ham,If anyone calls for a treadmill say you'll buy it. Make sure its working. I found an ad on Craigslist selling for $ &lt;#&gt; .,127,0,if anyone calls for a treadmill say you'll buy it. make sure its working. i found an ad on craigslist selling for $ &lt;#&gt; .
ham,I absolutely LOVE South Park! I only recently started watching the office.,74,0,i absolutely love south park! i only recently started watching the office.
ham,Did you see that film:),23,0,did you see that film:)
ham,Pls speak with me. I wont ask anything other then you friendship.,65,0,pls speak with me. i wont ask anything other then you friendship.
ham,Gud ni8.swt drms.take care,26,0,gud ni8.swt drms.take care
ham,HI DARLIN ITS KATE ARE U UP FOR DOIN SOMETHIN TONIGHT? IM GOING TO A PUB CALLED THE SWAN OR SOMETHING WITH MY PARENTS FOR ONE DRINK SO PHONE ME IF U CAN,152,0,hi darlin its kate are u up for doin somethin tonight? im going to a pub called the swan or something with my parents for one drink so phone me if u can
ham,Anything lar then ü not going home 4 dinner?,44,0,anything lar then ü not going home 4 dinner?
ham,"ER, ENJOYIN INDIANS AT THE MO..yeP. SaLL gOoD HehE ;> hows bout u shexy? Pete Xx",80,0,"er, enjoyin indians at the mo..yep. sall good hehe ;> hows bout u shexy? pete xx"
spam,"If you don't, your prize will go to another customer. T&C at www.t-c.biz 18+ 150p/min Polo Ltd Suite 373 London W1J 6HL Please call back if busy ",145,1,"if you don't, your prize will go to another customer. t&c at www.t-c.biz 18+ 150p/min polo ltd suite 373 london w1j 6hl please call back if busy "
ham,Did u fix the teeth?if not do it asap.ok take care.,51,0,did u fix the teeth?if not do it asap.ok take care.
ham,So u wan 2 come for our dinner tonight a not?,45,0,so u wan 2 come for our dinner tonight a not?
ham,"Hello.How u doing?What u been up 2?When will u b moving out of the flat, cos I will need to arrange to pick up the lamp, etc. Take care. Hello caroline!",152,0,"hello.how u doing?what u been up 2?when will u b moving out of the flat, cos i will need to arrange to pick up the lamp, etc. take care. hello caroline!"
ham,Its too late:)but its k.wish you the same.,42,0,its too late:)but its k.wish you the same.
ham,"Hi. Hope ur day * good! Back from walk, table booked for half eight. Let me know when ur coming over.",101,0,"hi. hope ur day * good! back from walk, table booked for half eight. let me know when ur coming over."
ham,Oh yeah clearly it's my fault,29,0,oh yeah clearly it's my fault
ham,Dunno leh cant remember mayb lor. So wat time r we meeting tmr?,63,0,dunno leh cant remember mayb lor. so wat time r we meeting tmr?
ham,"Best msg: It's hard to be with a person, when u know that one more step foward will make u fall in love.. &amp; One step back can ruin ur friendship.. good night:-) ...",168,0,"best msg: it's hard to be with a person, when u know that one more step foward will make u fall in love.. &amp; one step back can ruin ur friendship.. good night:-) ..."
spam,URGENT! Your Mobile number has been awarded with a £2000 prize GUARANTEED. Call 09061790126 from land line. Claim 3030. Valid 12hrs only 150ppm,143,1,urgent! your mobile number has been awarded with a £2000 prize guaranteed. call 09061790126 from land line. claim 3030. valid 12hrs only 150ppm
ham,"Vikky, come around  &lt;TIME&gt; ..",35,0,"vikky, come around  &lt;time&gt; .."
ham,"And how you will do that, princess? :)",38,0,"and how you will do that, princess? :)"
ham,I have gone into get info bt dont know what to do,49,0,i have gone into get info bt dont know what to do
ham,"Yeah, probably here for a while",31,0,"yeah, probably here for a while"
ham,I'm still pretty weak today .. Bad day ?,40,0,i'm still pretty weak today .. bad day ?
ham,Hey ! Don't forget ... You are MINE ... For ME ... My possession ... MY property ... MMM ... *childish smile* ...,113,0,hey ! don't forget ... you are mine ... for me ... my possession ... my property ... mmm ... *childish smile* ...
ham,An excellent thought by a misundrstud frnd: I knw u hate me bt the day wen u'll knw the truth u'll hate urself:-( Gn:-),119,0,an excellent thought by a misundrstud frnd: i knw u hate me bt the day wen u'll knw the truth u'll hate urself:-( gn:-)
ham,Hey! Congrats 2u2. id luv 2 but ive had 2 go home!,50,0,hey! congrats 2u2. id luv 2 but ive had 2 go home!
ham,Dear where you. Call me,23,0,dear where you. call me
ham,Xy trying smth now. U eat already? We havent...,47,0,xy trying smth now. u eat already? we havent...
spam,Urgent! Please call 09061213237 from landline. £5000 cash or a luxury 4* Canary Islands Holiday await collection. T&Cs SAE PO Box 177. M227XY. 150ppm. 16+,154,1,urgent! please call 09061213237 from landline. £5000 cash or a luxury 4* canary islands holiday await collection. t&cs sae po box 177. m227xy. 150ppm. 16+
ham,I donno its in your genes or something,38,0,i donno its in your genes or something
spam,XMAS iscoming & ur awarded either £500 CD gift vouchers & free entry 2 r £100 weekly draw txt MUSIC to 87066 TnC www.Ldew.com1win150ppmx3age16subscription ,155,1,xmas iscoming & ur awarded either £500 cd gift vouchers & free entry 2 r £100 weekly draw txt music to 87066 tnc www.ldew.com1win150ppmx3age16subscription 
ham,Alex says he's not ok with you not being ok with it,51,0,alex says he's not ok with you not being ok with it
ham,Are u coming to the funeral home,32,0,are u coming to the funeral home
ham,My darling sister. How are you doing. When's school resuming. Is there a minimum wait period before you reapply? Do take care,125,0,my darling sister. how are you doing. when's school resuming. is there a minimum wait period before you reapply? do take care
ham,I.ll hand her my phone to chat wit u,36,0,i.ll hand her my phone to chat wit u
ham,Well good morning mr . Hows london treatin' ya treacle?,55,0,well good morning mr . hows london treatin' ya treacle?
ham,I can't make it tonight,23,0,i can't make it tonight
ham,About  &lt;#&gt; bucks. The banks fees are fixed. Better to call the bank and find out.,87,0,about  &lt;#&gt; bucks. the banks fees are fixed. better to call the bank and find out.
ham,"I can. But it will tell quite long, cos i haven't finish my film yet...",71,0,"i can. but it will tell quite long, cos i haven't finish my film yet..."
ham,Pls ask macho how much is budget for bb bold 2 is cos i saw a new one for  &lt;#&gt;  dollars.,94,0,pls ask macho how much is budget for bb bold 2 is cos i saw a new one for  &lt;#&gt;  dollars.
ham,Hi missed your Call and my mumHas beendropping red wine all over theplace! what is your adress?,95,0,hi missed your call and my mumhas beendropping red wine all over theplace! what is your adress?
ham,Ill be at yours in about 3 mins but look out for me,51,0,ill be at yours in about 3 mins but look out for me
ham,What you did in  leave.,23,0,what you did in  leave.
ham,I'm coming back on Thursday. Yay. Is it gonna be ok to get the money. Cheers. Oh yeah and how are you. Everything alright. Hows school. Or do you call it work now,162,0,i'm coming back on thursday. yay. is it gonna be ok to get the money. cheers. oh yeah and how are you. everything alright. hows school. or do you call it work now
ham,"Jolly good! By the way,  will give u tickets for sat eve 7.30. Speak before then x",82,0,"jolly good! by the way,  will give u tickets for sat eve 7.30. speak before then x"
ham,"yeah, that's what I was thinking",32,0,"yeah, that's what i was thinking"
ham,K.k:)i'm going to tirunelvali this week to see my uncle ..i already spend the amount by taking dress .so only i want money.i will give it on feb 1,146,0,k.k:)i'm going to tirunelvali this week to see my uncle ..i already spend the amount by taking dress .so only i want money.i will give it on feb 1
ham,Here got ur favorite oyster... N got my favorite sashimi... Ok lar i dun say already... Wait ur stomach start rumbling...,121,0,here got ur favorite oyster... n got my favorite sashimi... ok lar i dun say already... wait ur stomach start rumbling...
ham,My sister going to earn more than me da.,40,0,my sister going to earn more than me da.
ham,Jus finish watching tv... U?,28,0,jus finish watching tv... u?
ham,"K, fyi I'm back in my parents' place in south tampa so I might need to do the deal somewhere else",97,0,"k, fyi i'm back in my parents' place in south tampa so i might need to do the deal somewhere else"
ham,"Good morning, my Love ... I go to sleep now and wish you a great day full of feeling better and opportunity ... You are my last thought babe, I LOVE YOU *kiss*",159,0,"good morning, my love ... i go to sleep now and wish you a great day full of feeling better and opportunity ... you are my last thought babe, i love you *kiss*"
ham,Kothi print out marandratha.,28,0,kothi print out marandratha.
ham,But we havent got da topic yet rite?,36,0,but we havent got da topic yet rite?
ham,Ok no problem... Yup i'm going to sch at 4 if i rem correctly...,64,0,ok no problem... yup i'm going to sch at 4 if i rem correctly...
ham,"Thanks, I'll keep that in mind",30,0,"thanks, i'll keep that in mind"
ham,Aah bless! How's your arm?,26,0,aah bless! how's your arm?
ham,"Dear Sir,Salam Alaikkum.Pride and Pleasure meeting you today at the Tea Shop.We are pleased to send you our contact number at Qatar.Rakhesh an Indian.Pls save our Number.Respectful Regards.",189,0,"dear sir,salam alaikkum.pride and pleasure meeting you today at the tea shop.we are pleased to send you our contact number at qatar.rakhesh an indian.pls save our number.respectful regards."
ham,"Gal n boy walking in d park. gal-can i hold ur hand? boy-y? do u think i would run away? gal-no, jst wana c how it feels walking in heaven with an prince..GN:-)",160,0,"gal n boy walking in d park. gal-can i hold ur hand? boy-y? do u think i would run away? gal-no, jst wana c how it feels walking in heaven with an prince..gn:-)"
ham,What makes you most happy?,26,0,what makes you most happy?
ham,Wishing you a wonderful week.,29,0,wishing you a wonderful week.
ham,Sweet heart how are you?,24,0,sweet heart how are you?
ham,"Sir, waiting for your letter.",29,0,"sir, waiting for your letter."
ham,Dude im no longer a pisces. Im an aquarius now.,47,0,dude im no longer a pisces. im an aquarius now.
ham,X course it 2yrs. Just so her messages on messenger lik you r sending me,72,0,x course it 2yrs. just so her messages on messenger lik you r sending me
ham,I think steyn surely get one wicket:),37,0,i think steyn surely get one wicket:)
ham,"Neither [in sterm voice] - i'm studying. All fine with me! Not sure the  thing will be resolved, tho. Anyway. Have a fab hols",125,0,"neither [in sterm voice] - i'm studying. all fine with me! not sure the  thing will be resolved, tho. anyway. have a fab hols"
ham,"Garbage bags, eggs, jam, bread, hannaford wheat chex",52,0,"garbage bags, eggs, jam, bread, hannaford wheat chex"
ham,No. It's not pride. I'm almost  &lt;#&gt;  years old and shouldn't be takin money from my kid. You're not supposed to have to deal with this stuff. This is grownup stuff--why i don't tell you.,192,0,no. it's not pride. i'm almost  &lt;#&gt;  years old and shouldn't be takin money from my kid. you're not supposed to have to deal with this stuff. this is grownup stuff--why i don't tell you.
ham,Sounds better than my evening im just doing my costume. Im not sure what time i finish tomorrow but i will txt you at the end.,126,0,sounds better than my evening im just doing my costume. im not sure what time i finish tomorrow but i will txt you at the end.
ham,My birthday is on feb  &lt;#&gt;  da. .,39,0,my birthday is on feb  &lt;#&gt;  da. .
ham,So when do you wanna gym?,25,0,so when do you wanna gym?
ham,You'd like that wouldn't you? Jerk!,35,0,you'd like that wouldn't you? jerk!
ham,Are u awake? Is there snow there?,33,0,are u awake? is there snow there?
ham,And of course you should make a stink!,38,0,and of course you should make a stink!
spam,"u r subscribed 2 TEXTCOMP 250 wkly comp. 1st wk?s free question follows, subsequent wks charged@150p/msg.2 unsubscribe txt STOP 2 84128,custcare 08712405020",156,1,"u r subscribed 2 textcomp 250 wkly comp. 1st wk?s free question follows, subsequent wks charged@150p/msg.2 unsubscribe txt stop 2 84128,custcare 08712405020"
ham,No go. No openings for that room 'til after thanksgiving without an upcharge.,77,0,no go. no openings for that room 'til after thanksgiving without an upcharge.
ham,When you guys planning on coming over?,38,0,when you guys planning on coming over?
ham,Wat ü doing now?,16,0,wat ü doing now?
ham,No sir. That's why i had an 8-hr trip on the bus last week. Have another audition next wednesday but i think i might drive this time.,133,0,no sir. that's why i had an 8-hr trip on the bus last week. have another audition next wednesday but i think i might drive this time.
ham,Do I? I thought I put it back in the box,40,0,do i? i thought i put it back in the box
ham,I'm home...,11,0,i'm home...
ham,No one interested. May be some business plan.,45,0,no one interested. may be some business plan.
ham,Yup it's at paragon... I havent decided whether 2 cut yet... Hee...,67,0,yup it's at paragon... i havent decided whether 2 cut yet... hee...
ham,Good morning princess! Have a great day!,40,0,good morning princess! have a great day!
ham,Guai... Ü shd haf seen him when he's naughty... Ü so free today? Can go jogging...,82,0,guai... ü shd haf seen him when he's naughty... ü so free today? can go jogging...
ham,Aiyo cos i sms ü then ü neva reply so i wait 4 ü to reply lar. I tot ü havent finish ur lab wat.,96,0,aiyo cos i sms ü then ü neva reply so i wait 4 ü to reply lar. i tot ü havent finish ur lab wat.
ham,"Living is very simple.. Loving is also simple.. Laughing is too simple.. Winning is tooo simple.. But, Being 'SIMPLE' is very difficult...;-) :-)",145,0,"living is very simple.. loving is also simple.. laughing is too simple.. winning is tooo simple.. but, being 'simple' is very difficult...;-) :-)"
ham,Tell me something. Thats okay.,30,0,tell me something. thats okay.
ham,Hmm. Shall i bring a bottle of wine to keep us amused? Just joking! I'll still bring a bottle. Red or white? See you tomorrow,125,0,hmm. shall i bring a bottle of wine to keep us amused? just joking! i'll still bring a bottle. red or white? see you tomorrow
ham,This is ur face test ( 1 2 3 4 5 6 7 8 9  &lt;#&gt;  ) select any number i will tell ur face astrology.... am waiting. quick reply...,133,0,this is ur face test ( 1 2 3 4 5 6 7 8 9  &lt;#&gt;  ) select any number i will tell ur face astrology.... am waiting. quick reply...
ham,"Hey, iouri gave me your number, I'm wylie, ryan's friend",56,0,"hey, iouri gave me your number, i'm wylie, ryan's friend"
ham,Yep get with the program. You're slacking.,42,0,yep get with the program. you're slacking.
ham,I'm in inside office..still filling forms.don know when they leave me.,70,0,i'm in inside office..still filling forms.don know when they leave me.
ham,"I think your mentor is , but not 100 percent sure.",50,0,"i think your mentor is , but not 100 percent sure."
spam,Call 09095350301 and send our girls into erotic ecstacy. Just 60p/min. To stop texts call 08712460324 (nat rate),112,1,call 09095350301 and send our girls into erotic ecstacy. just 60p/min. to stop texts call 08712460324 (nat rate)
spam,A £400 XMAS REWARD IS WAITING FOR YOU! Our computer has randomly picked you from our loyal mobile customers to receive a £400 reward. Just call 09066380611,155,1,a £400 xmas reward is waiting for you! our computer has randomly picked you from our loyal mobile customers to receive a £400 reward. just call 09066380611
ham,Just trying to figure out when I'm suppose to see a couple different people this week. We said we'd get together but I didn't set dates,135,0,just trying to figure out when i'm suppose to see a couple different people this week. we said we'd get together but i didn't set dates
spam,IMPORTANT MESSAGE. This is a final contact attempt. You have important messages waiting out our customer claims dept. Expires 13/4/04. Call 08717507382 NOW!,156,1,important message. this is a final contact attempt. you have important messages waiting out our customer claims dept. expires 13/4/04. call 08717507382 now!
ham,Hi mom we might be back later than  &lt;#&gt; ,46,0,hi mom we might be back later than  &lt;#&gt; 
spam,dating:i have had two of these. Only started after i sent a text to talk sport radio last week. Any connection do you think or coincidence?,139,1,dating:i have had two of these. only started after i sent a text to talk sport radio last week. any connection do you think or coincidence?
ham,"Lol, oh you got a friend for the dog ?",38,0,"lol, oh you got a friend for the dog ?"
ham,"Ok., is any problem to u frm him? Wats matter?",46,0,"ok., is any problem to u frm him? wats matter?"
ham,"K I'll head out in a few mins, see you there",44,0,"k i'll head out in a few mins, see you there"
ham,I don't want you to leave. But i'm barely doing what i can to stay sane. fighting with you constantly isn't helping.,116,0,i don't want you to leave. but i'm barely doing what i can to stay sane. fighting with you constantly isn't helping.
spam,The current leading bid is 151. To pause this auction send OUT. Customer Care: 08718726270,90,1,the current leading bid is 151. to pause this auction send out. customer care: 08718726270
spam,"Free entry to the gr8prizes wkly comp 4 a chance to win the latest Nokia 8800, PSP or £250 cash every wk.TXT GREAT to 80878 http//www.gr8prizes.com 08715705022",159,1,"free entry to the gr8prizes wkly comp 4 a chance to win the latest nokia 8800, psp or £250 cash every wk.txt great to 80878 http//www.gr8prizes.com 08715705022"
ham,Somebody set up a website where you can play hold em using eve online spacebucks,80,0,somebody set up a website where you can play hold em using eve online spacebucks
ham,Its sunny in california. The weather's just cool,48,0,its sunny in california. the weather's just cool
spam,You have 1 new message. Call 0207-083-6089,42,1,you have 1 new message. call 0207-083-6089
ham,"I can make it up there, squeezed  &lt;#&gt;  bucks out of my dad",64,0,"i can make it up there, squeezed  &lt;#&gt;  bucks out of my dad"
ham,Good day to You too.Pray for me.Remove the teeth as its painful maintaining other stuff.,88,0,good day to you too.pray for me.remove the teeth as its painful maintaining other stuff.
ham,How are you babes. Hope your doing ok. I had a shit nights sleep. I fell asleep at 5.Im knackered and im dreading work tonight. What are thou upto tonight. X,159,0,how are you babes. hope your doing ok. i had a shit nights sleep. i fell asleep at 5.im knackered and im dreading work tonight. what are thou upto tonight. x
ham,How do friends help us in problems? They give the most stupid suggestion that Lands us into another problem and helps us forgt the previous problem,147,0,how do friends help us in problems? they give the most stupid suggestion that lands us into another problem and helps us forgt the previous problem
ham,I will be gentle baby! Soon you will be taking all  &lt;#&gt;  inches deep inside your tight pussy...,101,0,i will be gentle baby! soon you will be taking all  &lt;#&gt;  inches deep inside your tight pussy...
ham,NOT MUCH NO FIGHTS. IT WAS A GOOD NITE!!,40,0,not much no fights. it was a good nite!!
ham,Nt joking seriously i told,26,0,nt joking seriously i told
ham,Watching ajith film ah?,23,0,watching ajith film ah?
ham,Ooooooh I forgot to tell u I can get on yoville on my phone,59,0,ooooooh i forgot to tell u i can get on yoville on my phone
ham,"All done, all handed in. Don't know if mega shop in asda counts as celebration but thats what i'm doing!",104,0,"all done, all handed in. don't know if mega shop in asda counts as celebration but thats what i'm doing!"
ham,I dont know exactly could you ask chechi.,41,0,i dont know exactly could you ask chechi.
ham,Dunno lei shd b driving lor cos i go sch 1 hr oni.,50,0,dunno lei shd b driving lor cos i go sch 1 hr oni.
ham,As in i want custom officer discount oh.,40,0,as in i want custom officer discount oh.
ham,That's necessarily respectful,29,0,that's necessarily respectful
ham,Hi. Hope you had a good day. Have a better night.,49,0,hi. hope you had a good day. have a better night.
ham,And he's apparently bffs with carly quick now,45,0,and he's apparently bffs with carly quick now
ham,HARD BUT TRUE: How much you show &amp;  express your love to someone....that much it will hurt when they leave you or you get seperated...!鈥┾??〨ud evening...,157,0,hard but true: how much you show &amp;  express your love to someone....that much it will hurt when they leave you or you get seperated...!鈥┾??〨ud evening...
ham,Babes I think I got ur brolly I left it in English wil bring it in 2mrw 4 u luv Franxx,86,0,babes i think i got ur brolly i left it in english wil bring it in 2mrw 4 u luv franxx
ham,Hi babe its me thanks for coming even though it didnt go that well!i just wanted my bed! Hope to see you soon love and kisses xxx,129,0,hi babe its me thanks for coming even though it didnt go that well!i just wanted my bed! hope to see you soon love and kisses xxx
ham,So gd got free ice cream... I oso wan...,40,0,so gd got free ice cream... i oso wan...
ham,Pls give her prometazine syrup. 5mls then  &lt;#&gt; mins later feed.,69,0,pls give her prometazine syrup. 5mls then  &lt;#&gt; mins later feed.
ham,So how many days since then?,28,0,so how many days since then?
ham,Dear are you angry i was busy dear,34,0,dear are you angry i was busy dear
ham,Yup he msg me: is tat yijue? Then i tot it's my group mate cos we meeting today mah... I'm askin if ü leaving earlier or wat mah cos mayb ü haf to walk v far...,160,0,yup he msg me: is tat yijue? then i tot it's my group mate cos we meeting today mah... i'm askin if ü leaving earlier or wat mah cos mayb ü haf to walk v far...
ham,... Are you in the pub?,23,0,... are you in the pub?
ham,There is a first time for everything :),39,0,there is a first time for everything :)
ham,"Daddy, shu shu is looking 4 u... U wan me 2 tell him u're not in singapore or wat?",82,0,"daddy, shu shu is looking 4 u... u wan me 2 tell him u're not in singapore or wat?"
ham,I ask if u meeting da ge tmr nite...,36,0,i ask if u meeting da ge tmr nite...
ham,Gr8. So how do you handle the victoria island traffic. Plus when's the album due,80,0,gr8. so how do you handle the victoria island traffic. plus when's the album due
ham,Nite nite pocay wocay luv u more than n e thing 4eva I promise ring u 2morrowxxxx,81,0,nite nite pocay wocay luv u more than n e thing 4eva i promise ring u 2morrowxxxx
ham,East coast,10,0,east coast
ham,You should get more chicken broth if you want ramen unless there's some I don't know about,90,0,you should get more chicken broth if you want ramen unless there's some i don't know about
ham,My slave! I want you to take 2 or 3 pictures of yourself today in bright light on your cell phone! Bright light!,112,0,my slave! i want you to take 2 or 3 pictures of yourself today in bright light on your cell phone! bright light!
ham,Nope. I just forgot. Will show next week,40,0,nope. i just forgot. will show next week
ham,So how are you really. What are you up to. How's the masters. And so on.,72,0,so how are you really. what are you up to. how's the masters. and so on.
ham,I'm at bruce &amp; fowler now but I'm in my mom's car so I can't park (long story),82,0,i'm at bruce &amp; fowler now but i'm in my mom's car so i can't park (long story)
ham,I dont know oh. Hopefully this month.,37,0,i dont know oh. hopefully this month.
ham,"Hi elaine, is today's meeting confirmed?",40,0,"hi elaine, is today's meeting confirmed?"
ham,Ok k..sry i knw 2 siva..tats y i askd..,39,0,ok k..sry i knw 2 siva..tats y i askd..
ham,U horrible gal... U knew dat i was going out wif him yest n u still come n ask me...,84,0,u horrible gal... u knew dat i was going out wif him yest n u still come n ask me...
ham,Oh yeah! And my diet just flew out the window,45,0,oh yeah! and my diet just flew out the window
spam,Santa Calling! Would your little ones like a call from Santa Xmas eve? Call 09058094583 to book your time.,106,1,santa calling! would your little ones like a call from santa xmas eve? call 09058094583 to book your time.
ham,You didnt complete your gist oh.,32,0,you didnt complete your gist oh.
ham,"Er yeah, i will b there at 15:26, sorry! Just tell me which pub/cafe to sit in and come wen u can",97,0,"er yeah, i will b there at 15:26, sorry! just tell me which pub/cafe to sit in and come wen u can"
ham,"If you can make it any time tonight or whenever you can it's cool, just text me whenever you're around",102,0,"if you can make it any time tonight or whenever you can it's cool, just text me whenever you're around"
ham,If I was I wasn't paying attention,34,0,if i was i wasn't paying attention
ham,Thanx a lot 4 ur help!,22,0,thanx a lot 4 ur help!
ham,You're gonna have to be way more specific than that,51,0,you're gonna have to be way more specific than that
ham,Jesus armand really is trying to tell everybody he can find,59,0,jesus armand really is trying to tell everybody he can find
ham,I'm wif him now buying tix lar...,33,0,i'm wif him now buying tix lar...
ham,Mode men or have you left.,26,0,mode men or have you left.
ham,Am slow in using biola's fne,28,0,am slow in using biola's fne
ham,What are youdoing later? Sar xxx,32,0,what are youdoing later? sar xxx
ham,Hey i've booked the 2 lessons on sun liao...,44,0,hey i've booked the 2 lessons on sun liao...
ham,Thank you. do you generally date the brothas?,45,0,thank you. do you generally date the brothas?
ham,"By the way, make sure u get train to worc foregate street not shrub hill. Have fun night x",90,0,"by the way, make sure u get train to worc foregate street not shrub hill. have fun night x"
ham,"I thought i'd get him a watch, just cos thats the kind of thing u get4an18th. And he loves so much!",99,0,"i thought i'd get him a watch, just cos thats the kind of thing u get4an18th. and he loves so much!"
spam,You have won a guaranteed 32000 award or maybe even £1000 cash to claim ur award call free on 0800 ..... (18+). Its a legitimat efreefone number wat do u think???,162,1,you have won a guaranteed 32000 award or maybe even £1000 cash to claim ur award call free on 0800 ..... (18+). its a legitimat efreefone number wat do u think???
ham,Good morning. At the repair shop--the ONLY reason i'm up at this hour.,70,0,good morning. at the repair shop--the only reason i'm up at this hour.
ham,"And that's fine, I got enough bud to last most of the night at least",68,0,"and that's fine, i got enough bud to last most of the night at least"
ham,I am back. Good journey! Let me know if you need any of the receipts. Shall i tell you like the pendent?,104,0,i am back. good journey! let me know if you need any of the receipts. shall i tell you like the pendent?
ham,So that takes away some money worries,37,0,so that takes away some money worries
ham,"aight we can pick some up, you open before tonight?",51,0,"aight we can pick some up, you open before tonight?"
spam,"Latest News! Police station toilet stolen, cops have nothing to go on!",70,1,"latest news! police station toilet stolen, cops have nothing to go on!"
ham,Sac needs to carry on:),23,0,sac needs to carry on:)
ham,Just sing HU. I think its also important to find someone female that know the place well preferably a citizen that is also smart to help you navigate through. Even things like choosing a phone plan require guidance. When in doubt ask especially girls.,251,0,just sing hu. i think its also important to find someone female that know the place well preferably a citizen that is also smart to help you navigate through. even things like choosing a phone plan require guidance. when in doubt ask especially girls.
ham,What???? Hello wats talks email address?,40,0,what???? hello wats talks email address?
ham,Except theres a chick with huge boobs.,38,0,except theres a chick with huge boobs.
ham,Im just wondering what your doing right now?,44,0,im just wondering what your doing right now?
ham,Wishing you a beautiful day. Each moment revealing even more things to keep you smiling. Do enjoy it.,101,0,wishing you a beautiful day. each moment revealing even more things to keep you smiling. do enjoy it.
spam,For the most sparkling shopping breaks from 45 per person; call 0121 2025050 or visit www.shortbreaks.org.uk,108,1,for the most sparkling shopping breaks from 45 per person; call 0121 2025050 or visit www.shortbreaks.org.uk
ham,If you hear a loud scream in about &lt;#&gt; minutes its cause my Gyno will be shoving things up me that don't belong :/,120,0,if you hear a loud scream in about &lt;#&gt; minutes its cause my gyno will be shoving things up me that don't belong :/
ham,Ok i thk i got it. Then u wan me 2 come now or wat?,51,0,ok i thk i got it. then u wan me 2 come now or wat?
spam,Txt: CALL to No: 86888 & claim your reward of 3 hours talk time to use from your phone now! Subscribe6GBP/mnth inc 3hrs 16 stop?txtStop www.gamb.tv,147,1,txt: call to no: 86888 & claim your reward of 3 hours talk time to use from your phone now! subscribe6gbp/mnth inc 3hrs 16 stop?txtstop www.gamb.tv
ham,U GOIN OUT 2NITE?,17,0,u goin out 2nite?
ham,I will treasure every moment we spend together...,49,0,i will treasure every moment we spend together...
ham,Shall I bring us a bottle of wine to keep us amused? Only joking! I‘ll bring one anyway,87,0,shall i bring us a bottle of wine to keep us amused? only joking! i‘ll bring one anyway
spam,http//tms. widelive.com/index. wml?id=820554ad0a1705572711&first=true¡C C Ringtone¡,83,1,http//tms. widelive.com/index. wml?id=820554ad0a1705572711&first=true¡c c ringtone¡
spam,"URGENT! Last weekend's draw shows that you have won £1000 cash or a Spanish holiday! CALL NOW 09050000332 to claim. T&C: RSTM, SW7 3SS. 150ppm",142,1,"urgent! last weekend's draw shows that you have won £1000 cash or a spanish holiday! call now 09050000332 to claim. t&c: rstm, sw7 3ss. 150ppm"
ham,I thought slide is enough.,26,0,i thought slide is enough.
ham,Well obviously not because all the people in my cool college life went home ;_;,79,0,well obviously not because all the people in my cool college life went home ;_;
ham,Ok lor ü reaching then message me.,34,0,ok lor ü reaching then message me.
ham,Where's mummy's boy ? Is he being good or bad ? Is he being positive or negative ? Why is mummy being made to wait? Hmmmm?,122,0,where's mummy's boy ? is he being good or bad ? is he being positive or negative ? why is mummy being made to wait? hmmmm?
ham,Dhoni have luck to win some big title.so we will win:),54,0,dhoni have luck to win some big title.so we will win:)
ham,Yes princess! I want to please you every night. Your wish is my command...,74,0,yes princess! i want to please you every night. your wish is my command...
ham,No probably  &lt;#&gt; %.,25,0,no probably  &lt;#&gt; %.
ham,Really do hope the work doesnt get stressful. Have a gr8 day.,61,0,really do hope the work doesnt get stressful. have a gr8 day.
ham,Have you seen who's back at Holby?!,35,0,have you seen who's back at holby?!
ham,Shall call now dear having food,31,0,shall call now dear having food
spam,URGENT We are trying to contact you Last weekends draw shows u have won a £1000 prize GUARANTEED Call 09064017295 Claim code K52 Valid 12hrs 150p pm,148,1,urgent we are trying to contact you last weekends draw shows u have won a £1000 prize guaranteed call 09064017295 claim code k52 valid 12hrs 150p pm
ham,So li hai... Me bored now da lecturer repeating last weeks stuff waste time... ,79,0,so li hai... me bored now da lecturer repeating last weeks stuff waste time... 
ham,", ,  and  picking them up from various points | going 2 yeovil | and they will do the motor project 4 3 hours | and then u take them home. || 12 2 5.30 max. || Very easy",169,0,", ,  and  picking them up from various points | going 2 yeovil | and they will do the motor project 4 3 hours | and then u take them home. || 12 2 5.30 max. || very easy"
ham,Also fuck you and your family for going to rhode island or wherever the fuck and leaving me all alone the week I have a new bong &gt;:(,135,0,also fuck you and your family for going to rhode island or wherever the fuck and leaving me all alone the week i have a new bong &gt;:(
ham,Ofcourse I also upload some songs,33,0,ofcourse i also upload some songs
spam,2p per min to call Germany 08448350055 from your BT line. Just 2p per min. Check PlanetTalkInstant.com for info & T's & C's. Text stop to opt out,145,1,2p per min to call germany 08448350055 from your bt line. just 2p per min. check planettalkinstant.com for info & t's & c's. text stop to opt out
ham,Oh thanks a lot..i already bought 2 eggs ..,43,0,oh thanks a lot..i already bought 2 eggs ..
ham,U studying in sch or going home? Anyway i'll b going 2 sch later.,65,0,u studying in sch or going home? anyway i'll b going 2 sch later.
spam,Marvel Mobile Play the official Ultimate Spider-man game (£4.50) on ur mobile right now. Text SPIDER to 83338 for the game & we ll send u a FREE 8Ball wallpaper,160,1,marvel mobile play the official ultimate spider-man game (£4.50) on ur mobile right now. text spider to 83338 for the game & we ll send u a free 8ball wallpaper
ham,I think if he rule tamilnadu..then its very tough for our people.,65,0,i think if he rule tamilnadu..then its very tough for our people.
ham,"Cool, we shall go and see, have to go to tip anyway. Are you at home, got something to drop in later? So lets go to town tonight! Maybe mum can take us in.",155,0,"cool, we shall go and see, have to go to tip anyway. are you at home, got something to drop in later? so lets go to town tonight! maybe mum can take us in."
ham,"Good afternoon, my love ... How goes your day ? How did you sleep ? I hope your well, my boytoy ... I think of you ...",118,0,"good afternoon, my love ... how goes your day ? how did you sleep ? i hope your well, my boytoy ... i think of you ..."
ham,Yes... I trust u to buy new stuff ASAP so I can try it out,58,0,yes... i trust u to buy new stuff asap so i can try it out
ham,Why did I wake up on my own &gt;:(,34,0,why did i wake up on my own &gt;:(
ham,Now get step 2 outta the way. Congrats again.,45,0,now get step 2 outta the way. congrats again.
ham,Love has one law; Make happy the person you love. In the same way friendship has one law; Never make ur friend feel alone until you are alive.... Gud night,155,0,love has one law; make happy the person you love. in the same way friendship has one law; never make ur friend feel alone until you are alive.... gud night
spam,PRIVATE! Your 2003 Account Statement for 07808247860 shows 800 un-redeemed S. I. M. points. Call 08719899229 Identifier Code: 40411 Expires 06/11/04,148,1,private! your 2003 account statement for 07808247860 shows 800 un-redeemed s. i. m. points. call 08719899229 identifier code: 40411 expires 06/11/04
ham,Apo all other are mokka players only,36,0,apo all other are mokka players only
ham,"Perhaps * is much easy give your account identification, so i will tomorrow at UNI",82,0,"perhaps * is much easy give your account identification, so i will tomorrow at uni"
ham,Wait . I will msg after  &lt;#&gt;  min.,40,0,wait . i will msg after  &lt;#&gt;  min.
ham,What i told before i tell. Stupid hear after i wont tell anything to you. You dad called to my brother and spoken. Not with me.,127,0,what i told before i tell. stupid hear after i wont tell anything to you. you dad called to my brother and spoken. not with me.
ham,God's love has no limit. God's grace has no measure. God's power has no boundaries. May u have God's endless blessings always in ur life...!! Gud ni8,149,0,god's love has no limit. god's grace has no measure. god's power has no boundaries. may u have god's endless blessings always in ur life...!! gud ni8
ham,I want to be inside you every night...,38,0,i want to be inside you every night...
ham,"Machan you go to gym tomorrow,  i wil come late goodnight.",58,0,"machan you go to gym tomorrow,  i wil come late goodnight."
ham,Lol they were mad at first but then they woke up and gave in.,61,0,lol they were mad at first but then they woke up and gave in.
ham,"It‘s reassuring, in this crazy world.",37,0,"it‘s reassuring, in this crazy world."
ham,"Just making dinner, you ?",25,0,"just making dinner, you ?"
ham,Yes. Please leave at  &lt;#&gt; . So that at  &lt;#&gt;  we can leave,69,0,yes. please leave at  &lt;#&gt; . so that at  &lt;#&gt;  we can leave
ham,Oh... Okie lor...We go on sat... ,33,0,oh... okie lor...we go on sat... 
ham,You are a great role model. You are giving so much and i really wish each day for a miracle but God as a reason for everything and i must say i wish i knew why but i dont. I've looked up to you since i was young and i still do. Have a great day.,245,0,you are a great role model. you are giving so much and i really wish each day for a miracle but god as a reason for everything and i must say i wish i knew why but i dont. i've looked up to you since i was young and i still do. have a great day.
ham,"Ya, i'm referin to mei's ex wat... No ah, waitin 4 u to treat, somebody shld b rich liao...So gd, den u dun have to work frm tmr onwards...",139,0,"ya, i'm referin to mei's ex wat... no ah, waitin 4 u to treat, somebody shld b rich liao...so gd, den u dun have to work frm tmr onwards..."
ham,Miles and smiles r made frm same letters but do u know d difference..? smile on ur face keeps me happy even though I am miles away from u.. :-)keep smiling.. Good nyt,166,0,miles and smiles r made frm same letters but do u know d difference..? smile on ur face keeps me happy even though i am miles away from u.. :-)keep smiling.. good nyt
ham,"By the way, i've put a skip right outside the front of the house so you can see which house it is. Just pull up before it.",122,0,"by the way, i've put a skip right outside the front of the house so you can see which house it is. just pull up before it."
ham,Can you pls send me that company name. In saibaba colany,56,0,can you pls send me that company name. in saibaba colany
ham,No. I dont want to hear anything,32,0,no. i dont want to hear anything
ham,You are a big chic. Common. Declare,35,0,you are a big chic. common. declare
ham,Thats cool. I want to please you...,35,0,thats cool. i want to please you...
ham,Going to join tomorrow.,23,0,going to join tomorrow.
ham,I want to tell you how bad I feel that basically the only times I text you lately are when I need drugs,103,0,i want to tell you how bad i feel that basically the only times i text you lately are when i need drugs
spam,PRIVATE! Your 2003 Account Statement for shows 800 un-redeemed S.I.M. points. Call 08718738001 Identifier Code: 49557 Expires 26/11/04,134,1,private! your 2003 account statement for shows 800 un-redeemed s.i.m. points. call 08718738001 identifier code: 49557 expires 26/11/04
ham,"Total disappointment, when I texted you was the craziest shit got :(",68,0,"total disappointment, when i texted you was the craziest shit got :("
ham,Its just the effect of irritation. Just ignore it,49,0,its just the effect of irritation. just ignore it
ham,What about this one then.,25,0,what about this one then.
ham,I think that tantrum's finished so yeah I'll be by at some point,64,0,i think that tantrum's finished so yeah i'll be by at some point
ham,Compliments to you. Was away from the system. How your side.,60,0,compliments to you. was away from the system. how your side.
ham,happened here while you were adventuring,40,0,happened here while you were adventuring
ham,"Hey chief, can you give me a bell when you get this. Need to talk to you about this royal visit on the 1st june. ",113,0,"hey chief, can you give me a bell when you get this. need to talk to you about this royal visit on the 1st june. "
ham,Ok which your another number,28,0,ok which your another number
ham,Aiyah ok wat as long as got improve can already wat...,54,0,aiyah ok wat as long as got improve can already wat...
spam,Want explicit SEX in 30 secs? Ring 02073162414 now! Costs 20p/min Gsex POBOX 2667 WC1N 3XX,90,1,want explicit sex in 30 secs? ring 02073162414 now! costs 20p/min gsex pobox 2667 wc1n 3xx
ham,I can't believe how attached I am to seeing you every day. I know you will do the best you can to get to me babe. I will go to teach my class at your midnight,158,0,i can't believe how attached i am to seeing you every day. i know you will do the best you can to get to me babe. i will go to teach my class at your midnight
spam,ASKED 3MOBILE IF 0870 CHATLINES INCLU IN FREE MINS. INDIA CUST SERVs SED YES. L8ER GOT MEGA BILL. 3 DONT GIV A SHIT. BAILIFF DUE IN DAYS. I O £250 3 WANT £800,158,1,asked 3mobile if 0870 chatlines inclu in free mins. india cust servs sed yes. l8er got mega bill. 3 dont giv a shit. bailiff due in days. i o £250 3 want £800
ham,Yeah it's jus rite...,21,0,yeah it's jus rite...
ham,Armand says get your ass over to epsilon,40,0,armand says get your ass over to epsilon
ham,U still havent got urself a jacket ah?,38,0,u still havent got urself a jacket ah?
ham,"I'm taking derek &amp; taylor to walmart, if I'm not back by the time you're done just leave the mouse on my desk and I'll text you when priscilla's ready",154,0,"i'm taking derek &amp; taylor to walmart, if i'm not back by the time you're done just leave the mouse on my desk and i'll text you when priscilla's ready"
ham,Hi its in durban are you still on this number,45,0,hi its in durban are you still on this number
ham,Ic. There are a lotta childporn cars then.,42,0,ic. there are a lotta childporn cars then.
spam,"Had your contract mobile 11 Mnths? Latest Motorola, Nokia etc. all FREE! Double Mins & Text on Orange tariffs. TEXT YES for callback, no to remove from records.",160,1,"had your contract mobile 11 mnths? latest motorola, nokia etc. all free! double mins & text on orange tariffs. text yes for callback, no to remove from records."
ham,"No, I was trying it all weekend ;V",34,0,"no, i was trying it all weekend ;v"
ham,"You know, wot people wear. T shirts, jumpers, hat, belt, is all we know. We r at Cribbs",87,0,"you know, wot people wear. t shirts, jumpers, hat, belt, is all we know. we r at cribbs"
ham,"Cool, what time you think you can get here?",43,0,"cool, what time you think you can get here?"
ham,Wen did you get so spiritual and deep. That's great,51,0,wen did you get so spiritual and deep. that's great
ham,Have a safe trip to Nigeria. Wish you happiness and very soon company to share moments with,91,0,have a safe trip to nigeria. wish you happiness and very soon company to share moments with
ham,Well keep in mind I've only got enough gas for one more round trip barring a sudden influx of cash,98,0,well keep in mind i've only got enough gas for one more round trip barring a sudden influx of cash
ham,Yeh. Indians was nice. Tho it did kane me off a bit he he. We shud go out 4 a drink sometime soon. Mite hav 2 go 2 da works 4 a laugh soon. Love Pete x x,153,0,yeh. indians was nice. tho it did kane me off a bit he he. we shud go out 4 a drink sometime soon. mite hav 2 go 2 da works 4 a laugh soon. love pete x x
ham,Yes i have. So that's why u texted. Pshew...missing you so much,63,0,yes i have. so that's why u texted. pshew...missing you so much
ham,No. I meant the calculation is the same. That  &lt;#&gt; units at  &lt;#&gt; . This school is really expensive. Have you started practicing your accent. Because its important. And have you decided if you are doing 4years of dental school or if you'll just do the nmde exam.,273,0,no. i meant the calculation is the same. that  &lt;#&gt; units at  &lt;#&gt; . this school is really expensive. have you started practicing your accent. because its important. and have you decided if you are doing 4years of dental school or if you'll just do the nmde exam.
ham,if you aren't here in the next  &lt;#&gt;  hours imma flip my shit,66,0,if you aren't here in the next  &lt;#&gt;  hours imma flip my shit
ham,Anything lor. Juz both of us lor.,33,0,anything lor. juz both of us lor.
ham,Get me out of this dump heap. My mom decided to come to lowes. BORING.,70,0,get me out of this dump heap. my mom decided to come to lowes. boring.
ham,Ok lor... Sony ericsson salesman... I ask shuhui then she say quite gd 2 use so i considering...,96,0,ok lor... sony ericsson salesman... i ask shuhui then she say quite gd 2 use so i considering...
ham,Ard 6 like dat lor.,19,0,ard 6 like dat lor.
ham,Why don't you wait 'til at least wednesday to see if you get your .,67,0,why don't you wait 'til at least wednesday to see if you get your .
ham,Huh y lei...,12,0,huh y lei...
spam,"REMINDER FROM O2: To get 2.50 pounds free call credit and details of great offers pls reply 2 this text with your valid name, house no and postcode",147,1,"reminder from o2: to get 2.50 pounds free call credit and details of great offers pls reply 2 this text with your valid name, house no and postcode"
spam,"This is the 2nd time we have tried 2 contact u. U have won the £750 Pound prize. 2 claim is easy, call 087187272008 NOW1! Only 10p per minute. BT-national-rate.",160,1,"this is the 2nd time we have tried 2 contact u. u have won the £750 pound prize. 2 claim is easy, call 087187272008 now1! only 10p per minute. bt-national-rate."
ham,Will ü b going to esplanade fr home?,36,0,will ü b going to esplanade fr home?
ham,"Pity, * was in mood for that. So...any other suggestions?",57,0,"pity, * was in mood for that. so...any other suggestions?"
ham,The guy did some bitching but I acted like i'd be interested in buying something else next week and he gave it to us for free,125,0,the guy did some bitching but i acted like i'd be interested in buying something else next week and he gave it to us for free
ham,Rofl. Its true to its name,26,0,rofl. its true to its name
